Question_ID,User_ID,User_Reputation,User_Type,Gold_Badges,Silver_Badges,Bronze_Badges,Has_Custom_Avatar,Accept_Rate,Tags,Tag_Count,Creation_Date_Readable,Has_Image,Word_Count,Code_Block_Count,Link_Count,Title_Word_Count,LaTeX_Comment_Count,Is_Question_Format,Subjective_Score,Objective_Comment_Count,Objective_Time_To_First_Answer_Mins,Answer_Count,View_Count,Link
246,60,21228,registered,0,0,0,False,75.0,"include, input",2,2010-07-27 03:55:34,False,43,0,0,7,0,True,1566,2,647474.02,7,1015942,https://tex.stackexchange.com/questions/246/when-should-i-use-input-vs-include
823,35,23407,registered,0,0,0,True,82.0,"hyperref, color, boxes, links",4,2010-08-02 19:40:11,False,32,0,1,8,0,False,1176,1,314.92,8,650172,https://tex.stackexchange.com/questions/823/remove-ugly-borders-around-clickable-cross-references-and-hyperlinks
9363,1744,15055,registered,0,0,0,False,72.0,symbols,1,2008-11-02 05:06:40,False,80,0,0,12,0,True,1086,3,249.1,10,2876056,https://tex.stackexchange.com/questions/9363/how-does-one-insert-a-backslash-or-a-tilde-into-latex
1319,564,8541,registered,0,0,0,False,96.0,"typography, big-list, examples",3,2010-08-08 03:51:47,False,109,0,1,9,0,False,1029,0,956507.07,101,420866,https://tex.stackexchange.com/questions/1319/showcase-of-beautiful-typography-done-in-tex-friends
8351,83,92989,registered,0,0,0,False,90.0,"macros, catcodes",2,2011-01-05 22:29:52,False,16,0,0,6,0,True,1014,3,,1,284071,https://tex.stackexchange.com/questions/8351/what-do-makeatletter-and-makeatother-do
2441,375,14229,registered,0,0,0,False,85.0,"tables, line-breaking",2,2010-08-28 03:10:34,False,87,1,1,11,0,False,962,0,1949364.62,24,1380396,https://tex.stackexchange.com/questions/2441/how-to-add-a-forced-line-break-inside-a-table-cell
74353,19100,13229,registered,0,0,0,False,100.0,spacing,1,2012-09-25 01:18:41,False,38,0,0,7,0,True,956,1,,1,1735408,https://tex.stackexchange.com/questions/74353/what-commands-are-there-for-horizontal-spacing
339,183,6789,registered,0,0,0,False,,"editors, big-list, ide, resources",4,2010-07-27 13:50:20,False,179,0,57,2,0,False,951,1,55.22,59,753186,https://tex.stackexchange.com/questions/339/latex-editors-ides
94889,213,240866,moderator,0,0,0,False,79.0,latex-misc,1,2013-01-22 19:20:06,False,167,0,2,11,0,True,817,2,63.87,35,81132,https://tex.stackexchange.com/questions/94889/how-can-i-explain-the-meaning-of-latex-to-my-grandma
503,9,16520,registered,0,0,0,True,85.0,"math-mode, equations, syntax",3,2010-07-28 21:33:25,False,69,0,0,10,0,True,808,5,,8,309874,https://tex.stackexchange.com/questions/503/why-is-preferable-to
14,39,10541,registered,0,0,0,False,,symbols,1,2010-07-26 22:28:45,False,32,0,0,17,0,True,758,2,3.43,19,292935,https://tex.stackexchange.com/questions/14/how-to-look-up-a-symbol-or-identify-a-letter-from-a-math-alphabet-or-other-chara
2099,711,18888,registered,0,0,0,False,87.0,"graphics, svg",2,2010-08-20 20:16:57,False,105,0,0,7,0,True,747,4,1110693.33,24,857767,https://tex.stackexchange.com/questions/2099/how-to-include-svg-diagrams-in-latex
39017,5239,98057,registered,0,0,0,False,98.0,"floats, positioning",2,2011-12-21 14:53:12,False,36,0,0,14,0,True,745,2,,2,492712,https://tex.stackexchange.com/questions/39017/how-to-influence-the-position-of-float-environments-like-figure-and-table-in-lat
3587,Unknown,0,does_not_exist,0,0,0,True,,bibtex,1,2010-09-29 20:13:11,False,45,0,1,10,0,True,701,1,1132.33,8,2201506,https://tex.stackexchange.com/questions/3587/how-can-i-use-bibtex-to-cite-a-web-page
8625,2755,8499,registered,0,0,0,False,100.0,"floats, positioning, captions",3,2011-01-10 12:54:40,False,68,1,0,5,0,False,695,2,6515413.32,6,2313200,https://tex.stackexchange.com/questions/8625/force-figure-placement-in-text
25701,4012,56727,registered,0,0,0,False,93.0,"bibliographies, biblatex, bibtex, natbib, biber",5,2011-08-15 02:12:36,False,135,0,3,7,0,False,691,2,2414000.1,7,303139,https://tex.stackexchange.com/questions/25701/bibtex-vs-biber-and-biblatex-vs-natbib
595,32,22644,registered,0,0,0,False,86.0,"fonts, math-mode, symbols, bold",4,2010-07-29 20:37:33,False,52,0,0,7,0,True,677,1,1350712.12,14,1969380,https://tex.stackexchange.com/questions/595/how-can-i-get-bold-math-symbols
1137,223,16338,registered,0,0,0,False,78.0,"packages, installing, document-classes, texmf",4,2010-08-05 16:50:43,False,110,0,0,19,0,True,663,0,292.87,13,669739,https://tex.stackexchange.com/questions/1137/where-do-i-place-my-own-sty-or-cls-files-to-make-them-available-to-all-my-te
31091,7576,6701,registered,0,0,0,False,,"spacing, macros",2,2009-02-04 20:47:17,False,46,4,0,4,0,False,660,0,4292300.2,13,247191,https://tex.stackexchange.com/questions/31091/space-after-latex-commands
142,93,32669,registered,0,0,0,False,100.0,"lists, numbering, enumerate",3,2010-07-26 23:42:09,False,32,0,0,13,0,True,655,0,5.78,5,750159,https://tex.stackexchange.com/questions/142/how-can-i-make-an-enumerate-list-start-at-something-other-than-1
58098,4012,56727,registered,0,0,0,False,93.0,"fonts, math-mode, big-list, latin-modern, computer-modern",5,2012-06-01 12:24:51,True,151,0,2,12,0,True,637,0,202.53,6,1050122,https://tex.stackexchange.com/questions/58098/what-are-all-the-font-styles-i-can-use-in-math-mode
29402,7880,18393,registered,0,0,0,False,90.0,"fonts, typography, fun",3,2011-09-25 00:01:33,False,224,0,1,15,0,True,592,0,,8,154318,https://tex.stackexchange.com/questions/29402/how-do-i-make-my-document-look-like-it-was-written-by-a-cthulhu-worshipping-madm
47324,9757,30704,registered,0,0,0,False,99.0,superscripts,1,2012-03-09 00:21:48,False,52,0,0,4,0,False,591,5,,7,916555,https://tex.stackexchange.com/questions/47324/superscript-outside-math-mode
25249,2693,227255,registered,0,0,0,False,89.0,fonts,1,2011-08-09 00:57:09,False,77,0,4,16,0,True,589,0,15.47,5,382317,https://tex.stackexchange.com/questions/25249/how-do-i-use-a-particular-font-for-a-small-section-of-text-in-my-document
1050,86,161292,registered,0,0,0,True,79.0,"macros, starred-version",2,2010-08-04 21:11:14,False,48,0,0,7,0,True,588,0,,4,97444,https://tex.stackexchange.com/questions/1050/whats-the-difference-between-newcommand-and-newcommand
158668,42660,1673,registered,0,0,0,True,91.0,"diagrams, 3d, technical-drawing, fun, big-list",5,2014-02-05 10:40:41,False,153,0,2,5,0,False,585,0,5725463.4,69,203212,https://tex.stackexchange.com/questions/158668/nice-scientific-pictures-show-off
80,8,648,registered,0,0,0,False,,"packages, templates, cv",3,2010-07-26 22:57:10,False,37,0,0,5,0,False,568,0,266124.52,32,481941,https://tex.stackexchange.com/questions/80/latex-template-for-resume-curriculum-vitae
41681,2694,10277,registered,0,0,0,False,76.0,"best-practices, bold, italic",3,2012-01-20 06:00:16,False,34,2,0,5,0,True,564,4,,3,1399031,https://tex.stackexchange.com/questions/41681/correct-way-to-bold-italicize-text
9559,2786,11543,registered,0,0,0,False,92.0,"tikz-pgf, graphics, diagrams, asymptote",4,2011-01-23 19:08:31,False,81,0,0,6,0,False,531,0,,8,186979,https://tex.stackexchange.com/questions/9559/drawing-on-an-image-with-tikz
37581,Unknown,0,does_not_exist,0,0,0,True,,"graphics, floats, positioning",3,2011-12-08 13:33:11,False,38,0,0,5,0,False,526,2,292.08,4,2780338,https://tex.stackexchange.com/questions/37581/latex-figures-side-by-side
782,14,28103,registered,0,0,0,False,100.0,"document-classes, big-list",2,2010-08-01 22:57:25,False,260,0,5,9,0,True,523,2,2709279.3,34,1070884,https://tex.stackexchange.com/questions/782/what-are-the-available-documentclass-types-and-their-uses
12806,510,258210,registered,0,0,0,True,98.0,biblatex,1,2011-03-06 23:10:55,False,194,0,1,5,0,False,518,0,,1,185008,https://tex.stackexchange.com/questions/12806/guidelines-for-customizing-biblatex-styles
664,93,32669,registered,0,0,0,False,100.0,"packages, font-encodings",2,2010-07-30 20:37:41,False,92,0,1,5,0,True,491,2,79.57,2,330236,https://tex.stackexchange.com/questions/664/why-should-i-use-usepackaget1fontenc
36,42,41032,registered,0,0,0,False,84.0,"xetex, luatex, context",3,2010-07-26 22:39:08,False,94,0,4,6,0,False,490,2,15.3,5,132312,https://tex.stackexchange.com/questions/36/differences-between-luatex-context-and-xetex
16942,2975,271889,registered,0,0,0,True,81.0,"margins, lengths",2,2011-04-29 16:37:47,False,111,0,0,6,0,False,490,0,,4,487962,https://tex.stackexchange.com/questions/16942/difference-between-textwidth-linewidth-and-hsize
31672,8615,5277,registered,0,0,0,False,89.0,"tables, spacing, columns",3,2011-10-15 21:58:19,False,88,1,0,6,0,False,488,0,6807556.32,14,861814,https://tex.stackexchange.com/questions/31672/column-and-row-padding-in-tables
17816,5419,4893,registered,0,0,0,False,,comments,1,2011-05-09 21:43:18,False,46,0,0,4,0,False,479,1,,12,1523051,https://tex.stackexchange.com/questions/17816/commenting-out-large-sections
337,183,6789,registered,0,0,0,False,,landscape,1,2010-07-27 13:42:59,False,25,0,0,8,0,False,477,0,,6,822110,https://tex.stackexchange.com/questions/337/how-to-change-certain-pages-into-landscape-portrait-mode
23711,15675,6035,registered,0,0,0,False,80.0,"strikeout, text-decorations",2,2011-07-21 15:22:20,False,51,0,0,2,0,False,477,2,7145463.73,4,1090089,https://tex.stackexchange.com/questions/23711/strikethrough-text
553,86,161292,registered,0,0,0,True,79.0,"packages, big-list",2,2010-07-29 11:53:13,False,185,0,1,9,0,True,476,0,219836.2,65,111548,https://tex.stackexchange.com/questions/553/what-packages-do-people-load-by-default-in-latex
7355,Unknown,0,does_not_exist,0,0,0,True,,page-numbering,1,2010-12-18 20:50:01,False,121,2,0,5,4,True,462,2,,5,1026059,https://tex.stackexchange.com/questions/7355/how-to-suppress-page-number
2291,192,11289,registered,0,0,0,False,69.0,"numbering, lists, enumerate",3,2010-08-25 06:45:45,False,21,0,0,17,0,True,461,0,159.67,11,1172477,https://tex.stackexchange.com/questions/2291/how-do-i-change-the-enumerate-list-format-to-use-letters-instead-of-the-defaul
510,206,19171,registered,0,0,0,False,92.0,"math-mode, best-practices, syntax",3,2010-07-28 21:50:30,False,31,0,1,11,0,True,440,2,6760563.13,13,122133,https://tex.stackexchange.com/questions/510/are-and-preferable-to-dollar-signs-for-math-mode
534,14,28103,registered,0,0,0,False,100.0,"packages, compiling, word-count, scripts",4,2010-07-29 03:10:02,False,103,0,0,14,0,True,440,0,7406967.23,29,499761,https://tex.stackexchange.com/questions/534/is-there-any-way-to-do-a-correct-word-count-of-a-latex-document
57743,14475,6773,registered,0,0,0,False,88.0,"bibtex, accents, characters",3,2012-05-29 15:01:28,False,37,0,0,12,0,True,439,0,6786764.87,8,825583,https://tex.stackexchange.com/questions/57743/how-to-write-%c3%a4-and-other-umlauts-and-accented-letters-in-bibliography
2760,510,258210,registered,0,0,0,True,98.0,"titles, datetime",2,2010-09-05 19:08:38,False,62,1,0,6,0,False,425,0,,4,841064,https://tex.stackexchange.com/questions/2760/omitting-the-date-when-using-maketitle
12373,3906,4321,registered,0,0,0,False,,"spacing, lists, itemize",3,2011-03-01 10:30:34,False,30,0,0,11,0,True,422,2,,1,985855,https://tex.stackexchange.com/questions/12373/how-to-change-the-space-between-the-itemize-items-in-latex
5091,169,65149,registered,0,0,0,False,93.0,biblatex,1,2010-11-08 14:25:06,False,102,0,0,7,0,True,420,1,125.18,6,199417,https://tex.stackexchange.com/questions/5091/what-to-do-to-switch-to-biblatex
7453,1371,10725,registered,0,0,0,False,94.0,"macros, symbols, sourcecode, syntax, comments",5,2010-12-20 16:30:02,False,33,0,0,20,0,False,417,4,6551872.77,7,50798,https://tex.stackexchange.com/questions/7453/what-is-the-use-of-percent-signs-at-the-end-of-lines-why-is-my-macro-creat
60209,495,7852,registered,0,0,0,False,100.0,"sectioning, sections-paragraphs",2,2012-06-18 01:14:35,False,116,0,0,12,0,False,416,0,7.63,7,1307660,https://tex.stackexchange.com/questions/60209/how-to-add-an-extra-level-of-sections-with-headings-below-subsubsection
53413,13964,4293,unregistered,0,0,0,False,,"symbols, punctuation",2,2012-04-26 13:06:48,False,35,0,0,9,0,True,413,1,,5,813679,https://tex.stackexchange.com/questions/53413/what-is-the-latex-command-for-em-dash
2275,833,4501,registered,0,0,0,False,0.0,"floats, positioning",2,2010-08-25 01:19:10,False,24,0,0,8,0,False,409,1,,8,525208,https://tex.stackexchange.com/questions/2275/keeping-tables-figures-close-to-where-they-are-mentioned
655,32,22644,registered,0,0,0,False,86.0,macros,1,2010-07-30 18:27:07,False,88,0,1,8,0,True,407,0,,5,175443,https://tex.stackexchange.com/questions/655/what-is-the-difference-between-def-and-newcommand
341,183,6789,registered,0,0,0,False,,"document-classes, big-list, posters",3,2010-07-27 13:56:59,False,23,0,0,6,0,False,400,0,,13,232190,https://tex.stackexchange.com/questions/341/how-to-create-posters-using-latex
13509,704,5120,registered,0,0,0,False,83.0,biblatex,1,2011-03-15 15:42:38,False,60,0,1,6,0,False,400,0,370530.03,14,403002,https://tex.stackexchange.com/questions/13509/biblatex-in-a-nutshell-for-beginners
11,14,28103,registered,0,0,0,False,100.0,"books, big-list, learning, tutorials",4,2010-07-26 22:26:16,False,66,0,2,9,0,True,393,1,7217542.78,35,171908,https://tex.stackexchange.com/questions/11/what-are-good-learning-resources-for-a-latex-beginner
55437,6621,104560,registered,0,0,0,True,100.0,"distributions, updating",2,2012-05-11 22:24:26,False,78,0,8,7,0,True,392,1,7358539.82,8,428818,https://tex.stackexchange.com/questions/55437/how-do-i-update-my-tex-distribution
10684,206,19171,registered,0,0,0,False,92.0,"spacing, lists",2,2011-02-09 17:31:20,False,20,0,0,4,0,False,382,0,7627631.22,5,258257,https://tex.stackexchange.com/questions/10684/vertical-space-in-lists
17104,5110,21077,registered,0,0,0,False,86.0,color,1,2011-05-01 20:52:29,False,73,0,0,9,0,True,376,0,,4,1141046,https://tex.stackexchange.com/questions/17104/how-to-change-color-for-a-block-of-texts
87303,17379,4131,registered,0,0,0,True,,comments,1,2012-12-17 07:02:57,False,37,1,0,5,0,False,376,4,,7,1420401,https://tex.stackexchange.com/questions/87303/multi-line-block-comments-in-latex
3033,103,17397,registered,0,0,0,False,75.0,"line-breaking, urls",2,2010-09-13 06:55:59,False,72,1,1,4,0,False,375,0,5341666.0,17,415053,https://tex.stackexchange.com/questions/3033/forcing-linebreaks-in-url
10772,649,4589,registered,0,0,0,False,100.0,"bibtex, capitalization",2,2011-02-10 21:04:01,False,82,0,0,7,0,False,371,3,,6,446112,https://tex.stackexchange.com/questions/10772/bibtex-loses-capitals-when-creating-bbl-file
3782,459,14815,registered,0,0,0,False,97.0,"math-mode, equations, line-breaking, breqn",4,2010-10-05 15:01:04,False,101,1,0,11,0,False,368,0,6744715.62,10,1468338,https://tex.stackexchange.com/questions/3782/how-can-i-split-an-equation-over-two-or-more-lines
4118,215,76886,registered,0,0,0,False,98.0,"formatting, numbering, superscripts",3,2010-10-14 13:45:17,False,55,0,0,11,0,True,367,0,,10,429974,https://tex.stackexchange.com/questions/4118/whats-the-quickest-way-to-write-2nd-3rd-etc-in-latex
5461,1449,13137,registered,0,0,0,True,88.0,"tikz-pgf, arrows",2,2010-11-16 14:33:02,False,23,0,0,12,0,True,367,0,,8,292861,https://tex.stackexchange.com/questions/5461/is-it-possible-to-change-the-size-of-an-arrowhead-in-tikz-pgf
41476,10072,5065,registered,0,0,0,False,89.0,"spacing, lengths",2,2012-01-18 14:58:03,False,93,0,0,6,0,False,367,0,,2,433908,https://tex.stackexchange.com/questions/41476/lengths-and-when-to-use-them
9796,3182,5131,registered,0,0,0,False,100.0,todonotes,1,2011-01-27 15:27:17,False,33,0,0,5,0,True,362,0,2.23,10,481537,https://tex.stackexchange.com/questions/9796/how-to-add-todo-notes
4736,169,65149,registered,0,0,0,False,93.0,"macros, expansion, robust-commands, fragile",4,2010-10-31 10:01:42,False,54,0,0,16,0,True,360,0,348.88,5,44878,https://tex.stackexchange.com/questions/4736/what-is-the-difference-between-fragile-and-robust-commands-when-and-why-do-we-n
4338,1184,3683,registered,0,0,0,False,,tikz-pgf,1,2010-10-20 19:58:00,False,67,1,0,4,0,False,358,1,,7,425568,https://tex.stackexchange.com/questions/4338/correctly-scaling-a-tikzpicture
43008,9757,30704,registered,0,0,0,False,99.0,"math-mode, symbols",2,2012-02-01 01:41:52,False,35,0,0,3,0,False,351,2,5923617.43,9,1700282,https://tex.stackexchange.com/questions/43008/absolute-value-symbols
3819,271,3593,registered,0,0,0,True,,"punctuation, typography",2,2010-10-06 19:28:56,False,33,0,0,6,0,False,349,1,,7,287487,https://tex.stackexchange.com/questions/3819/dashes-vs-vs
57418,13192,8616,registered,0,0,0,False,83.0,"graphics, crop",2,2012-05-26 15:26:26,False,100,1,0,4,0,True,347,1,23.3,5,886270,https://tex.stackexchange.com/questions/57418/crop-an-inserted-image
74878,9263,9323,registered,0,0,0,False,93.0,"tikz-pgf, pgfplots, plot, fun",4,2012-10-01 16:31:14,True,172,1,3,6,4,False,346,0,,4,51016,https://tex.stackexchange.com/questions/74878/create-xkcd-style-diagram-in-tex
10181,1125,5927,registered,0,0,0,False,,"floats, footnotes, captions",3,2011-02-03 17:29:56,False,127,4,0,6,0,False,345,1,1470651.27,13,393030,https://tex.stackexchange.com/questions/10181/using-footnote-in-a-figures-caption
1092,137,13037,registered,0,0,0,False,100.0,"packages, texlive, installing, linux, tlmgr",5,2010-08-05 03:25:36,False,51,0,0,9,0,True,343,0,2053333.05,12,216591,https://tex.stackexchange.com/questions/1092/how-to-install-vanilla-texlive-on-debian-or-ubuntu
2651,963,122413,registered,0,0,0,False,93.0,"floats, horizontal-alignment",2,2010-09-01 19:58:29,False,22,2,0,10,0,True,342,0,,3,402817,https://tex.stackexchange.com/questions/2651/should-i-use-center-or-centering-for-figures-and-tables
4519,376,4250,registered,0,0,0,False,,"spacing, macros",2,2010-10-25 00:03:42,False,49,0,0,7,0,True,342,1,,3,388451,https://tex.stackexchange.com/questions/4519/how-do-i-create-an-invisible-character
34604,334,3651,registered,0,0,0,True,,unicode,1,2008-10-20 23:48:25,False,31,0,0,5,0,False,341,0,6935605.62,15,417051,https://tex.stackexchange.com/questions/34604/entering-unicode-characters-in-latex
2369,996,3503,registered,0,0,0,False,,"symbols, punctuation, font-encodings",3,2010-08-26 22:18:58,False,30,0,0,24,0,True,340,1,71.57,4,731715,https://tex.stackexchange.com/questions/2369/why-do-the-less-than-symbol-and-the-greater-than-symbol-appear-wrong-as
77646,17205,4737,registered,0,0,0,True,83.0,symbols,1,2012-10-14 21:45:43,False,18,1,0,7,0,False,335,1,,3,1398763,https://tex.stackexchange.com/questions/77646/how-to-typeset-the-symbol-caret-circumflex-hat
1013,280,3553,registered,0,0,0,False,,subscripts,1,2010-08-04 16:32:52,False,22,0,0,8,0,True,333,0,,12,1021922,https://tex.stackexchange.com/questions/1013/how-to-typeset-subscript-in-usual-text-mode
35977,9558,3421,registered,0,0,0,True,,"urls, bibtex",2,2009-09-15 08:17:20,False,75,1,0,10,0,True,332,0,,6,984752,https://tex.stackexchange.com/questions/35977/how-to-add-a-url-to-a-latex-bibtex-file
5223,1128,3976,registered,0,0,0,False,100.0,"math-mode, symbols, math-operators",3,2010-11-11 19:45:09,False,24,1,2,5,0,True,328,0,,9,897105,https://tex.stackexchange.com/questions/5223/command-for-argmin-or-argmax
229355,18799,3944,registered,0,0,0,False,,"algorithms, algorithm2e, algorithmicx, algorithmic",4,2015-02-21 10:30:35,False,58,0,0,7,0,False,328,1,11975.77,2,241372,https://tex.stackexchange.com/questions/229355/algorithm-algorithmic-algorithmicx-algorithm2e-algpseudocode-confused
35043,3970,7415,registered,0,0,0,False,67.0,"cross-referencing, footnotes",2,2011-11-16 13:37:05,False,30,0,0,7,0,False,325,2,458393.03,19,293437,https://tex.stackexchange.com/questions/35043/reference-different-places-to-the-same-footnote
7032,711,18888,registered,0,0,0,False,87.0,"tikz-pgf, symbols, circles",3,2010-12-13 11:25:54,True,102,1,1,6,0,True,324,7,2114212.08,18,331193,https://tex.stackexchange.com/questions/7032/good-way-to-make-textcircled-numbers
10535,3316,15175,registered,0,0,0,False,93.0,"tables, margins",2,2011-02-08 01:28:15,False,125,1,0,8,0,True,324,0,,12,1121337,https://tex.stackexchange.com/questions/10535/how-to-force-a-table-into-page-width
12703,3970,7415,registered,0,0,0,False,67.0,"tables, horizontal-alignment, width",3,2011-03-05 11:35:16,False,71,1,0,10,0,True,324,1,7935836.67,5,588020,https://tex.stackexchange.com/questions/12703/how-to-create-fixed-width-table-columns-with-text-raggedright-centered-raggedlef
83930,17049,16476,registered,0,0,0,False,86.0,boxes,1,2012-11-23 13:58:37,False,37,0,0,9,0,True,324,0,,1,153781,https://tex.stackexchange.com/questions/83930/what-are-the-different-kinds-of-boxes-in-latex
71172,6324,10632,registered,0,0,0,False,92.0,"margins, geometry",2,2012-09-11 21:16:11,False,77,0,0,7,0,True,323,1,,4,122988,https://tex.stackexchange.com/questions/71172/why-are-default-latex-margins-so-big
20640,5339,5957,registered,0,0,0,False,100.0,"graphics, framed, includegraphics, border",4,2011-06-13 23:06:17,False,42,0,0,7,0,True,321,1,,7,535624,https://tex.stackexchange.com/questions/20640/how-to-add-border-for-an-image
53513,13994,5265,registered,0,0,0,False,100.0,hyperref,1,2012-04-27 02:04:15,False,100,2,1,5,0,False,321,0,,1,246564,https://tex.stackexchange.com/questions/53513/hyperref-token-not-allowed
14821,767,4049,registered,0,0,0,False,100.0,"typography, math-operators",2,2011-04-03 03:52:57,True,173,1,0,9,0,True,320,2,6734127.6,16,294044,https://tex.stackexchange.com/questions/14821/whats-the-proper-way-to-typeset-a-differential-operator
3415,192,11289,registered,0,0,0,False,69.0,math-mode,1,2010-09-23 20:59:15,False,163,3,0,11,0,True,313,0,,4,906967,https://tex.stackexchange.com/questions/3415/what-is-the-correct-way-of-embedding-text-into-math-mode
91124,24217,3387,registered,0,0,0,False,,"lists, indentation, itemize",3,2013-01-10 04:13:02,False,66,0,0,4,0,False,313,0,3961938.7,4,469021,https://tex.stackexchange.com/questions/91124/itemize-removing-natural-indent
8260,1940,15343,registered,0,0,0,False,80.0,"conversion, unit-of-measure",2,2011-01-04 18:30:38,False,28,0,0,15,0,True,310,0,6880567.18,12,271673,https://tex.stackexchange.com/questions/8260/what-are-the-various-units-ex-em-in-pt-bp-dd-pc-expressed-in-mm
123671,2552,238515,registered,0,0,0,True,85.0,"tikz-pgf, horizontal-alignment, line-breaking, nodes",4,2013-07-12 02:04:43,True,59,1,0,9,0,False,307,0,,2,136599,https://tex.stackexchange.com/questions/123671/manual-automatic-line-breaks-and-text-alignment-in-tikz-nodes
24599,6825,7439,registered,0,0,0,False,100.0,"fontsize, class-options",2,2011-08-01 05:51:20,False,40,1,0,8,0,True,305,0,6234683.03,4,493322,https://tex.stackexchange.com/questions/24599/what-point-pt-font-size-are-large-etc
20036,2099,50663,registered,0,0,0,False,93.0,"texlive, miktex, distributions",3,2011-06-06 14:02:41,False,35,0,0,9,0,True,304,0,6115.03,14,250458,https://tex.stackexchange.com/questions/20036/what-are-the-advantages-of-tex-live-over-miktex
14336,Unknown,0,does_not_exist,0,0,0,True,,"beamer, paper-size",2,2010-04-09 08:13:14,False,37,0,0,6,0,True,303,2,6376225.53,5,252544,https://tex.stackexchange.com/questions/14336/latex-beamer-presentation-package-169-aspect-ratio
50747,10827,9571,registered,0,0,0,True,98.0,"hyperref, color",2,2012-04-04 19:29:12,False,86,2,0,7,0,False,303,0,,3,424001,https://tex.stackexchange.com/questions/50747/options-for-appearance-of-links-in-hyperref
39147,2956,8963,registered,0,0,0,False,67.0,"graphics, scaling",2,2011-12-22 23:53:03,False,34,1,0,5,0,True,302,1,3366812.35,8,743255,https://tex.stackexchange.com/questions/39147/scale-image-to-page-width
19579,Unknown,0,does_not_exist,0,0,0,True,,rules,1,2011-05-31 01:34:33,False,62,0,0,8,0,False,301,1,6036062.72,6,1011816,https://tex.stackexchange.com/questions/19579/horizontal-line-spanning-the-entire-document-in-latex
23650,2099,50663,registered,0,0,0,False,93.0,horizontal-alignment,1,2011-07-21 01:36:51,False,50,2,1,8,1,True,301,0,,2,582811,https://tex.stackexchange.com/questions/23650/when-should-we-use-begincenter-instead-of-centering
17528,5350,3143,registered,0,0,0,False,,"equations, align",2,2011-05-06 04:18:06,False,35,0,0,8,0,False,297,0,7.32,4,480849,https://tex.stackexchange.com/questions/17528/show-equation-number-only-once-in-align-environment
5894,827,4422,registered,0,0,0,True,100.0,conditionals,1,2010-11-24 15:00:42,False,57,0,0,3,0,False,292,0,7773103.0,5,200737,https://tex.stackexchange.com/questions/5894/latex-conditional-expression
16582,3559,9497,registered,0,0,0,False,89.0,"horizontal-alignment, floats, margins",3,2011-04-25 17:53:11,False,65,0,0,7,0,False,292,0,,4,241872,https://tex.stackexchange.com/questions/16582/center-figure-that-is-wider-than-textwidth
59702,9497,3587,registered,0,0,0,False,100.0,"fonts, packages",2,2012-06-13 15:43:25,False,2306,2,2,13,3624,False,292,1,75.43,9,197850,https://tex.stackexchange.com/questions/59702/suggest-a-nice-font-family-for-my-basic-latex-template-text-and-math
54480,13217,4005,registered,0,0,0,False,64.0,"bibtex, errors, natbib",3,2012-05-05 15:35:11,False,97,2,0,9,0,False,290,0,,13,505527,https://tex.stackexchange.com/questions/54480/package-natbib-error-bibliography-not-compatible-with-author-year-citations
227,62,4087,registered,0,0,0,False,100.0,"header-footer, page-numbering, lastpage",3,2010-07-27 03:23:48,False,24,0,0,11,0,True,287,1,654238.58,14,218376,https://tex.stackexchange.com/questions/227/how-can-i-add-page-of-on-my-document
4216,1504,2973,registered,0,0,0,False,,"math-mode, symbols, relation-symbols",3,2010-10-17 14:02:04,False,45,0,0,5,0,True,287,2,2.38,12,246634,https://tex.stackexchange.com/questions/4216/how-to-typeset-correctly
258,136,10884,registered,0,0,0,False,65.0,"macros, tex-core",2,2010-07-27 04:59:17,False,25,0,0,8,0,True,286,0,,3,84365,https://tex.stackexchange.com/questions/258/what-is-the-difference-between-let-and-def
82664,16227,9259,registered,0,0,0,False,88.0,"line-breaking, paragraphs, best-practices, syntax",4,2012-11-14 02:56:00,False,19,0,0,11,0,False,286,4,7158054.13,3,257034,https://tex.stackexchange.com/questions/82664/when-to-use-par-and-when-newline-or-blank-lines
5769,1527,15615,registered,0,0,0,False,90.0,"floats, captions, subfloats",3,2010-11-22 15:43:54,False,55,0,0,5,0,False,283,1,1702225.73,8,292928,https://tex.stackexchange.com/questions/5769/two-figures-side-by-side
1551,260,4357,registered,0,0,0,False,88.0,"conversion, ebook",2,2010-08-11 19:47:41,False,154,0,0,5,0,False,281,0,754742.73,12,126138,https://tex.stackexchange.com/questions/1551/use-latex-to-produce-epub
30985,8456,3107,registered,0,0,0,False,,"floats, two-column",2,2011-10-09 06:51:30,False,113,1,0,8,0,False,281,1,,1,859864,https://tex.stackexchange.com/questions/30985/displaying-a-wide-figure-in-a-two-column-document
112343,17176,1055,registered,0,0,0,False,67.0,"tables, tabu, big-list",3,2013-05-04 14:03:22,True,45,0,0,3,0,False,281,1,143.75,15,450662,https://tex.stackexchange.com/questions/112343/beautiful-table-samples
8791,1527,15615,registered,0,0,0,False,90.0,"compiling, performance",2,2011-01-12 12:01:05,False,109,0,0,4,0,False,279,7,614705.72,23,156591,https://tex.stackexchange.com/questions/8791/speeding-up-latex-compilation
49,69,9023,registered,0,0,0,False,59.0,"tex-core, latex-misc",2,2010-07-26 22:46:44,False,21,0,0,8,0,True,277,4,2335424.73,9,147069,https://tex.stackexchange.com/questions/49/what-is-the-difference-between-tex-and-latex
30619,3874,9988,registered,0,0,0,False,90.0,"math-mode, symbols",2,2011-10-06 01:11:51,False,50,0,0,8,0,True,277,0,,12,642930,https://tex.stackexchange.com/questions/30619/what-is-the-best-symbol-for-vector-matrix-transpose
38829,5274,4804,registered,0,0,0,True,86.0,indentation,1,2011-12-19 23:55:11,False,134,2,0,6,0,False,274,0,,1,705859,https://tex.stackexchange.com/questions/38829/remove-indentation-for-a-single-paragraph
146529,21963,12019,registered,0,0,0,False,88.0,"tikz-pgf, beamer, themes",3,2013-11-23 13:55:58,True,175,0,2,7,0,False,273,2,,3,129228,https://tex.stackexchange.com/questions/146529/design-a-custom-beamer-theme-from-scratch
38868,9757,30704,registered,0,0,0,False,99.0,"math-mode, delimiters",2,2011-12-20 08:12:26,False,59,1,0,5,0,False,272,0,,3,1177815,https://tex.stackexchange.com/questions/38868/big-parenthesis-in-an-equation
8458,2311,2813,registered,0,0,0,False,,"sectioning, table-of-contents, bibliographies",3,2011-01-07 17:20:57,False,136,1,0,9,0,False,271,0,6089325.55,8,423866,https://tex.stackexchange.com/questions/8458/making-the-bibliography-appear-in-the-table-of-contents
65453,3329,9905,registered,0,0,0,False,82.0,"changes, trackchanges",2,2012-08-01 15:05:29,False,119,0,0,4,0,False,271,2,1966794.07,13,198695,https://tex.stackexchange.com/questions/65453/track-changes-in-latex
26462,7215,3195,registered,0,0,0,False,,"tables, page-breaking, longtable",3,2011-08-25 02:24:39,False,83,1,0,6,0,False,270,1,,2,669905,https://tex.stackexchange.com/questions/26462/make-a-table-span-multiple-pages
26637,3329,9905,registered,0,0,0,False,82.0,"math-mode, formatting",2,2011-08-27 17:53:27,False,46,1,0,12,0,True,270,3,5.35,10,769094,https://tex.stackexchange.com/questions/26637/how-do-you-get-mathbb1-to-work-characteristic-function-of-a-set
26846,5110,21077,registered,0,0,0,False,86.0,"tikz-pgf, beamer, scaling",3,2011-08-29 13:31:20,False,72,1,0,7,0,True,270,1,4517867.0,5,295129,https://tex.stackexchange.com/questions/26846/how-to-scale-a-tikzpicture-including-texts
5036,1713,6225,registered,0,0,0,False,100.0,hyphenation,1,2010-11-07 07:35:49,False,71,0,0,9,0,True,269,4,7.18,8,373739,https://tex.stackexchange.com/questions/5036/how-to-prevent-latex-from-hyphenating-the-entire-document
48459,1497,2805,registered,0,0,0,False,,"math-mode, amsmath, math-operators",3,2012-03-18 11:42:00,False,34,0,0,7,0,True,269,1,,3,194687,https://tex.stackexchange.com/questions/48459/whats-the-difference-between-mathrm-and-operatorname
42619,11245,2795,registered,0,0,0,False,,symbols,1,2012-01-28 22:34:18,False,36,0,0,6,0,False,268,2,5532141.35,4,408715,https://tex.stackexchange.com/questions/42619/xmark-that-complements-the-ams-checkmark
27097,224,5488,registered,0,0,0,False,78.0,"tables, floats, fontsize",3,2011-08-31 18:55:52,False,28,0,0,7,0,False,267,0,6073840.73,6,660823,https://tex.stackexchange.com/questions/27097/changing-the-font-size-in-a-table
42611,5239,98057,registered,0,0,0,False,98.0,"tikz-pgf, big-list",2,2012-01-28 21:08:24,False,79,0,11,9,0,False,267,0,,12,126764,https://tex.stackexchange.com/questions/42611/list-of-available-tikz-libraries-with-a-short-introduction
1669,206,19171,registered,0,0,0,False,92.0,"lists, enumerate",2,2010-08-13 20:06:30,False,66,0,0,3,0,False,266,0,8.28,6,172537,https://tex.stackexchange.com/questions/1669/resuming-a-list
48632,11728,2955,registered,0,0,0,False,50.0,"characters, typewriter",2,2012-03-20 00:27:09,False,58,2,0,4,0,False,266,9,5327721.98,14,1133153,https://tex.stackexchange.com/questions/48632/underscores-in-words-text
826,35,23407,registered,0,0,0,True,82.0,"symbols, numbering, footnotes",3,2010-08-02 19:45:39,False,30,0,0,7,0,False,263,0,4.05,6,289922,https://tex.stackexchange.com/questions/826/symbols-instead-of-numbers-as-footnote-markers
30090,4434,8303,registered,0,0,0,False,97.0,"math-mode, vertical-alignment, amsmath, braces",4,2011-09-30 21:38:05,True,25,0,0,8,0,True,263,0,,2,617752,https://tex.stackexchange.com/questions/30090/how-can-i-get-text-underneath-an-underbrace
118173,33349,2825,registered,0,0,0,False,,math-mode,1,2013-06-07 22:34:00,False,31,1,0,8,0,True,261,1,,4,749348,https://tex.stackexchange.com/questions/118173/how-to-write-ceil-and-floor-in-latex
196,70,3705,registered,0,0,0,False,75.0,"align, equations",2,2010-07-27 01:13:42,False,58,0,0,3,0,False,260,0,3.28,5,659560,https://tex.stackexchange.com/questions/196/eqnarray-vs-align
51682,1074,7342,registered,0,0,0,True,100.0,"equations, page-breaking",2,2012-04-12 20:56:48,False,112,1,0,7,1,True,260,0,3197670.22,4,191959,https://tex.stackexchange.com/questions/51682/is-it-possible-to-pagebreak-aligned-equations
8857,2918,2689,registered,0,0,0,False,,"symbols, languages, characters, accents",4,2011-01-13 05:03:23,False,15,0,0,7,0,True,258,2,,7,865864,https://tex.stackexchange.com/questions/8857/how-to-type-special-accented-letters-in-latex
38769,10154,2673,registered,0,0,0,False,,"math-mode, errors, symbols",3,2011-12-19 12:56:52,False,47,0,0,6,0,False,257,1,,4,713938,https://tex.stackexchange.com/questions/38769/mathbbz-yields-undefined-control-sequence-error
819,35,23407,registered,0,0,0,True,82.0,"line-spacing, setspace",2,2010-08-02 19:30:11,False,32,0,0,3,0,False,255,0,2.92,5,628385,https://tex.stackexchange.com/questions/819/double-line-spacing
1863,213,240866,moderator,0,0,0,False,79.0,"packages, hyperref, incompatibility",3,2010-08-17 03:39:23,False,65,0,0,10,0,True,254,0,130.63,15,45928,https://tex.stackexchange.com/questions/1863/which-packages-should-be-loaded-after-hyperref-instead-of-before
2063,902,2853,registered,0,0,0,False,,"packages, installing, miktex, windows",4,2010-08-20 02:31:57,False,84,0,0,10,0,False,254,0,43.72,8,810572,https://tex.stackexchange.com/questions/2063/how-can-i-manually-install-a-package-on-miktex-windows
2832,572,4567,unregistered,0,0,0,False,43.0,"tables, positioning",2,2010-09-07 06:49:26,False,21,0,0,9,0,True,254,0,74.07,7,628739,https://tex.stackexchange.com/questions/2832/how-can-i-have-two-tables-side-by-side
22798,6481,3151,registered,0,0,0,False,50.0,"math-mode, symbols, typography",3,2011-07-11 22:38:27,False,81,0,0,4,0,True,254,3,6815237.77,5,608510,https://tex.stackexchange.com/questions/22798/nice-looking-empty-set
52372,2975,271889,registered,0,0,0,True,81.0,"tikz-pgf, best-practices, tikz-styles, pgfkeys",4,2012-04-18 11:04:07,False,95,2,0,10,0,True,254,1,97.53,2,132629,https://tex.stackexchange.com/questions/52372/should-tikzset-or-tikzstyle-be-used-to-define-tikz-styles
28333,510,258210,registered,0,0,0,True,98.0,"floats, sectioning, numbering, counters",4,2011-09-13 18:22:40,False,108,1,0,11,3,False,253,0,,4,216978,https://tex.stackexchange.com/questions/28333/continuous-v-per-chapter-section-numbering-of-figures-tables-and-other-docume
47170,12409,2643,registered,0,0,0,False,,"equations, best-practices",2,2012-03-07 22:01:09,True,23,0,0,9,0,False,253,0,,2,527707,https://tex.stackexchange.com/questions/47170/how-to-write-conditional-equations-with-one-sided-curly-brackets
138,87,6286,registered,0,0,0,False,77.0,"spacing, line-breaking, boxes, warnings, horizontal-spacing",5,2010-07-26 23:35:42,False,25,0,0,12,0,True,252,0,,4,268187,https://tex.stackexchange.com/questions/138/what-are-underfull-hboxes-and-how-can-i-get-rid-of-them
53377,13949,2945,registered,0,0,0,False,,"chapters, quoting",2,2012-04-26 06:10:14,True,43,0,0,6,0,False,252,1,16.87,11,162678,https://tex.stackexchange.com/questions/53377/inspirational-quote-at-start-of-chapter
9852,5,4803,registered,0,0,0,False,85.0,page-breaking,1,2010-05-29 19:11:06,False,26,0,1,10,0,True,250,0,11.0,2,680611,https://tex.stackexchange.com/questions/9852/what-is-the-difference-between-page-break-and-new-page
11866,1074,7342,registered,0,0,0,True,100.0,"graphics, formatting, conversion, scaling",4,2011-02-23 20:20:15,False,134,1,0,13,0,False,250,3,119.87,15,170845,https://tex.stackexchange.com/questions/11866/compile-a-latex-document-into-a-png-image-thats-as-short-as-possible
45609,5001,561641,registered,0,0,0,True,100.0,page-breaking,1,2012-02-24 12:41:28,False,160,2,0,9,5,True,249,0,,2,233150,https://tex.stackexchange.com/questions/45609/is-it-wrong-to-use-clearpage-instead-of-newpage
3393,1183,20745,registered,0,0,0,False,91.0,xetex,1,2010-09-23 10:01:27,False,48,0,0,10,0,True,248,2,,4,129171,https://tex.stackexchange.com/questions/3393/what-is-xetex-exactly-and-why-should-i-use-it
19180,5773,2571,registered,0,0,0,False,,"symbols, best-practices, punctuation, unicode, unicode-math",5,2011-05-27 04:28:09,False,291,0,7,8,0,True,247,0,,5,1057889,https://tex.stackexchange.com/questions/19180/which-dot-character-to-use-in-which-context
3,14,28103,registered,0,0,0,False,100.0,"compiling, tools, online",3,2010-07-26 22:18:47,False,57,0,0,3,0,False,245,4,25567.12,22,169180,https://tex.stackexchange.com/questions/3/compiling-documents-online
14375,3316,15175,registered,0,0,0,False,93.0,"indentation, paragraphs",2,2011-03-27 23:19:28,False,53,0,0,8,0,True,245,0,,3,282423,https://tex.stackexchange.com/questions/14375/how-to-disable-automatic-indentation-on-new-paragraphs
137428,7561,11717,registered,0,0,0,False,79.0,"errors, texlive, ubuntu",3,2013-10-11 20:04:42,False,78,0,1,4,0,False,245,1,,8,190244,https://tex.stackexchange.com/questions/137428/tlmgr-cannot-setup-tlpdb
120271,4011,30293,registered,0,0,0,False,72.0,"typography, latex-misc, big-list",3,2013-06-20 22:18:19,False,80,0,0,3,0,False,242,4,3945885.97,18,146162,https://tex.stackexchange.com/questions/120271/alternatives-to-latex
40561,3329,9905,registered,0,0,0,False,82.0,tables,1,2012-01-09 22:14:34,False,51,0,0,7,0,False,241,0,5602755.6,10,662105,https://tex.stackexchange.com/questions/40561/table-with-multiple-lines-in-some-cells
2229,512,19051,registered,0,0,0,True,98.0,"spacing, typography, punctuation",3,2010-08-24 02:58:17,False,21,0,0,14,0,True,240,0,,2,96427,https://tex.stackexchange.com/questions/2229/is-a-period-after-an-abbreviation-the-same-as-an-end-of-sentence-period
14364,3559,9497,registered,0,0,0,False,89.0,"cross-referencing, external-files",2,2011-03-27 19:13:09,False,90,0,1,4,0,False,240,1,8.95,8,179960,https://tex.stackexchange.com/questions/14364/cross-referencing-between-different-files
84622,8709,4741,registered,0,0,0,False,83.0,"beamer, pdf, viewers, linux",4,2012-11-28 13:22:03,False,118,0,0,11,0,True,240,0,1370.1,12,91780,https://tex.stackexchange.com/questions/84622/is-there-a-specialized-pdf-viewer-for-latex-beamer-presentations-on-linux
6081,2148,13139,registered,0,0,0,True,100.0,"spacing, floats, lists, vertical-alignment, positioning",5,2010-11-28 10:57:06,True,110,0,3,5,0,False,239,0,,5,484507,https://tex.stackexchange.com/questions/6081/reduce-space-between-enumerated-items
11579,1970,10406,registered,0,0,0,False,71.0,"table-of-contents, captions",2,2011-02-20 19:51:51,False,47,0,0,6,0,False,239,0,,1,138472,https://tex.stackexchange.com/questions/11579/short-captions-for-figures-in-listoffigures
16519,3559,9497,registered,0,0,0,False,89.0,"tables, columns",2,2011-04-25 01:30:01,False,44,0,0,7,0,False,239,1,,5,330531,https://tex.stackexchange.com/questions/16519/adding-space-between-columns-in-a-table
111886,16150,2797,registered,0,0,0,False,83.0,"msword, pandoc",2,2013-05-01 22:42:59,False,623,3,4,12,0,True,239,1,,15,472215,https://tex.stackexchange.com/questions/111886/how-to-convert-a-scientific-manuscript-from-latex-to-word-using-pandoc
8936,2786,11543,registered,0,0,0,False,92.0,"equations, line-breaking",2,2011-01-14 13:01:53,False,64,1,0,6,0,True,238,0,,5,1017309,https://tex.stackexchange.com/questions/8936/how-to-break-a-long-equation
13067,3172,8636,registered,0,0,0,True,92.0,"unicode, best-practices, input-encodings",3,2011-03-09 18:33:57,False,44,0,0,4,0,False,238,2,6081672.88,7,245931,https://tex.stackexchange.com/questions/13067/utf8x-vs-utf8-inputenc
49643,13017,2389,registered,0,0,0,False,,"appendices, thesis",2,2012-03-27 16:12:03,False,140,1,0,4,0,False,238,3,5874382.55,4,1192969,https://tex.stackexchange.com/questions/49643/making-appendix-for-thesis
736,9,16520,registered,0,0,0,True,85.0,"vertical-alignment, page-breaking",2,2010-07-31 22:56:09,False,33,0,0,3,0,False,237,2,25.48,5,110998,https://tex.stackexchange.com/questions/736/pagebreak-vs-newpage
14842,103,17397,registered,0,0,0,False,75.0,"pdf, forms",2,2011-04-03 18:06:01,False,62,0,0,3,0,False,237,1,,6,119113,https://tex.stackexchange.com/questions/14842/creating-fillable-pdfs
36988,4278,6362,registered,0,0,0,False,100.0,"koma-script, document-classes, article, report",4,2011-12-03 17:17:54,False,50,0,0,13,0,True,237,0,,1,128720,https://tex.stackexchange.com/questions/36988/regarding-the-book-report-and-article-document-classes-what-are-the-mai
4805,1488,5871,registered,0,0,0,False,85.0,"formatting, titles",2,2010-11-01 23:12:14,False,64,0,0,9,0,True,235,0,,2,525115,https://tex.stackexchange.com/questions/4805/whats-the-correct-use-of-author-when-multiple-authors
1980,84,4389,registered,0,0,0,False,100.0,"fonts, best-practices, italic, emphasis, semantics",5,2010-08-18 21:57:12,False,74,0,1,3,0,False,233,0,,2,194467,https://tex.stackexchange.com/questions/1980/emph-or-textit
8549,3860,7605,registered,0,0,0,False,69.0,"tables, rules",2,2011-01-09 09:42:57,False,75,1,0,14,0,True,233,0,6951204.42,6,481967,https://tex.stackexchange.com/questions/8549/how-can-i-draw-a-horizontal-line-spanning-only-some-of-the-table-cells
44834,Unknown,0,does_not_exist,0,0,0,True,,"math-mode, amsmath",2,2011-01-25 00:16:07,False,38,1,0,16,0,True,233,0,,2,399111,https://tex.stackexchange.com/questions/44834/how-do-i-put-big-brackets-under-different-parts-of-an-equation-to-attach-text-la
159257,44795,2561,registered,0,0,0,False,67.0,"tables, vertical-alignment",2,2014-02-08 10:02:42,False,13,0,0,5,0,False,233,0,,4,660749,https://tex.stackexchange.com/questions/159257/increase-latex-table-row-height
35,60,21228,registered,0,0,0,False,75.0,"line-breaking, boxes, warnings",3,2010-07-26 22:38:53,False,19,0,0,17,0,False,231,2,3719909.0,5,424260,https://tex.stackexchange.com/questions/35/what-does-overfull-hbox-mean-why-is-there-a-black-mark-at-the-end-of-a-line
10682,791,17450,registered,0,0,0,False,78.0,"biblatex, bibliographies",2,2011-02-09 17:25:19,False,18,0,0,3,0,False,230,0,,3,51500,https://tex.stackexchange.com/questions/10682/suppress-in-biblatex
21709,1442,12673,registered,0,0,0,False,62.0,"bibtex, comments",2,2011-06-27 16:42:24,False,72,0,0,3,0,False,229,0,,2,161228,https://tex.stackexchange.com/questions/21709/comments-in-bibtex
118489,30322,2497,registered,0,0,0,False,,"pdftex, forward-inverse-search",2,2013-06-10 18:49:42,False,83,0,0,4,0,True,229,2,,1,134614,https://tex.stackexchange.com/questions/118489/what-exactly-is-synctex
10555,3413,5111,registered,0,0,0,False,86.0,"beamer, hyperref, pdftex",3,2011-02-08 09:41:48,False,118,3,0,10,0,False,228,0,2958039.38,5,198718,https://tex.stackexchange.com/questions/10555/hyperref-warning-token-not-allowed-in-a-pdf-string
33370,3555,5237,registered,0,0,0,True,93.0,"spacing, page-breaking",2,2011-11-01 23:23:08,True,50,1,0,9,0,False,228,0,,4,392651,https://tex.stackexchange.com/questions/33370/adding-vertical-space-at-the-start-of-a-page
139401,41546,3375,registered,0,0,0,False,94.0,"graphics, miktex, texlive",3,2013-10-18 10:58:25,False,94,2,0,4,0,True,228,0,,2,447261,https://tex.stackexchange.com/questions/139401/how-to-use-graphicspath
42271,9757,30704,registered,0,0,0,False,99.0,symbols,1,2012-01-25 19:11:15,False,39,0,0,4,0,False,227,2,,3,511159,https://tex.stackexchange.com/questions/42271/floor-and-ceiling-functions
279,77,8013,registered,0,0,0,False,100.0,"sectioning, floats, positioning, page-breaking, sections-paragraphs",5,2010-07-27 08:29:31,False,41,0,0,13,0,True,226,0,,4,181075,https://tex.stackexchange.com/questions/279/how-do-i-ensure-that-figures-appear-in-the-section-theyre-associated-with
498,9,16520,registered,0,0,0,True,85.0,"math-mode, symbols",2,2010-07-28 20:58:47,True,49,1,1,8,0,False,226,2,6621093.7,8,572500,https://tex.stackexchange.com/questions/498/mid-vertical-bar-vert-lvert-rvert-divides
1423,166,2363,registered,0,0,0,False,,beamer,1,2010-08-09 23:12:58,False,59,0,0,13,0,True,226,0,,6,111035,https://tex.stackexchange.com/questions/1423/is-there-a-nice-way-to-compile-a-beamer-presentation-without-the-pauses
67506,412,23548,registered,0,0,0,False,77.0,"macros, math-operators",2,2012-08-17 09:09:19,False,79,0,1,3,0,False,226,4,,4,196820,https://tex.stackexchange.com/questions/67506/newcommand-vs-declaremathoperator
85904,9790,9934,registered,0,0,0,True,93.0,"titles, typography, big-list",3,2012-12-07 11:19:26,False,51,0,0,8,0,False,226,0,5219123.62,15,185843,https://tex.stackexchange.com/questions/85904/showcase-of-beautiful-title-page-done-in-tex
451,86,161292,registered,0,0,0,True,79.0,"macros, tex-core, expansion",3,2010-07-28 13:49:13,False,301,2,1,7,1,True,225,1,573.27,5,75479,https://tex.stackexchange.com/questions/451/when-to-use-edef-noexpand-and-expandafter
33607,5566,11738,registered,0,0,0,False,78.0,tikz-pgf,1,2011-11-04 01:17:15,False,267,0,0,4,0,False,225,0,6702720.78,6,187378,https://tex.stackexchange.com/questions/33607/easy-curves-in-tikz
21598,Unknown,0,does_not_exist,0,0,0,True,,"math-mode, macros, color",3,2011-06-25 22:41:26,False,40,0,0,5,0,True,223,0,6532208.8,3,431033,https://tex.stackexchange.com/questions/21598/how-to-color-math-symbols
1574,738,2321,registered,0,0,0,False,,"beamer, animations",2,2010-08-12 00:44:10,False,71,0,0,4,0,False,222,0,,6,361873,https://tex.stackexchange.com/questions/1574/embedding-videos-and-animations
3802,459,14815,registered,0,0,0,False,97.0,"bibtex, hyperref, natbib, doi",4,2010-10-06 09:58:50,False,49,0,0,7,0,False,222,0,6486469.98,11,339068,https://tex.stackexchange.com/questions/3802/how-to-get-doi-links-in-bibliography
11542,3706,1,registered,0,0,0,False,,"subscripts, superscripts",2,2011-02-20 03:12:12,False,32,0,0,6,0,False,222,1,807.97,12,256597,https://tex.stackexchange.com/questions/11542/left-and-right-subscript-superscript
12668,2035,2817,registered,0,0,0,True,88.0,"programming, package-writing, documentclass-writing, tutorials",4,2011-03-04 19:41:53,False,73,0,0,6,0,True,222,3,,6,45804,https://tex.stackexchange.com/questions/12668/where-do-i-start-latex-programming
84099,22511,2221,unregistered,0,0,0,False,,"bibliographies, bibtex",2,2012-11-24 22:37:43,False,108,1,0,5,0,False,222,0,1704826.0,2,168687,https://tex.stackexchange.com/questions/84099/bibliographies-from-multiple-bib-files
86054,2694,10277,registered,0,0,0,False,76.0,"spacing, enumerate, itemize",3,2012-12-08 05:22:52,True,140,1,0,7,0,True,222,0,5.22,7,280141,https://tex.stackexchange.com/questions/86054/how-to-remove-the-whitespace-before-itemize-enumerate
2790,1012,4815,registered,0,0,0,False,73.0,"verbatim, syntax, typewriter",3,2010-09-06 10:39:39,False,30,0,0,8,0,False,221,0,,7,384921,https://tex.stackexchange.com/questions/2790/when-should-one-use-verb-and-when-texttt
32140,5314,3391,registered,0,0,0,True,80.0,"math-mode, equations, brackets",3,2011-10-20 14:37:36,True,46,1,0,9,0,True,221,0,,4,1102301,https://tex.stackexchange.com/questions/32140/how-to-write-a-function-piecewise-with-bracket-outside
2326,512,19051,registered,0,0,0,True,98.0,vertical-alignment,1,2010-08-26 00:10:24,False,10,0,0,6,0,False,219,0,,5,442599,https://tex.stackexchange.com/questions/2326/vertically-center-text-on-a-page
35825,6880,15942,registered,0,0,0,False,89.0,"table-of-contents, formatting",2,2011-11-23 00:34:52,True,52,0,0,4,0,False,219,0,,4,24954,https://tex.stackexchange.com/questions/35825/pretty-table-of-contents
36175,8546,4823,registered,0,0,0,False,76.0,macros,1,2011-11-25 21:11:24,False,40,0,0,12,0,True,219,0,,3,160167,https://tex.stackexchange.com/questions/36175/what-do-newcommand-renewcommand-and-providecommand-do-and-how-do-they-differ
39227,8971,5714,registered,0,0,0,False,79.0,"sectioning, indentation, paragraphs, typography",4,2011-12-24 08:26:54,True,67,1,0,9,0,True,219,2,,3,326784,https://tex.stackexchange.com/questions/39227/no-indent-in-the-first-paragraph-in-a-section
4145,151,7728,registered,0,0,0,False,88.0,"conversion, r, msword, open-office",4,2010-10-15 06:22:09,False,186,0,4,11,0,False,218,3,4486938.83,27,126611,https://tex.stackexchange.com/questions/4145/workflow-for-converting-latex-into-open-office-ms-word-format
47063,9757,30704,registered,0,0,0,False,99.0,symbols,1,2012-03-07 00:56:11,False,50,0,0,8,0,False,218,4,854.48,6,634629,https://tex.stackexchange.com/questions/47063/rightarrow-vs-implies-and-does-not-imply-symbol
40492,8588,2413,registered,0,0,0,False,,"math-mode, equations, align, amsmath",4,2012-01-09 08:32:21,False,47,0,0,11,0,True,217,2,492.4,5,189589,https://tex.stackexchange.com/questions/40492/what-are-the-differences-between-align-equation-and-displaymath
34580,8254,4397,registered,0,0,0,False,100.0,"symbols, tex-core, characters",3,2011-11-12 17:55:34,False,80,2,0,4,0,False,216,3,4963897.57,6,630881,https://tex.stackexchange.com/questions/34580/escape-character-in-latex
10863,3504,3277,registered,0,0,0,True,,"tables, scaling",2,2011-02-11 19:49:35,False,82,1,0,18,0,True,215,0,5888036.1,5,833491,https://tex.stackexchange.com/questions/10863/is-there-a-way-to-slightly-shrink-a-table-including-font-size-to-fit-within-th
36396,Unknown,0,does_not_exist,0,0,0,True,,"bibtex, jabref",2,2011-11-28 12:02:15,False,83,0,1,9,0,True,215,1,,1,400845,https://tex.stackexchange.com/questions/36396/how-to-properly-write-multiple-authors-in-bibtex-file
13896,Unknown,0,does_not_exist,0,0,0,True,,"header-footer, rules, fancyhdr",3,2011-03-19 16:12:08,False,41,1,0,9,0,True,214,0,,1,193677,https://tex.stackexchange.com/questions/13896/how-to-remove-the-top-horizontal-bar-in-fancyhdr
39149,213,240866,moderator,0,0,0,False,79.0,"tikz-pgf, trees, fun",3,2011-12-23 00:04:22,True,124,1,2,11,0,True,214,1,525869.7,19,47745,https://tex.stackexchange.com/questions/39149/how-can-we-draw-a-christmas-tree-with-decorations-using-tikz
44195,1782,5403,registered,0,0,0,False,92.0,graphics,1,2012-02-11 14:47:06,False,27,0,0,3,0,False,214,2,7194692.33,13,198649,https://tex.stackexchange.com/questions/44195/placeholder-for-figure-includegraphics
44694,7583,5228,registered,0,0,0,True,100.0,"font-encodings, input-encodings",2,2012-02-16 01:12:41,False,220,0,0,3,0,False,214,1,,4,174893,https://tex.stackexchange.com/questions/44694/fontenc-vs-inputenc
7208,2418,6207,registered,0,0,0,False,87.0,"tables, vertical-alignment",2,2010-12-16 11:46:56,False,37,1,0,8,0,True,213,0,337.97,9,555361,https://tex.stackexchange.com/questions/7208/how-to-vertically-center-the-text-of-the-cells
312,42,41032,registered,0,0,0,False,84.0,"tilde, symbols",2,2010-07-27 11:20:18,True,170,0,1,4,0,False,212,3,61772.8,8,168149,https://tex.stackexchange.com/questions/312/correctly-typesetting-a-tilde
10850,3061,5757,registered,0,0,0,False,89.0,"math-mode, line-breaking, inline",3,2011-02-11 19:05:19,False,123,2,0,8,0,False,212,5,1017988.3,8,164731,https://tex.stackexchange.com/questions/10850/stop-latex-from-breaking-an-inline-math-equation
222500,5566,11738,registered,0,0,0,False,78.0,"tex-core, latex-misc",2,2015-01-10 13:52:58,False,400,0,0,5,0,True,212,3,1691.63,10,30494,https://tex.stackexchange.com/questions/222500/why-is-latex-so-complicated
329,79,2213,registered,0,0,0,False,,"bibliographies, fontsize",2,2010-07-27 12:47:33,False,54,0,0,7,0,True,211,3,,4,309158,https://tex.stackexchange.com/questions/329/how-to-change-font-size-for-bibliography
686,14,28103,registered,0,0,0,False,100.0,"beamer, symbols, navigation",3,2010-07-30 23:37:34,False,106,0,1,9,0,True,211,0,,2,70849,https://tex.stackexchange.com/questions/686/how-to-get-rid-of-navigation-symbols-in-beamer
76132,10157,8457,registered,0,0,0,False,68.0,"spacing, line-breaking",2,2012-10-10 14:53:32,False,34,0,0,7,0,False,211,0,,1,193960,https://tex.stackexchange.com/questions/76132/how-to-typeset-a-small-non-breaking-space
18576,2386,2273,registered,0,0,0,False,,"calculations, lengths",2,2011-05-19 12:25:21,False,60,1,0,8,0,False,210,0,10.97,4,89117,https://tex.stackexchange.com/questions/18576/get-width-of-a-given-text-as-length
17128,92,3474,registered,0,0,0,True,100.0,"biblatex, bibliographies, bibtex, citing",4,2011-05-02 01:28:36,False,50,0,0,17,0,True,209,0,4916059.97,2,128899,https://tex.stackexchange.com/questions/17128/using-bibtex-biblatex-to-make-a-list-of-references-without-having-citations-in-t
17734,Unknown,0,does_not_exist,0,0,0,True,,"graphics, errors, png",3,2011-05-08 14:56:08,False,95,1,0,5,0,False,209,1,,6,629468,https://tex.stackexchange.com/questions/17734/cannot-determine-size-of-graphic
29049,951,33274,registered,0,0,0,True,94.0,"line-breaking, paragraphs, typography, rivers",4,2011-09-20 22:34:29,True,124,0,1,8,0,True,209,0,,5,9845,https://tex.stackexchange.com/questions/29049/how-to-define-the-badness-of-a-river
50269,9757,30704,registered,0,0,0,False,99.0,"lists, itemize",2,2012-04-01 01:36:20,False,29,0,0,3,0,False,208,0,,5,565675,https://tex.stackexchange.com/questions/50269/itemize-without-bullets
240868,65856,5010,registered,0,0,0,True,86.0,"math-mode, cases",2,2015-04-27 17:05:55,True,34,1,0,23,0,True,208,5,,8,960716,https://tex.stackexchange.com/questions/240868/how-can-i-write-cases-with-grouping-braces-on-both-left-and-right-side-and-spli
10574,1442,12673,registered,0,0,0,False,62.0,"graphics, punctuation, file-lookup",3,2011-02-08 12:03:54,False,71,0,0,4,0,False,207,0,63.05,5,66131,https://tex.stackexchange.com/questions/10574/includegraphics-dots-in-filename
103988,Unknown,0,does_not_exist,0,0,0,True,,"formatting, arrows, stacking-symbols",3,2013-03-23 23:28:54,False,28,0,0,5,0,False,207,0,,2,698101,https://tex.stackexchange.com/questions/103988/rightarrow-with-text-above-it
73862,13173,8246,registered,0,0,0,True,92.0,"table-of-contents, hyperref, links",3,2009-02-15 17:40:04,False,42,0,1,9,0,True,206,0,,4,264639,https://tex.stackexchange.com/questions/73862/how-can-i-make-a-clickable-table-of-contents
32824,7256,2393,registered,0,0,0,False,,"math-mode, symbols",2,2011-10-26 23:51:03,False,102,4,0,12,0,False,206,0,,4,259981,https://tex.stackexchange.com/questions/32824/show-inline-math-as-if-it-were-display-math-and-vice-versa
40160,10511,2163,registered,0,0,0,False,,"math-mode, symbols, lyx",3,2012-01-05 19:38:19,True,65,0,0,9,0,False,206,0,5282356.83,7,626311,https://tex.stackexchange.com/questions/40160/math-symbol-question-vertical-bar-for-evaluated-at
108315,21891,60586,registered,0,0,0,True,88.0,"texmaker, texstudio",2,2013-04-12 15:44:11,True,158,0,1,9,0,True,206,2,,13,229792,https://tex.stackexchange.com/questions/108315/how-can-i-set-a-dark-theme-in-texstudio
4987,1402,47570,registered,0,0,0,False,70.0,context,1,2010-11-05 23:03:12,False,100,0,0,7,0,True,205,1,,6,35497,https://tex.stackexchange.com/questions/4987/why-should-i-be-interested-in-context
82993,510,258210,registered,0,0,0,True,98.0,naming,1,2012-11-16 16:24:57,False,60,1,0,14,2,True,205,0,0.67,5,125956,https://tex.stackexchange.com/questions/82993/how-to-change-the-name-of-document-elements-like-figure-contents-bibliogr
12672,215,76886,registered,0,0,0,False,98.0,"tables, big-list",2,2011-03-04 20:04:24,False,88,0,0,10,0,True,204,0,12.97,3,121918,https://tex.stackexchange.com/questions/12672/which-tabular-packages-do-which-tasks-and-which-packages-conflict
22100,6487,3841,registered,0,0,0,False,93.0,stacking-symbols,1,2011-07-02 06:01:43,False,64,0,0,5,0,False,204,0,5993310.78,6,970020,https://tex.stackexchange.com/questions/22100/the-bar-and-overline-commands
129951,19229,5197,registered,0,0,0,False,82.0,"numbering, lists, enumerate",3,2013-08-25 03:18:16,False,65,0,0,8,0,False,204,0,,1,782057,https://tex.stackexchange.com/questions/129951/enumerate-tag-using-the-alphabet-instead-of-numbers
15129,Unknown,0,does_not_exist,0,0,0,True,,"math-mode, symbols",2,2011-04-06 13:45:13,False,20,0,0,13,0,True,203,0,,1,764381,https://tex.stackexchange.com/questions/15129/how-to-write-n-x-n-with-a-multiplication-symbol-for-matrix-dimensions
27411,2877,2121,registered,0,0,0,False,,"fonts, pdftex, bold, small-caps",4,2009-03-31 01:52:20,False,53,1,0,5,0,False,202,1,1140552.35,8,394602,https://tex.stackexchange.com/questions/27411/small-caps-and-bold-face
6333,1527,15615,registered,0,0,0,False,90.0,"linux, spelling, grammar, proofreading",4,2010-12-01 17:10:02,False,98,0,0,6,0,True,202,3,5447.15,25,128197,https://tex.stackexchange.com/questions/6333/grammar-checking-tool-for-use-with-latex
39380,885,7215,registered,0,0,0,True,95.0,"macros, tex-core",2,2011-12-27 00:04:06,False,41,0,0,7,0,True,201,0,34.65,6,63757,https://tex.stackexchange.com/questions/39380/what-exactly-do-csname-and-endcsname-do
86565,17049,16476,registered,0,0,0,False,86.0,"spacing, xspace",2,2012-12-11 19:42:18,False,38,0,0,3,0,False,201,0,,2,49885,https://tex.stackexchange.com/questions/86565/drawbacks-of-xspace
139873,19356,38063,registered,0,0,0,True,98.0,"best-practices, big-list",2,2013-10-21 14:09:33,False,134,0,0,13,0,True,201,1,91.3,47,26142,https://tex.stackexchange.com/questions/139873/what-are-the-most-common-mistakes-that-beginners-of-latex-and-friends-make
2958,564,8541,registered,0,0,0,False,96.0,"floats, page-breaking",2,2010-09-10 06:14:33,False,124,1,0,6,0,True,200,1,,2,391705,https://tex.stackexchange.com/questions/2958/why-is-newpage-ignored-sometimes
13396,4177,3615,registered,0,0,0,False,,"equations, vertical-alignment, numbering, align",4,2011-03-14 16:51:55,True,148,3,3,15,0,False,200,0,,4,223937,https://tex.stackexchange.com/questions/13396/how-to-get-only-one-vertically-centered-equation-number-in-align-environment-wit
134638,Unknown,0,does_not_exist,0,0,0,True,,"typography, examples, calendar, calligraphy, typefaces",5,2013-09-23 11:42:26,True,386,1,3,6,4,False,200,1,,24,19904,https://tex.stackexchange.com/questions/134638/showcase-tex-typography-for-tugs-calendar
2597,1046,2083,registered,0,0,0,False,,"equations, numbering",2,2010-09-01 00:07:32,False,67,1,0,8,0,False,198,1,7197678.4,8,805640,https://tex.stackexchange.com/questions/2597/how-do-i-turn-off-equation-auto-numbering
9889,224,5488,registered,0,0,0,False,78.0,"beamer, vertical-alignment",2,2011-01-29 13:35:39,False,27,0,0,11,0,False,198,0,7544065.35,3,151697,https://tex.stackexchange.com/questions/9889/positioning-content-at-the-top-of-a-beamer-slide-by-default
33219,8964,4439,registered,0,0,0,False,90.0,"environments, quoting",2,2011-10-31 14:04:52,False,27,0,1,9,0,True,198,0,,3,117088,https://tex.stackexchange.com/questions/33219/whats-the-difference-between-the-environments-quote-and-quotation
128454,17423,27801,registered,0,0,0,False,86.0,"tex-core, big-list, latex-misc, research",4,2013-08-16 07:40:41,False,335,0,2,11,0,True,198,0,5886.45,23,13093,https://tex.stackexchange.com/questions/128454/are-there-any-open-research-problems-in-the-world-of-tex
425098,10995,112954,registered,0,0,0,False,98.0,"math-mode, fonts, unicode-math, opentype",4,2018-04-06 04:52:44,False,382,2,0,6,14,True,198,10,0.0,2,66942,https://tex.stackexchange.com/questions/425098/which-opentype-math-fonts-are-available
83855,16097,4865,registered,0,0,0,False,83.0,line-spacing,1,2012-11-22 23:27:04,False,45,1,0,6,0,False,197,0,5794748.27,5,897605,https://tex.stackexchange.com/questions/83855/change-line-spacing-inside-the-document
265,136,10884,registered,0,0,0,False,65.0,fontsize,1,2010-07-27 06:49:39,False,39,0,0,4,0,True,196,0,5.9,10,185985,https://tex.stackexchange.com/questions/265/fonts-larger-than-huge
1756,813,1254,registered,0,0,0,False,,latex-misc,1,2010-08-15 14:43:30,False,65,0,0,5,0,True,196,0,6114880.6,23,168517,https://tex.stackexchange.com/questions/1756/why-should-i-use-latex
91566,24343,2063,registered,0,0,0,False,,"graphics, horizontal-alignment",2,2013-01-13 12:44:36,False,26,0,0,8,0,True,196,0,5189311.73,4,701552,https://tex.stackexchange.com/questions/91566/syntax-similar-to-centering-for-right-and-left
32598,8839,2188,registered,0,0,0,False,,"sectioning, floats, positioning, sections-paragraphs",4,2011-10-24 20:59:51,False,78,1,2,12,0,False,195,1,120.13,4,659766,https://tex.stackexchange.com/questions/32598/force-latex-image-to-appear-in-the-section-in-which-its-declared
107057,27612,5907,registered,0,0,0,False,93.0,"tikz-pgf, fontsize, nodes",3,2013-04-05 20:35:08,False,86,1,0,6,0,False,195,2,4700538.42,4,426419,https://tex.stackexchange.com/questions/107057/adjusting-font-size-with-tikz-picture
30062,467,4011,registered,0,0,0,False,,"macros, spacing, tex-core",3,2010-06-10 17:42:49,False,37,0,0,3,0,False,194,1,,4,656442,https://tex.stackexchange.com/questions/30062/vspace-vs-vskip
4302,1527,15615,registered,0,0,0,False,90.0,"formatting, symbols, kerning",3,2010-10-19 16:16:28,True,52,0,0,6,0,True,194,1,6357955.12,11,87601,https://tex.stackexchange.com/questions/4302/prettiest-way-to-typeset-c-cplusplus
30720,8403,1941,unregistered,0,0,0,False,,"formatting, footnotes",2,2011-10-06 21:52:20,False,90,1,1,4,0,False,194,0,5526190.72,10,273775,https://tex.stackexchange.com/questions/30720/footnote-without-a-marker
42,14,28103,registered,0,0,0,False,100.0,"packages, spacing, indentation, paragraphs, parskip",5,2010-07-26 22:42:18,False,59,0,0,12,0,True,193,0,6206089.08,6,41033,https://tex.stackexchange.com/questions/42/how-can-i-use-a-vertical-space-between-paragraphs-rather-than-indentation
953,136,10884,registered,0,0,0,False,65.0,expl3,1,2010-08-04 01:41:01,False,47,0,0,9,0,True,193,0,523.53,5,34483,https://tex.stackexchange.com/questions/953/why-is-latex3-taking-so-long-to-come-out
3243,929,12622,registered,0,0,0,False,83.0,"tables, graphics, floats, captions, positioning",5,2010-09-19 00:44:20,False,48,0,0,10,0,True,193,2,,6,131186,https://tex.stackexchange.com/questions/3243/why-should-a-table-caption-be-placed-above-the-table
11366,1970,10406,registered,0,0,0,False,71.0,"floats, positioning",2,2011-02-18 01:21:44,False,48,0,0,16,0,True,193,1,439.83,9,278179,https://tex.stackexchange.com/questions/11366/how-can-i-get-the-figures-not-to-be-pushed-to-the-end-of-the-document
34265,6376,6490,registered,0,0,0,False,75.0,"beamer, fonts, math-mode",3,2011-11-09 23:22:49,True,96,2,0,10,0,False,193,1,,3,108244,https://tex.stackexchange.com/questions/34265/how-to-get-beamer-math-to-look-like-article-math
36030,6527,2287,registered,0,0,0,False,,"fonts, code",2,2011-11-24 12:59:00,False,44,0,0,10,0,True,192,2,,5,351782,https://tex.stackexchange.com/questions/36030/how-to-make-a-single-word-look-as-some-code
63852,16747,2065,registered,0,0,0,False,,"biblatex, bibtex, bibliographies, citing, warnings",5,2012-07-19 05:33:45,False,127,3,0,10,0,False,192,0,379.87,3,298726,https://tex.stackexchange.com/questions/63852/question-mark-or-bold-citation-key-instead-of-citation-number
2607,1035,9260,registered,0,0,0,False,100.0,"math-mode, spacing, math-operators, brackets, delimiters",5,2010-09-01 04:12:27,False,73,0,0,5,0,False,191,1,1001924.07,7,29973,https://tex.stackexchange.com/questions/2607/spacing-around-left-and-right
1554,510,258210,registered,0,0,0,True,98.0,"biblatex, author-number",2,2010-08-11 21:10:05,False,56,0,1,10,0,False,189,0,,2,127246,https://tex.stackexchange.com/questions/1554/biblatex-displaying-all-authors-of-multi-author-works-in-the-bibliography
2984,510,258210,registered,0,0,0,True,98.0,"packages, pdftex, xetex",3,2010-09-10 23:47:20,False,96,0,5,8,0,False,189,0,,3,56007,https://tex.stackexchange.com/questions/2984/frequently-loaded-packages-differences-between-pdflatex-and-xelatex
18987,Unknown,0,does_not_exist,0,0,0,True,,"pdftex, pdf, file-size",3,2011-05-24 22:46:28,False,61,0,0,9,0,True,189,1,1502.67,3,132777,https://tex.stackexchange.com/questions/18987/how-to-make-the-pdfs-produced-by-pdflatex-smaller
26529,7448,2761,registered,0,0,0,True,100.0,"pdf, pdftex, miktex, metadata",4,2011-08-25 05:23:50,False,58,0,0,8,0,True,189,0,2458653.32,6,98232,https://tex.stackexchange.com/questions/26529/how-can-i-generate-pdf-metadata-from-latex
73016,86,161292,registered,0,0,0,True,79.0,"packages, installing, linux",3,2012-09-18 13:23:39,False,120,0,2,11,0,True,188,0,0.0,8,299052,https://tex.stackexchange.com/questions/73016/how-do-i-install-an-individual-package-on-a-linux-system
135389,37383,2539,registered,0,0,0,False,,"math-mode, amsmath",2,2013-09-27 19:23:55,False,19,0,0,8,0,True,188,1,4287733.82,3,387538,https://tex.stackexchange.com/questions/135389/what-is-the-difference-between-dfrac-and-frac
7503,752,4355,registered,0,0,0,False,90.0,"math-mode, line-breaking, amsmath",3,2010-12-21 14:41:06,False,37,2,0,9,0,True,187,1,,6,192218,https://tex.stackexchange.com/questions/7503/how-can-i-write-multiple-lines-in-a-subscript
39296,8918,13935,registered,0,0,0,False,88.0,"tikz-pgf, diagrams, pstricks, context, metapost",5,2011-12-25 14:32:19,False,56,0,0,3,0,False,187,0,,12,29661,https://tex.stackexchange.com/questions/39296/simulating-hand-drawn-lines
39309,10268,2069,unregistered,0,0,0,False,,"pdftex, conversion, html, accessibility, latex2html",5,2011-12-25 16:52:47,True,155,1,1,4,0,False,186,1,395.08,15,283925,https://tex.stackexchange.com/questions/39309/convert-latex-to-html
42726,11272,2093,registered,0,0,0,False,,"equations, numbering, page-breaking, amsmath, align",5,2012-01-30 00:03:24,False,88,0,2,9,0,False,186,0,5856740.07,7,265358,https://tex.stackexchange.com/questions/42726/align-but-show-one-equation-number-at-the-end
104274,24686,3285,registered,0,0,0,False,71.0,"math-mode, xetex, symbols, amsmath, plain-tex",5,2013-03-25 23:18:42,False,19,0,0,7,0,False,186,0,552.65,5,1038121,https://tex.stackexchange.com/questions/104274/real-number-symbol-utf-8-%e2%84%9d-in-xetex
13625,3735,17665,registered,0,0,0,False,100.0,"floats, cross-referencing, captions, subfloats, subcaption",5,2011-03-16 15:48:20,False,73,0,1,9,0,False,184,0,,3,106323,https://tex.stackexchange.com/questions/13625/subcaption-vs-subfig-best-package-for-referencing-a-subfigure
47351,7844,10779,registered,0,0,0,False,95.0,"macros, patching",2,2012-03-09 07:31:56,False,54,1,0,8,0,True,184,0,32.07,5,71355,https://tex.stackexchange.com/questions/47351/can-i-redefine-a-command-to-contain-itself
119713,31834,3523,registered,0,0,0,False,78.0,"equations, pdf, copy-paste, accessibility",4,2013-06-18 13:25:06,True,40,1,0,5,0,False,184,0,5489120.25,3,18558,https://tex.stackexchange.com/questions/119713/making-equations-copyable-in-pdf
140814,2693,227255,registered,0,0,0,False,89.0,"biblatex, bibliographies, errors, compiling, biber",5,2013-10-26 21:47:47,False,45,3,0,10,0,False,184,0,,2,72938,https://tex.stackexchange.com/questions/140814/biblatex-biber-fails-with-a-strange-error-about-missing-recode-data-xml-file
218567,4011,30293,registered,0,0,0,False,72.0,"msword, latex-misc, tex-history",3,2014-12-18 17:40:33,False,191,0,1,9,0,False,184,3,1238.17,28,56122,https://tex.stackexchange.com/questions/218567/latex-vs-word-improvements-of-latex-over-the-years
41821,Unknown,0,does_not_exist,0,0,0,True,,bibtex,1,2012-01-21 14:50:36,False,62,0,0,13,0,False,183,7,1172164.62,13,54350,https://tex.stackexchange.com/questions/41821/creating-bib-file-containing-only-the-cited-references-of-a-bigger-bib-file
51757,11556,3047,registered,0,0,0,False,75.0,"tikz-pgf, conversion, svg",3,2012-04-13 14:18:46,False,59,0,0,10,0,True,183,0,1001066.18,9,84061,https://tex.stackexchange.com/questions/51757/how-can-i-use-tikz-to-make-standalone-svg-graphics
4152,791,17450,registered,0,0,0,False,78.0,"page-breaking, widows-orphans",2,2010-10-15 17:23:34,False,25,0,0,6,0,True,182,4,607.95,8,99619,https://tex.stackexchange.com/questions/4152/how-do-i-prevent-widow-orphan-lines
8683,2881,1923,registered,0,0,0,False,,"page-breaking, multicol",2,2011-01-11 06:33:40,True,122,1,0,10,2,True,182,0,6338284.67,4,252667,https://tex.stackexchange.com/questions/8683/how-do-i-force-a-column-break-in-a-multi-column-page
27028,6154,2407,registered,0,0,0,False,,line-breaking,1,2011-08-31 01:36:54,False,36,0,0,8,0,True,182,3,293.27,1,130913,https://tex.stackexchange.com/questions/27028/what-is-the-difference-between-newline-and
29840,5764,628671,moderator,0,0,0,True,97.0,"formatting, typography, big-list",3,2011-09-29 01:10:49,False,344,0,10,2,0,False,182,1,,5,19931,https://tex.stackexchange.com/questions/29840/consistent-typography
95270,24961,1921,registered,0,0,0,False,,ampersand,1,2013-01-25 01:29:18,False,33,0,2,8,0,True,182,3,,1,769700,https://tex.stackexchange.com/questions/95270/how-do-i-use-literally-in-latex
32711,7538,1921,registered,0,0,0,False,,"rules, decorations",2,2009-02-06 18:21:38,False,80,0,0,6,0,False,181,0,,14,78969,https://tex.stackexchange.com/questions/32711/totally-sweet-horizontal-rules-in-latex
531,46,3613,registered,0,0,0,False,,"symbols, punctuation",2,2010-07-29 01:47:55,False,66,0,1,10,0,True,181,0,281748.58,8,367658,https://tex.stackexchange.com/questions/531/what-is-the-best-way-to-use-quotation-mark-glyphs
7546,1333,3950,registered,0,0,0,True,75.0,symbols,1,2010-12-22 06:15:17,False,37,0,0,7,0,False,180,2,37.63,4,354154,https://tex.stackexchange.com/questions/7546/how-to-get-latex-symbol-in-document
135134,37301,1809,unregistered,0,0,0,False,,"spacing, lyx",2,2013-09-26 08:30:37,False,31,0,0,8,0,True,180,1,,4,850735,https://tex.stackexchange.com/questions/135134/how-to-add-an-empty-line-between-paragraphs
29973,951,33274,registered,0,0,0,True,94.0,"macros, optional-arguments",2,2011-09-29 23:46:00,False,30,1,0,7,0,False,179,1,7.45,7,59177,https://tex.stackexchange.com/questions/29973/more-than-one-optional-argument-for-newcommand
60453,15765,3101,registered,0,0,0,False,0.0,"equations, fontsize",2,2012-06-19 23:27:25,False,53,0,0,5,0,False,179,0,19.7,7,642536,https://tex.stackexchange.com/questions/60453/reducing-font-size-in-equation
80460,10542,3511,registered,0,0,0,False,83.0,"math-mode, math-operators",2,2012-11-05 08:19:26,False,31,0,1,6,0,False,179,0,,1,342195,https://tex.stackexchange.com/questions/80460/expression-under-summation-on-multiple-lines
139733,31917,5081,registered,0,0,0,False,83.0,"tikz-pgf, diagrams, animations, fun",4,2013-10-20 19:48:24,False,43,0,1,8,0,True,179,2,6496082.12,20,40315,https://tex.stackexchange.com/questions/139733/can-we-make-a-love-heart-with-latex
39930,Unknown,0,does_not_exist,0,0,0,True,,characters,1,2009-06-02 16:30:46,False,15,0,1,4,0,False,178,0,,1,366760,https://tex.stackexchange.com/questions/39930/hash-character-in-latex
25369,6626,4442,registered,0,0,0,True,92.0,"tables, rotating",2,2011-08-10 06:27:47,False,35,0,0,5,0,True,178,3,5480197.07,6,479388,https://tex.stackexchange.com/questions/25369/how-to-rotate-a-table
50349,13152,7942,registered,0,0,0,False,85.0,"tables, color",2,2012-04-01 19:09:52,False,50,0,1,7,0,False,178,0,,2,499604,https://tex.stackexchange.com/questions/50349/color-only-a-cell-of-a-table
59726,14339,3909,registered,0,0,0,False,92.0,"sectioning, fontsize, titlesec",3,2012-06-13 20:24:42,True,60,0,1,10,0,False,178,0,,5,422929,https://tex.stackexchange.com/questions/59726/change-size-of-section-subsection-subsubsection-paragraph-and-subparagraph-ti
74125,10554,3303,registered,0,0,0,False,68.0,syntax,1,2012-09-26 02:19:59,False,47,0,0,7,0,True,178,0,,4,451865,https://tex.stackexchange.com/questions/74125/how-do-i-put-text-over-symbols
8301,1660,3589,registered,0,0,0,False,100.0,"math-mode, symbols",2,2011-01-05 10:14:25,False,25,0,1,5,0,True,177,2,4.58,2,586556,https://tex.stackexchange.com/questions/8301/is-there-a-circle-symbol
11177,Unknown,0,does_not_exist,0,0,0,True,,"comments, text-manipulation",2,2011-02-16 02:17:28,False,16,0,0,9,0,True,177,1,,7,370850,https://tex.stackexchange.com/questions/11177/how-to-write-hidden-notes-in-a-latex-file
67571,17112,1937,registered,0,0,0,False,,"line-breaking, hyphenation",2,2012-08-17 17:14:48,False,137,0,0,5,0,False,177,1,39.12,2,226345,https://tex.stackexchange.com/questions/67571/no-hyphen-for-a-word
127707,21025,2577,registered,0,0,0,False,100.0,"math-mode, symbols",2,2013-08-11 17:06:45,True,42,2,0,8,0,False,177,0,,2,686736,https://tex.stackexchange.com/questions/127707/displaying-the-binomial-coefficient-symbol-in-math-mode
4239,483,2599,registered,0,0,0,False,100.0,"best-practices, unit-of-measure",2,2010-10-18 01:26:40,False,134,0,0,8,0,True,176,0,80.88,3,59607,https://tex.stackexchange.com/questions/4239/which-measurement-units-should-one-use-in-latex
35433,9241,9174,registered,0,0,0,True,76.0,"sectioning, table-of-contents, header-footer, numbering, starred-version",5,2011-11-20 00:47:43,False,60,0,0,11,0,False,176,1,,3,332104,https://tex.stackexchange.com/questions/35433/creating-unnumbered-parts-chapters-sections-plus-adding-them-to-the-toc-and-or
49414,8057,12850,registered,0,0,0,False,89.0,"tables, conversion, tools, big-list, excel2latex",5,2012-03-25 20:58:44,False,161,0,1,11,0,False,176,0,79247.48,26,43033,https://tex.stackexchange.com/questions/49414/comprehensive-list-of-tools-that-simplify-the-generation-of-latex-tables
58087,12860,6281,registered,0,0,0,False,68.0,"fonts, beamer, warnings",3,2012-06-01 08:22:53,False,50,2,1,20,0,True,176,0,6680698.73,5,160126,https://tex.stackexchange.com/questions/58087/how-to-remove-the-warnings-font-shape-ot1-cmss-m-n-in-size-4-not-available
83101,21792,3179,registered,0,0,0,False,71.0,"pgfplots, color, incompatibility, package-options",4,2012-11-17 18:03:35,False,188,3,0,5,0,False,176,0,5231266.52,3,204730,https://tex.stackexchange.com/questions/83101/option-clash-for-package-xcolor
146306,41478,1913,registered,0,0,0,True,,"lists, inline",2,2013-11-22 05:03:21,False,24,0,0,5,0,True,176,0,5785343.18,9,159283,https://tex.stackexchange.com/questions/146306/how-to-make-horizontal-lists
7953,Unknown,0,does_not_exist,0,0,0,True,,"pgfplots, graphics, tex-core, memory",4,2010-12-30 05:58:31,False,103,1,0,10,0,False,175,1,5652631.25,11,161993,https://tex.stackexchange.com/questions/7953/how-to-expand-texs-main-memory-size-pgfplots-memory-overload
8411,10,13703,registered,0,0,0,False,95.0,"bibliographies, bibtex, biblatex",3,2011-01-06 20:53:59,False,70,0,0,8,0,True,174,0,,1,99645,https://tex.stackexchange.com/questions/8411/what-is-the-difference-between-bibtex-and-biblatex
9065,164,2465,registered,0,0,0,False,100.0,"braces, conditionals",2,2011-01-16 15:26:49,False,31,0,0,9,0,False,174,1,6214715.6,5,292760,https://tex.stackexchange.com/questions/9065/large-braces-for-specifying-values-of-variables-by-condition
26575,1442,12673,registered,0,0,0,False,62.0,"bibtex, author-number",2,2011-08-26 13:26:48,False,126,0,2,11,0,True,174,0,6399883.02,12,323275,https://tex.stackexchange.com/questions/26575/bibtex-how-to-reduce-long-author-lists-to-firstauthor-et-al
52542,13740,1781,registered,0,0,0,True,,tikz-pgf,1,2012-04-19 12:43:27,True,214,0,1,6,0,True,174,1,,6,24396,https://tex.stackexchange.com/questions/52542/how-productive-are-you-with-tikz
89462,23992,5638,registered,0,0,0,False,100.0,"tables, two-column, columns",3,2013-01-05 15:56:53,False,96,2,0,5,0,False,174,1,,1,484921,https://tex.stackexchange.com/questions/89462/page-wide-table-in-two-column-mode
132783,36240,1971,registered,0,0,0,False,0.0,symbols,1,2013-09-11 17:12:43,False,91,1,0,6,0,False,174,0,,4,630050,https://tex.stackexchange.com/questions/132783/how-to-write-checkmark-in-latex
31096,1449,13137,registered,0,0,0,True,88.0,tikz-pgf,1,2010-07-20 14:44:22,False,49,1,0,10,0,True,173,0,,5,127733,https://tex.stackexchange.com/questions/31096/how-can-i-use-linebreak-inside-a-node-in-tikz
37790,8682,1895,registered,0,0,0,True,,"graphics, margins, scaling",3,2011-12-10 12:56:14,False,36,0,0,7,0,False,173,0,,1,503988,https://tex.stackexchange.com/questions/37790/scale-figure-to-a-percentage-of-textwidth
77737,19287,13647,registered,0,0,0,True,94.0,"macros, punctuation",2,2012-10-15 17:23:12,False,32,0,0,8,0,True,172,0,25.12,1,142392,https://tex.stackexchange.com/questions/77737/what-is-the-difference-between-dots-and-ldots
1325,422,4452,registered,0,0,0,False,100.0,"revision-control, latexdiff, git",3,2010-08-08 07:15:01,False,71,1,0,4,0,False,171,0,,8,48594,https://tex.stackexchange.com/questions/1325/using-latexdiff-with-git
26516,4278,6362,registered,0,0,0,False,100.0,"biblatex, biber, tutorials",3,2011-08-25 16:07:48,False,56,0,0,4,0,False,170,2,108201.98,3,276607,https://tex.stackexchange.com/questions/26516/how-to-use-biber
35933,9241,9174,registered,0,0,0,True,76.0,"indentation, paragraphs",2,2011-11-23 20:40:55,False,21,0,0,4,0,False,170,0,,9,367001,https://tex.stackexchange.com/questions/35933/indenting-a-whole-paragraph
73283,18922,1877,registered,0,0,0,False,,"tables, multirow",2,2012-09-20 01:32:29,False,89,1,0,4,0,False,170,0,4432984.23,4,1045943,https://tex.stackexchange.com/questions/73283/how-to-use-multirow
4690,928,2261,registered,0,0,0,False,,"errors, line-breaking, letters",3,2010-10-29 18:22:14,False,41,1,0,8,0,False,169,3,39.8,8,370043,https://tex.stackexchange.com/questions/4690/error-message-theres-no-line-here-to-end
8503,749,3313,registered,0,0,0,False,100.0,"pdftex, pdf, conversion, source",4,2011-01-08 16:59:01,False,31,0,0,6,0,True,169,2,904983.38,9,458339,https://tex.stackexchange.com/questions/8503/how-to-convert-pdf-to-latex
29593,8170,1691,registered,0,0,0,False,,"spacing, vertical-alignment, titles",3,2011-09-26 23:03:08,False,64,1,0,6,0,True,169,0,18.78,5,264613,https://tex.stackexchange.com/questions/29593/shift-title-and-author-text-up
51263,5239,98057,registered,0,0,0,False,98.0,"tex-core, latex-base",2,2012-04-09 13:57:11,False,37,0,1,8,0,True,169,1,12.1,2,37556,https://tex.stackexchange.com/questions/51263/what-are-penalties-and-which-ones-are-defined
66418,17404,1691,registered,0,0,0,False,,"math-mode, greek, tilde",3,2012-08-09 09:37:39,False,34,0,0,5,0,False,169,0,,1,528251,https://tex.stackexchange.com/questions/66418/tilde-over-a-symbol-phi
312199,2388,360019,registered,0,0,0,True,61.0,"graphics, fun",2,2016-05-30 15:07:51,True,258,0,8,4,0,False,169,16,905.3,14,18317,https://tex.stackexchange.com/questions/312199/i-need-a-tex-donkey
528,142,3297,registered,0,0,0,False,100.0,"package-writing, tutorials, documentclass-writing",3,2010-07-29 00:59:35,False,30,0,0,2,0,False,167,0,8494.93,7,85045,https://tex.stackexchange.com/questions/528/style-class-tutorials
1492,83,92989,registered,0,0,0,False,90.0,"automation, compiling",2,2010-08-10 19:24:13,False,72,0,0,5,0,False,167,2,152640.05,16,56369,https://tex.stackexchange.com/questions/1492/passing-parameters-to-a-document
12344,3860,7605,registered,0,0,0,False,69.0,"math-mode, equations",2,2011-03-01 01:25:02,True,60,1,1,10,0,True,167,1,18.38,4,133154,https://tex.stackexchange.com/questions/12344/separate-long-math-text-under-sum-symbol-into-different-lines
27802,5317,5397,registered,0,0,0,False,88.0,indentation,1,2011-09-07 22:51:50,False,36,0,1,5,0,False,167,0,,2,566076,https://tex.stackexchange.com/questions/27802/set-noindent-for-entire-file
51434,13375,1773,registered,0,0,0,False,,"biblatex, sorting",2,2012-04-10 20:36:25,False,120,3,0,3,0,False,167,0,,1,255606,https://tex.stackexchange.com/questions/51434/biblatex-citation-order
154751,73,273084,moderator,0,0,0,False,93.0,"biblatex, biber, editors, big-list, ide",5,2014-01-18 20:30:47,False,237,1,16,10,0,False,167,0,2907607.67,16,203241,https://tex.stackexchange.com/questions/154751/biblatex-with-biber-configuring-my-editor-to-avoid-undefined-citations
19919,14,28103,registered,0,0,0,False,100.0,"macros, packages",2,2011-06-05 05:42:09,False,63,0,1,7,0,True,166,0,,5,91720,https://tex.stackexchange.com/questions/19919/whats-the-difference-between-requirepackage-and-usepackage
84302,12165,5172,registered,0,0,0,False,80.0,"best-practices, math-operators",2,2012-11-26 13:08:54,False,36,0,0,9,0,True,166,3,,3,67506,https://tex.stackexchange.com/questions/84302/what-is-the-difference-of-mathop-operatorname-and-declaremathoperator
671,35,23407,registered,0,0,0,True,82.0,"math-mode, math-operators",2,2010-07-30 21:45:56,False,36,0,0,9,0,False,165,0,,7,105322,https://tex.stackexchange.com/questions/671/define-additional-math-operators-to-be-typeset-in-roman
20885,4956,2533,registered,0,0,0,False,75.0,tikz-pgf,1,2011-06-16 10:39:45,True,111,1,0,11,0,True,165,2,,2,119753,https://tex.stackexchange.com/questions/20885/how-can-i-flip-the-direction-of-curly-braces-in-tikz
40738,3127,9482,registered,0,0,0,False,97.0,makefile,1,2012-01-11 13:11:56,False,255,2,0,7,0,True,165,1,,4,122807,https://tex.stackexchange.com/questions/40738/how-to-properly-make-a-latex-project
115087,12741,3178,registered,0,0,0,False,100.0,"tikz-pgf, graphics",2,2013-05-19 17:54:37,False,52,1,0,11,0,True,165,0,,1,193751,https://tex.stackexchange.com/questions/115087/how-can-i-embed-an-external-image-within-a-tikzpicture-environment
119068,32134,4269,registered,0,0,0,False,96.0,"spacing, typography",2,2013-06-14 01:22:49,False,43,0,0,3,0,False,165,1,,3,296402,https://tex.stackexchange.com/questions/119068/meaning-of-quad
3177,1209,1743,registered,0,0,0,False,,"sectioning, numbering",2,2010-09-17 03:31:17,False,63,1,0,15,0,False,164,0,,2,306196,https://tex.stackexchange.com/questions/3177/how-to-change-the-numbering-of-part-chapter-section-to-alphabetical-r
7219,2543,1895,registered,0,0,0,False,,"graphics, vertical-alignment",2,2010-12-16 16:26:53,False,37,1,0,10,0,True,164,0,3650172.95,9,169136,https://tex.stackexchange.com/questions/7219/how-to-vertically-center-two-images-next-to-each-other
34482,4012,56727,registered,0,0,0,False,93.0,"typography, decorations, fun",3,2011-11-11 16:05:38,True,874,0,15,11,0,False,164,0,,12,35531,https://tex.stackexchange.com/questions/34482/contest-show-off-your-skillz-in-tex-friends-tex-sx-birthday
6388,459,14815,registered,0,0,0,False,97.0,"tikz-pgf, margins, scaling",3,2010-12-02 09:39:21,False,56,0,0,7,0,False,163,2,,7,92054,https://tex.stackexchange.com/questions/6388/how-to-scale-a-tikzpicture-to-textwidth
78101,4012,56727,registered,0,0,0,False,93.0,"compiling, editors, comments, tools, magic-comment",5,2012-10-18 02:10:39,False,243,1,0,13,2,True,163,2,49.7,5,35549,https://tex.stackexchange.com/questions/78101/when-and-why-should-i-use-tex-ts-program-and-tex-encoding
7938,100,21873,registered,0,0,0,False,77.0,"graphics, pdf, pdfpages",3,2010-12-29 21:28:17,False,136,0,0,6,0,False,162,0,,2,142660,https://tex.stackexchange.com/questions/7938/pdflatex-includegraphics-and-multi-page-pdf-files
13209,4128,1723,registered,0,0,0,False,,"math-mode, math-operators",2,2011-03-11 10:51:48,True,39,0,1,11,0,True,162,0,,4,536872,https://tex.stackexchange.com/questions/13209/how-to-place-text-as-subscript-under-mathematical-operator-in-equation
34312,4539,2489,registered,0,0,0,False,67.0,"macros, key-value",2,2011-11-10 07:57:54,False,25,1,0,8,0,True,162,0,28.38,6,26414,https://tex.stackexchange.com/questions/34312/how-to-create-a-command-with-key-values
45848,2634,17576,registered,0,0,0,False,99.0,"tikz-pgf, positioning, rotating",3,2012-02-26 14:23:54,True,576,4,0,9,2,True,162,0,,5,181090,https://tex.stackexchange.com/questions/45848/rotate-node-text-and-use-relative-positioning-in-tikz
52351,13606,1755,registered,0,0,0,False,,"punctuation, texmaker",2,2012-04-18 04:52:27,True,197,1,2,6,0,False,162,0,27.0,2,636798,https://tex.stackexchange.com/questions/52351/quote-marks-are-backwards-using-texmaker-pdflatex
58878,15338,3199,registered,0,0,0,False,75.0,"tikz-pgf, nodes, labels",3,2012-06-07 10:54:28,False,89,0,0,7,0,False,162,0,25.77,5,277730,https://tex.stackexchange.com/questions/58878/tikz-set-node-label-position-more-precisely
87134,23338,2106,registered,0,0,0,False,50.0,"math-mode, best-practices",2,2012-12-15 19:06:13,False,36,1,0,10,0,True,162,2,1111225.82,6,179115,https://tex.stackexchange.com/questions/87134/what-is-the-advantage-of-using-f-prime-instead-of-f
102878,21891,60586,registered,0,0,0,True,88.0,"msword, teaching",2,2013-03-17 13:49:06,True,296,0,3,9,0,True,162,0,,25,10985,https://tex.stackexchange.com/questions/102878/how-can-i-convert-my-tex-illiterate-coworkers-to-latex
104248,10102,14467,registered,0,0,0,False,29.0,"fun, big-list",2,2013-03-25 20:49:06,False,51,0,0,12,0,False,162,2,513.32,16,29834,https://tex.stackexchange.com/questions/104248/what-is-the-most-bizarre-thing-you-have-seen-done-with-tex
228271,77021,2099,registered,0,0,0,False,,"beamer, columns",2,2015-02-15 17:57:07,False,70,1,0,5,0,False,162,2,,3,511277,https://tex.stackexchange.com/questions/228271/creating-two-columns-in-beamer
300340,5640,13084,registered,0,0,0,False,56.0,"spacing, lists, enumitem",3,2016-03-22 18:06:26,False,46,0,1,15,0,True,162,9,611.97,2,121153,https://tex.stackexchange.com/questions/300340/topsep-itemsep-partopsep-parsep-what-do-they-each-mean-and-what-about
1390,215,76886,registered,0,0,0,False,98.0,"fonts, computer-modern, latin-modern",3,2010-08-09 15:07:51,False,58,0,0,4,0,True,161,0,2161288.92,6,53382,https://tex.stackexchange.com/questions/1390/latin-modern-vs-cm-super
3445,10,13703,registered,0,0,0,False,95.0,"tables, rules",2,2010-09-24 15:58:49,False,18,0,0,13,0,True,161,0,5754918.22,8,408426,https://tex.stackexchange.com/questions/3445/latex-tables-how-do-i-make-thicker-or-thinner-horizontal-lines-typically-hlin
3833,574,4501,registered,0,0,0,False,76.0,"bibtex, arxiv",2,2010-10-06 23:27:02,False,143,2,0,9,2,False,161,0,2962403.17,9,289451,https://tex.stackexchange.com/questions/3833/how-to-cite-an-article-from-arxiv-using-bibtex
8652,2786,11543,registered,0,0,0,False,92.0,"floats, positioning",2,2011-01-10 20:26:59,False,34,2,0,6,0,True,161,0,5.77,2,498394,https://tex.stackexchange.com/questions/8652/what-does-t-and-ht-mean
10130,2042,5029,registered,0,0,0,False,100.0,titles,1,2011-02-03 02:15:26,False,79,1,0,13,0,False,161,3,20.63,5,192700,https://tex.stackexchange.com/questions/10130/use-the-values-of-title-author-and-date-on-a-custom-title-page
1959,82,6772,registered,0,0,0,False,,"math-mode, line-breaking",2,2010-08-18 18:22:38,False,106,4,0,9,0,True,160,3,3017863.42,7,105192,https://tex.stackexchange.com/questions/1959/allowing-line-break-at-in-inline-math-mode
5228,1785,5403,registered,0,0,0,False,95.0,"pdf, compiling, jobname",3,2010-11-11 21:51:56,False,125,0,0,9,0,True,160,1,,9,46022,https://tex.stackexchange.com/questions/5228/can-one-tex-file-output-to-multiple-pdf-files
5948,2132,1825,registered,0,0,0,False,,"titles, document-classes, article",3,2010-11-25 17:04:58,False,115,1,0,7,1,False,160,0,,3,342170,https://tex.stackexchange.com/questions/5948/subtitle-doesnt-work-in-article-document-class
7742,2099,50663,registered,0,0,0,False,93.0,"koma-script, memoir",2,2010-12-25 21:39:18,False,26,0,2,10,0,True,160,1,,5,32179,https://tex.stackexchange.com/questions/7742/what-are-the-strengths-and-weaknesses-of-koma-script-and-memoir
12026,3825,2865,registered,0,0,0,False,67.0,"symbols, equations, cross-referencing",3,2011-02-25 13:42:23,False,20,0,0,5,0,False,160,0,,3,395222,https://tex.stackexchange.com/questions/12026/label-equation-with-a-symbol
25903,7286,1601,unregistered,0,0,0,False,,boxes,1,2011-08-17 08:06:31,False,103,1,0,11,0,True,160,1,310.07,6,730550,https://tex.stackexchange.com/questions/25903/how-to-put-a-long-piece-of-text-in-a-box
54055,986,2849,registered,0,0,0,False,71.0,"lists, enumerate",2,2012-05-02 08:04:04,False,32,4,0,7,0,False,160,1,4968720.85,4,507404,https://tex.stackexchange.com/questions/54055/using-lower-case-roman-numerals-in-enumerate-lists
62496,Unknown,0,does_not_exist,0,0,0,True,,"lists, itemize",2,2010-03-13 17:22:57,False,34,1,0,9,0,False,159,1,,6,396493,https://tex.stackexchange.com/questions/62496/itemize-with-a-dash-instead-of-a-bullet
15,55,1691,registered,0,0,0,True,,"tools, spelling, big-list, proofreading",4,2010-07-26 22:28:46,False,9,0,0,4,0,False,159,0,6239204.35,18,107621,https://tex.stackexchange.com/questions/15/spell-checking-latex-documents
24434,6970,1591,unregistered,0,0,0,False,,"tikz-pgf, color, rounded-corners",3,2011-07-29 20:30:33,False,96,2,0,14,2,True,159,1,,4,339440,https://tex.stackexchange.com/questions/24434/how-to-specify-a-fill-color-in-rgb-format-in-a-node-in-tikzpicture
26972,7477,2549,registered,0,0,0,False,67.0,"graphics, tools",2,2011-08-30 17:10:58,False,39,0,1,12,0,True,159,3,1176477.53,24,85283,https://tex.stackexchange.com/questions/26972/what-gui-applications-are-there-to-assist-in-generating-graphics-for-tex
75166,12992,2289,registered,0,0,0,True,86.0,"fonts, errors, packages, texlive, font-encodings",5,2012-10-03 16:53:24,False,156,1,1,14,0,False,159,1,989.8,6,187959,https://tex.stackexchange.com/questions/75166/error-in-tex-live-font-not-loadable-metric-tfm-file-not-found
76273,2502,2087,registered,0,0,0,False,75.0,"graphics, pdftex, pdf, warnings, transparency",5,2012-10-11 11:28:45,False,284,2,3,11,1,False,159,0,2410514.22,13,61873,https://tex.stackexchange.com/questions/76273/multiple-pdfs-with-page-group-included-in-a-single-page-warning
35481,64270,2621,registered,0,0,0,False,,"lists, line-breaking, description",3,2009-10-14 13:46:41,True,104,1,0,12,0,True,158,0,,7,197231,https://tex.stackexchange.com/questions/35481/description-list-how-to-put-the-definition-on-a-new-line
143,46,3613,registered,0,0,0,False,,bibtex,1,2010-07-26 23:43:35,False,41,0,0,10,0,True,158,1,7564731.05,30,112193,https://tex.stackexchange.com/questions/143/what-are-good-sites-to-find-citations-in-bibtex-format
6862,Unknown,0,does_not_exist,0,0,0,True,,"sectioning, table-of-contents, header-footer, chapters",4,2010-12-10 15:03:35,False,116,2,0,19,0,True,158,0,26.32,6,128095,https://tex.stackexchange.com/questions/6862/how-can-i-display-a-short-chapter-name-in-the-header-and-a-long-chapter-name-in
45501,9327,3091,registered,0,0,0,False,100.0,"spacing, indentation",2,2012-02-23 11:48:44,False,31,0,0,4,0,False,158,3,85.27,6,1229762,https://tex.stackexchange.com/questions/45501/how-to-add-indentation
12175,3831,13800,registered,0,0,0,False,64.0,"bibtex, biblatex",2,2011-02-27 05:29:10,False,51,0,0,5,0,False,157,1,7458089.6,6,36580,https://tex.stackexchange.com/questions/12175/biblatex-submitting-to-a-journal
70143,18019,2343,registered,0,0,0,False,67.0,cross-referencing,1,2012-09-04 22:03:29,False,102,0,0,4,0,False,157,0,5427264.77,2,128796,https://tex.stackexchange.com/questions/70143/cross-reference-with-custom-text
240243,70498,1633,unregistered,0,0,0,False,,"beamer, graphics, animations, gif",4,2015-04-23 22:15:17,False,50,0,0,9,0,False,157,3,10.38,3,205472,https://tex.stackexchange.com/questions/240243/getting-gif-and-or-moving-images-into-a-latex-presentation
268,135,1845,registered,0,0,0,True,,"symbols, addresses",2,2010-07-27 07:02:42,False,41,0,0,8,0,True,156,1,,10,230890,https://tex.stackexchange.com/questions/268/whats-the-best-way-to-write-e-mail-addresses
45183,575,38898,registered,0,0,0,False,92.0,"luatex, programming, expl3",3,2012-02-20 21:18:47,False,719,0,7,4,0,False,156,1,310.33,6,14530,https://tex.stackexchange.com/questions/45183/latex3-versus-pure-lua
152951,43727,1835,registered,0,0,0,False,,"math-mode, accents",2,2014-01-08 04:58:06,False,73,1,0,8,0,True,156,3,,1,830701,https://tex.stackexchange.com/questions/152951/how-to-write-two-dot-above-a-letter
105589,28389,2291,registered,0,0,0,False,,"pdf, pdfpages",2,2013-03-27 16:23:38,True,178,5,0,6,3,False,155,0,,5,733531,https://tex.stackexchange.com/questions/105589/insert-pdf-file-in-latex-document
64,60,21228,registered,0,0,0,False,75.0,"compiling, automation, tools, big-list, makefile",5,2010-07-26 22:52:45,False,39,1,0,5,0,False,154,3,1170386.67,27,40280,https://tex.stackexchange.com/questions/64/tools-for-automating-document-compilation
588,32,22644,registered,0,0,0,False,86.0,indentation,1,2010-07-29 19:13:06,False,83,0,0,12,0,True,154,0,6807300.52,7,256047,https://tex.stackexchange.com/questions/588/how-can-i-change-the-margins-for-only-part-of-the-text
19502,1191,3469,registered,0,0,0,False,100.0,"amsmath, best-practices",2,2011-05-31 02:02:14,False,61,1,0,11,0,True,154,0,,5,71152,https://tex.stackexchange.com/questions/19502/is-there-a-preference-of-when-to-use-text-and-mathrm
28465,4042,1643,registered,0,0,0,False,,"formatting, footnotes",2,2011-09-15 00:01:16,False,94,1,0,5,0,False,154,0,5745231.87,6,110099,https://tex.stackexchange.com/questions/28465/multiple-footnotes-at-one-point
40760,215,76886,registered,0,0,0,False,98.0,"best-practices, preamble",2,2012-01-11 17:05:17,False,94,0,0,6,0,False,154,0,170.32,5,18329,https://tex.stackexchange.com/questions/40760/best-practice-on-organising-your-preamble
204621,63361,1643,registered,0,0,0,True,,matrices,1,2014-10-05 08:37:31,False,111,2,0,3,0,False,154,1,103.62,2,1167389,https://tex.stackexchange.com/questions/204621/matrix-in-latex
62492,853,1673,registered,0,0,0,True,,"tikz-pgf, floats, horizontal-alignment",3,2009-12-05 01:14:11,False,35,0,1,9,0,True,153,1,,3,201076,https://tex.stackexchange.com/questions/62492/what-is-the-correct-way-to-center-a-tikzpicture
1930,647,65430,registered,0,0,0,False,92.0,"tex-core, best-practices, grouping, implicit-braces",4,2010-08-18 10:35:49,False,59,0,0,8,0,True,153,0,,2,69201,https://tex.stackexchange.com/questions/1930/when-should-one-use-begingroup-instead-of-bgroup
17489,4774,3135,unregistered,0,0,0,False,75.0,"floats, formatting, captions, naming",4,2011-05-05 19:27:27,False,40,1,0,5,0,False,153,0,,3,312748,https://tex.stackexchange.com/questions/17489/change-caption-name-of-figures
17502,5149,3265,registered,0,0,0,False,80.0,"tex-general, latex-misc",2,2011-05-05 21:54:34,False,18,0,0,9,0,True,153,2,4.45,7,202797,https://tex.stackexchange.com/questions/17502/what-is-the-correct-pronunciation-of-tex-and-latex
18924,5701,37533,registered,0,0,0,False,98.0,"hyperref, warnings",2,2011-05-24 09:17:13,False,86,2,2,16,0,False,153,4,7422094.85,6,95281,https://tex.stackexchange.com/questions/18924/pdftex-warning-ext4-destination-with-the-same-identifier-nam-epage-1-has
22856,3661,3671,registered,0,0,0,False,85.0,tables,1,2011-07-12 14:06:16,False,89,1,0,7,0,True,153,0,,3,500460,https://tex.stackexchange.com/questions/22856/how-to-merge-columns-in-a-table
1443,27533,5666,registered,0,0,0,False,83.0,"automation, conversion, big-list, ocr",4,2010-08-10 02:42:22,False,51,0,0,11,0,True,152,7,1128458.88,19,82448,https://tex.stackexchange.com/questions/1443/what-is-the-status-of-generating-latex-from-handwriting-i-e-ocr
9550,2037,1653,registered,0,0,0,False,,"line-breaking, text-decorations, soul",3,2011-01-23 16:41:56,False,40,0,0,16,0,True,152,0,19.57,3,115115,https://tex.stackexchange.com/questions/9550/why-does-underlined-text-not-get-wrapped-once-it-hits-the-end-of-a-line
11668,3660,4305,registered,0,0,0,False,94.0,"table-of-contents, numbering, minitoc, unnumbered-sections",4,2011-02-21 21:24:49,False,111,1,0,5,0,False,152,0,1948121.28,5,140849,https://tex.stackexchange.com/questions/11668/adding-unnumbered-sections-to-toc
18389,5566,11738,registered,0,0,0,False,78.0,tikz-pgf,1,2011-05-17 00:32:53,False,25,0,0,11,0,True,152,1,,7,118928,https://tex.stackexchange.com/questions/18389/tikz-node-at-same-x-coordinate-as-another-node-but-specified-y-coordinate
40720,10461,1863,registered,0,0,0,False,75.0,latex-misc,1,2012-01-11 07:46:24,False,40,0,0,3,0,False,152,0,,17,39209,https://tex.stackexchange.com/questions/40720/latex-in-industry
145657,35571,2427,registered,0,0,0,False,100.0,"equations, align",2,2013-11-18 19:30:31,False,60,1,0,3,0,False,152,1,4535207.18,8,998074,https://tex.stackexchange.com/questions/145657/align-equation-left
23117,4177,3615,registered,0,0,0,False,,"biblatex, urls, doi",3,2011-07-15 11:42:37,False,54,0,0,10,0,False,151,0,6134635.85,3,84058,https://tex.stackexchange.com/questions/23117/biblatex-get-rid-of-issn-urls-and-dois-in-references
40159,3745,1613,registered,0,0,0,False,,"tikz-pgf, diagrams, sankey",3,2012-01-05 19:30:51,True,455,3,1,8,2,False,151,0,,4,19067,https://tex.stackexchange.com/questions/40159/how-to-draw-a-sankey-diagram-using-tikz
67912,17114,1735,registered,0,0,0,False,,spacing,1,2012-08-20 17:04:20,False,28,0,0,3,0,False,151,2,,3,142152,https://tex.stackexchange.com/questions/67912/large-negative-spaces
74170,1333,3950,registered,0,0,0,True,75.0,"spacing, indentation, paragraphs",3,2010-07-01 19:08:07,False,132,3,1,7,0,False,150,1,,4,309648,https://tex.stackexchange.com/questions/74170/have-new-line-between-paragraphs-no-indentation
5363,1861,4307,registered,0,0,0,False,,"tables, color, backgrounds",3,2010-11-14 15:07:35,False,79,0,0,8,0,True,150,0,,7,97287,https://tex.stackexchange.com/questions/5363/how-to-create-alternating-rows-in-a-table
14386,4482,1737,registered,0,0,0,False,,"fonts, symbols",2,2011-03-28 02:19:23,False,50,0,0,8,0,False,150,2,102.2,6,37254,https://tex.stackexchange.com/questions/14386/importing-a-single-symbol-from-a-different-font
24186,6376,6490,registered,0,0,0,False,75.0,horizontal-alignment,1,2011-07-27 03:36:31,False,111,1,0,14,0,True,150,0,,6,584748,https://tex.stackexchange.com/questions/24186/how-to-center-text-without-adding-space-and-not-altering-alignment-of-surroundin
44088,7128,8269,registered,0,0,0,False,65.0,"hyperref, links",2,2012-02-10 12:48:25,False,26,0,1,7,0,True,150,1,,3,116392,https://tex.stackexchange.com/questions/44088/when-do-i-need-to-invoke-phantomsection
66216,10055,3395,registered,0,0,0,False,76.0,tikz-pgf,1,2012-08-07 19:09:31,False,50,0,0,10,0,False,150,1,3237101.18,8,123063,https://tex.stackexchange.com/questions/66216/draw-arc-in-tikz-when-center-of-circle-is-specified
103608,16835,2741,registered,0,0,0,True,71.0,"line-breaking, punctuation, hyphenation",3,2013-03-21 14:39:45,False,60,0,0,13,0,True,150,0,,7,89307,https://tex.stackexchange.com/questions/103608/how-to-force-latex-not-to-break-the-line-after-a-hyphen
225523,71265,1821,registered,0,0,0,False,100.0,equations,1,2015-01-29 15:01:26,False,82,1,0,13,0,True,150,1,2511992.1,7,1037946,https://tex.stackexchange.com/questions/225523/how-to-write-partial-differential-equation-ex-dq-dt-ds-dt-with-real-partial-d
308,169,65149,registered,0,0,0,False,93.0,"macros, optional-arguments",2,2010-07-27 10:58:10,False,37,1,0,8,0,False,149,0,7401727.85,6,31364,https://tex.stackexchange.com/questions/308/different-command-definitions-with-and-without-optional-argument
17579,Unknown,0,does_not_exist,0,0,0,True,,"book-design, covers",2,2011-05-06 16:40:16,False,42,0,0,7,0,True,149,1,67.28,14,86481,https://tex.stackexchange.com/questions/17579/how-can-i-design-a-book-cover
162462,Unknown,0,does_not_exist,0,0,0,True,,tables,1,2014-02-25 13:27:06,False,152,2,0,7,0,False,149,1,244.28,2,809119,https://tex.stackexchange.com/questions/162462/how-to-center-the-table-in-latex
3161,82,6772,registered,0,0,0,False,,"tikz-pgf, arrows, decorations",3,2010-09-16 20:47:44,False,52,3,0,12,1,True,148,0,6508540.75,9,125533,https://tex.stackexchange.com/questions/3161/tikz-how-to-draw-an-arrow-in-the-middle-of-the-line
20660,1393,3821,registered,0,0,0,False,,"beamer, bibliographies, page-breaking",3,2011-06-14 03:39:57,False,91,1,0,10,0,True,148,0,6212961.77,4,102699,https://tex.stackexchange.com/questions/20660/how-can-i-split-a-beamer-bibliography-across-two-slides
32325,5640,13084,registered,0,0,0,False,56.0,"cross-referencing, numbering, captions, algorithms",4,2011-10-22 11:36:09,False,104,1,0,11,0,True,148,0,,2,31290,https://tex.stackexchange.com/questions/32325/why-does-an-environments-label-have-to-appear-after-the-caption
38674,10127,8316,registered,0,0,0,False,62.0,macros,1,2011-12-18 12:07:09,False,58,0,1,3,0,False,148,1,7.4,2,24500,https://tex.stackexchange.com/questions/38674/the-the-command
13587,4011,30293,registered,0,0,0,False,72.0,"tikz-pgf, nodes, lengths",3,2011-03-16 08:50:30,False,26,1,0,7,1,True,147,0,,2,223933,https://tex.stackexchange.com/questions/13587/how-to-change-the-size-of-nodes
20575,753,4639,registered,0,0,0,False,96.0,"equations, boxes, framed",3,2011-06-13 02:14:22,True,92,1,0,3,0,False,147,2,7231508.83,5,397754,https://tex.stackexchange.com/questions/20575/attractive-boxed-equations
39037,3127,9482,registered,0,0,0,False,97.0,"tikz-pgf, transparency",2,2011-12-21 20:04:19,False,73,0,0,10,0,False,147,0,,1,194753,https://tex.stackexchange.com/questions/39037/tikz-use-opacity-for-fill-yet-leave-draw-lines-untouched
2746,564,8541,registered,0,0,0,False,96.0,"tables, horizontal-alignment, punctuation, siunitx, dcolumn",5,2010-09-04 23:42:50,False,113,0,5,8,0,False,146,0,,2,116830,https://tex.stackexchange.com/questions/2746/aligning-numbers-by-decimal-points-in-table-columns
3915,1412,2595,registered,0,0,0,False,,"beamer, graphics",2,2010-10-08 17:33:47,False,61,1,0,7,0,False,146,2,6726114.78,9,116495,https://tex.stackexchange.com/questions/3915/image-on-full-slide-in-beamer-package
32100,2707,46056,registered,0,0,0,False,91.0,"packages, amsmath",2,2011-10-20 04:46:16,False,82,2,0,6,0,True,146,0,64.65,2,132741,https://tex.stackexchange.com/questions/32100/what-does-each-ams-package-do
34830,4301,230021,registered,0,0,0,False,92.0,"math-mode, macros, best-practices",3,2011-11-14 20:06:46,False,326,1,5,8,1,True,146,2,,4,74253,https://tex.stackexchange.com/questions/34830/when-not-to-use-ensuremath-for-math-macro
35125,8303,6837,registered,0,0,0,True,100.0,"floats, positioning",2,2011-11-17 08:53:30,False,56,0,0,10,0,True,146,0,24.75,3,724765,https://tex.stackexchange.com/questions/35125/how-to-use-the-placement-options-t-h-with-figures
53338,13604,2436,registered,0,0,0,False,100.0,"spacing, sectioning, paragraphs, line-spacing",4,2012-04-25 22:59:59,False,128,1,0,4,0,False,146,0,11.47,5,337334,https://tex.stackexchange.com/questions/53338/reducing-spacing-after-headings
54333,13994,5265,registered,0,0,0,False,100.0,page-numbering,1,2012-05-04 08:07:49,False,69,1,0,10,0,True,146,0,,1,409923,https://tex.stackexchange.com/questions/54333/how-to-avoid-numbering-the-first-page-of-the-document
60843,15857,1501,unregistered,0,0,0,False,,"bibtex, bibliographies",2,2012-06-22 17:50:43,False,54,0,0,22,0,True,146,0,,4,317504,https://tex.stackexchange.com/questions/60843/how-to-cite-a-book-chapter-written-by-an-author-who-is-not-the-editor-or-author
241343,65072,2289,registered,0,0,0,True,89.0,"line-breaking, microtype",2,2015-04-30 09:23:28,True,151,1,3,10,0,True,146,0,,1,127373,https://tex.stackexchange.com/questions/241343/what-is-the-meaning-of-fussy-sloppy-emergencystretch-tolerance-hbadness
2095,251,1623,registered,0,0,0,False,,"fonts, sans-serif",2,2010-08-20 19:17:48,False,132,0,1,12,0,True,145,0,24.72,7,199762,https://tex.stackexchange.com/questions/2095/what-is-the-simplest-way-to-typeset-an-entire-document-in-sans-serif
37789,4448,1781,registered,0,0,0,True,100.0,math-mode,1,2011-12-10 12:43:17,False,82,0,0,6,0,True,145,2,5526616.73,3,92137,https://tex.stackexchange.com/questions/37789/using-colon-or-in-formulas
60545,10015,1553,registered,0,0,0,False,,"math-mode, best-practices",2,2012-06-20 15:53:04,False,70,0,0,8,0,True,145,1,5922018.12,7,133242,https://tex.stackexchange.com/questions/60545/should-i-mathrm-the-d-in-my-integrals
86385,17049,16476,registered,0,0,0,False,86.0,"macros, tex-core",2,2012-12-10 17:41:22,False,35,0,0,8,0,True,145,0,,3,16237,https://tex.stackexchange.com/questions/86385/what-is-the-difference-between-relax-and
6850,1232,7987,registered,0,0,0,False,100.0,"floats, positioning, captions",3,2010-12-10 06:33:50,False,93,2,0,7,2,False,144,0,,2,294881,https://tex.stackexchange.com/questions/6850/table-and-figure-side-by-side-with-independent-captions
13370,4173,2551,registered,0,0,0,True,,"tex-core, latex-misc",2,2011-03-14 13:41:14,False,209,0,0,13,0,True,144,2,,8,36130,https://tex.stackexchange.com/questions/13370/why-are-there-no-alternatives-to-tex-or-why-is-tex-still-used
36295,215,76886,registered,0,0,0,False,98.0,"packages, cross-referencing, incompatibility",3,2011-11-27 12:39:27,False,66,0,7,7,0,True,144,0,,3,34074,https://tex.stackexchange.com/questions/36295/cross-reference-packages-which-to-use-which-conflict
4139,Unknown,0,does_not_exist,0,0,0,True,,fonts,1,2010-10-14 22:07:53,False,35,0,0,7,0,True,143,0,,6,508697,https://tex.stackexchange.com/questions/4139/how-to-change-font-size-mid-document
5959,659,2634,registered,0,0,0,False,83.0,"tikz-pgf, highlighting",2,2010-11-25 19:13:12,True,290,2,1,5,7,False,143,1,8242012.97,8,65185,https://tex.stackexchange.com/questions/5959/cool-text-highlighting-in-latex
9386,3048,1855,registered,0,0,0,False,,"tikz-pgf, nodes, positioning",3,2011-01-21 01:38:14,False,86,0,0,8,0,False,143,0,,1,47242,https://tex.stackexchange.com/questions/9386/difference-between-right-of-and-right-of-in-pgf-tikz
29143,8013,1441,registered,0,0,0,False,,"positioning, captions",2,2011-09-21 22:53:31,False,26,0,0,7,0,False,143,0,,9,261378,https://tex.stackexchange.com/questions/29143/caption-on-the-side-of-a-figure
334246,116447,1431,registered,0,0,0,False,,"errors, tex-core, boxes, paragraphs, underfull",5,2016-10-15 19:15:31,False,7,0,0,12,0,True,143,1,,1,624570,https://tex.stackexchange.com/questions/334246/what-does-the-phrase-underfull-hbox-badness-10000-in-paragraph-actually-mea
5447,192,11289,registered,0,0,0,False,69.0,"diagrams, trees",2,2010-11-16 03:18:45,False,42,0,0,8,0,True,142,0,2446457.93,3,273213,https://tex.stackexchange.com/questions/5447/how-can-i-draw-simple-trees-in-latex
7770,2418,6207,registered,0,0,0,False,87.0,"context, auxiliary-files, tex-general",3,2010-12-26 17:39:26,False,45,0,0,6,0,False,142,4,6122870.98,14,62905,https://tex.stackexchange.com/questions/7770/file-extensions-related-to-latex-etc
13304,3622,10659,registered,0,0,0,False,87.0,packages,1,2011-03-13 13:47:50,False,25,0,0,6,0,True,142,1,46.65,3,49337,https://tex.stackexchange.com/questions/13304/which-package-version-am-i-using
17653,4774,3135,unregistered,0,0,0,False,75.0,"bibliographies, bibtex",2,2011-05-07 11:36:43,False,56,0,0,8,0,False,142,0,,1,295078,https://tex.stackexchange.com/questions/17653/how-to-list-all-bibliography-entries-without-citing
21777,4370,1593,registered,0,0,0,False,,beamer,1,2011-06-28 12:40:22,False,105,0,1,13,0,True,142,4,2431508.95,16,94183,https://tex.stackexchange.com/questions/21777/is-there-a-nice-solution-to-get-a-presenter-mode-for-latex-presentations
180222,52382,1523,registered,0,0,0,False,,listings,1,2014-05-25 04:21:36,False,32,0,0,8,0,False,142,0,,2,315220,https://tex.stackexchange.com/questions/180222/how-to-change-font-size-for-specific-lstlisting
1736,103,17397,registered,0,0,0,False,75.0,"titles, page-numbering",2,2010-08-15 09:09:43,False,76,1,0,6,0,False,141,0,,2,261033,https://tex.stackexchange.com/questions/1736/removing-page-number-for-title-page
21290,5668,1610,registered,0,0,0,False,,math-mode,1,2011-06-21 20:52:17,False,68,0,0,12,0,True,141,0,6264367.7,8,127602,https://tex.stackexchange.com/questions/21290/how-to-make-left-right-pairs-of-delimiter-work-over-multiple-lines
26174,1442,12673,registered,0,0,0,False,62.0,"line-breaking, hyphenation, punctuation",3,2011-08-20 15:49:28,False,113,0,0,8,0,False,141,0,5678799.12,8,78993,https://tex.stackexchange.com/questions/26174/allow-line-break-but-without-inserting-a-dash
93859,20929,6533,registered,0,0,0,False,89.0,"spacing, bibliographies, lyx",3,2013-01-15 09:53:31,False,37,0,0,6,0,False,141,1,,2,154173,https://tex.stackexchange.com/questions/93859/condense-the-space-between-bibliographic-entries
101717,13613,2152,registered,0,0,0,False,62.0,"conversion, markdown",2,2013-03-10 01:50:00,False,94,0,0,6,0,False,141,4,4153898.28,11,122952,https://tex.stackexchange.com/questions/101717/converting-markdown-to-latex-in-latex
109758,21891,60586,registered,0,0,0,True,88.0,"viewers, printing, tex-history",3,2013-04-20 16:31:51,True,194,0,0,11,0,True,141,0,,11,7034,https://tex.stackexchange.com/questions/109758/how-was-tex-output-visualised-on-screen-back-in-the-day
333947,93219,2340,registered,0,0,0,True,55.0,"tools, online, grammar",3,2016-10-13 13:39:36,True,120,0,8,9,0,True,141,4,2909837.05,5,178475,https://tex.stackexchange.com/questions/333947/integrating-grammarly-with-online-latex-editors-such-as-overleaf
344214,9209,3633,registered,0,0,0,False,87.0,"fonts, typography, typewriter, fun",4,2016-12-15 17:51:31,False,271,1,2,8,10,False,141,10,407.7,2,22971,https://tex.stackexchange.com/questions/344214/use-latex-to-simulate-old-typewriter-written-texts
57702,Unknown,0,does_not_exist,0,0,0,True,,"floats, margins",2,2009-05-13 14:42:34,False,69,0,0,7,0,False,140,0,1113518.78,7,273289,https://tex.stackexchange.com/questions/57702/custom-margin-settings-for-figure-in-latex
44450,11737,1503,registered,0,0,0,False,,"equations, align",2,2012-02-13 21:55:54,True,168,1,0,8,0,False,140,1,3045418.38,8,659735,https://tex.stackexchange.com/questions/44450/how-to-align-a-set-of-multiline-equations
46189,11103,4307,registered,0,0,0,False,95.0,math-mode,1,2012-02-29 04:40:26,False,31,1,0,11,0,True,140,0,,3,503682,https://tex.stackexchange.com/questions/46189/how-do-i-add-a-line-break-in-display-math-mode
107017,10038,20895,registered,0,0,0,True,90.0,"texlive, updating",2,2013-04-05 15:31:18,False,116,0,3,7,0,True,140,1,,4,12955,https://tex.stackexchange.com/questions/107017/why-does-tex-live-require-yearly-updates
163768,47334,1577,registered,0,0,0,False,60.0,algorithms,1,2014-03-05 11:03:35,True,110,1,0,5,0,False,140,2,,1,654492,https://tex.stackexchange.com/questions/163768/write-pseudo-code-in-latex
4386,490,5162,registered,0,0,0,False,100.0,"macros, starred-version",2,2010-10-21 17:28:32,False,46,1,0,7,0,False,139,2,12.37,3,20771,https://tex.stackexchange.com/questions/4386/defining-starred-versions-of-commands-macro
12773,3622,10659,registered,0,0,0,False,87.0,"math-mode, best-practices, brackets",3,2011-03-06 17:12:11,False,38,0,0,4,0,True,139,0,,4,266404,https://tex.stackexchange.com/questions/12773/or-left-parentheses
12859,412,23548,registered,0,0,0,False,77.0,tikz-pgf,1,2011-03-07 17:04:34,False,53,1,0,5,0,False,139,0,3201380.82,5,159460,https://tex.stackexchange.com/questions/12859/define-a-variable-in-tikz
24766,512,19051,registered,0,0,0,True,98.0,"formatting, rules, text-decorations",3,2011-08-03 07:17:47,False,15,1,0,4,0,False,139,0,,7,136688,https://tex.stackexchange.com/questions/24766/long-underscore-in-latex
45919,5764,628671,moderator,0,0,0,True,97.0,fonts,1,2012-02-27 02:38:18,False,123,0,3,12,0,True,139,2,5380281.57,9,222865,https://tex.stackexchange.com/questions/45919/how-do-i-find-out-what-fonts-are-used-in-a-document-picture
82456,11134,2870,registered,0,0,0,False,64.0,"beamer, captions",2,2012-11-12 22:01:22,False,96,1,1,9,8,False,139,0,,7,218604,https://tex.stackexchange.com/questions/82456/how-to-remove-figure-caption-prefix-figure-in-beamer
109467,25077,5455,registered,0,0,0,False,92.0,"tables, environments, footnotes",3,2013-04-18 21:32:57,False,38,1,2,4,0,False,139,1,15.98,10,325431,https://tex.stackexchange.com/questions/109467/footnote-in-tabular-environment
119984,14611,2157,registered,0,0,0,True,79.0,"captions, subfloats",2,2013-06-19 15:34:20,True,63,1,0,6,1,False,139,1,6.38,1,858990,https://tex.stackexchange.com/questions/119984/subfigures-side-by-side-with-captions
48276,37035,1553,registered,0,0,0,False,,fontsize,1,2010-12-29 22:37:14,False,22,0,0,6,0,True,138,0,,2,169228,https://tex.stackexchange.com/questions/48276/latex-specify-font-point-size
8422,2099,50663,registered,0,0,0,False,93.0,"graphics, external-files, paths",3,2011-01-07 05:32:56,False,54,0,1,9,0,True,138,1,,7,91576,https://tex.stackexchange.com/questions/8422/how-to-include-graphics-with-spaces-in-their-path
46175,12241,1381,unregistered,0,0,0,False,,margins,1,2012-02-29 02:13:24,False,262,2,1,3,0,False,138,2,1335949.78,5,426224,https://tex.stackexchange.com/questions/46175/setting-exact-margins
83440,19116,1581,unregistered,0,0,0,False,50.0,"errors, unicode, languages, cyrillic, input-encodings",5,2012-11-20 05:56:53,False,126,2,1,12,2,False,138,1,,13,447217,https://tex.stackexchange.com/questions/83440/inputenc-error-unicode-char-u8-not-set-up-for-use-with-latex
61015,14240,1982,registered,0,0,0,False,88.0,"hyperref, color",2,2012-06-24 11:16:32,False,63,1,0,9,0,True,137,0,,3,237071,https://tex.stackexchange.com/questions/61015/how-to-use-different-colors-for-different-href-commands
67656,7844,10779,registered,0,0,0,False,95.0,"packages, fun, big-list",3,2012-08-18 06:27:56,True,77,0,4,10,0,True,137,3,5403801.1,18,34064,https://tex.stackexchange.com/questions/67656/are-there-other-fun-packages-like-the-coffee-stains-package
94523,3734,3143,registered,0,0,0,True,92.0,graphics,1,2013-01-19 21:38:39,False,229,0,0,4,0,False,137,1,1059240.38,5,63900,https://tex.stackexchange.com/questions/94523/simulate-a-scanned-paper
141569,13151,1975,registered,0,0,0,True,100.0,"color, bold, highlighting",3,2013-10-31 05:48:38,False,48,2,0,5,0,False,137,1,66.33,3,573177,https://tex.stackexchange.com/questions/141569/highlight-textcolor-and-boldface-simultaneously
538,117,14162,registered,0,0,0,False,82.0,"tools, debugging",2,2010-07-29 04:44:40,False,91,0,0,5,0,True,136,3,293.9,3,40269,https://tex.stackexchange.com/questions/538/how-to-best-debug-latex
9961,42,41032,registered,0,0,0,False,84.0,"pdf, color",2,2011-01-31 17:37:36,True,343,1,0,5,0,False,136,0,,2,19302,https://tex.stackexchange.com/questions/9961/pdf-colour-model-and-latex
11123,3605,1697,registered,0,0,0,False,,auxiliary-files,1,2011-02-15 15:35:10,False,84,2,0,8,0,False,136,2,524775.67,21,90473,https://tex.stackexchange.com/questions/11123/prevent-pdflatex-from-writing-a-bunch-of-files
23957,6825,7439,registered,0,0,0,False,100.0,fonts,1,2011-07-24 09:43:13,False,61,1,0,10,0,True,136,0,,3,415356,https://tex.stackexchange.com/questions/23957/how-to-set-font-to-arial-throughout-the-entire-document
49277,4918,58393,registered,0,0,0,False,96.0,"packages, document-classes, big-list, draft",4,2012-03-24 20:16:44,False,108,1,0,6,0,True,136,0,8.23,18,99698,https://tex.stackexchange.com/questions/49277/what-does-the-draft-mode-change
84890,22721,1361,unregistered,0,0,0,False,,"diagrams, online, mathcha",3,2012-11-30 01:39:16,False,36,0,2,13,0,True,136,5,2784674.92,10,359137,https://tex.stackexchange.com/questions/84890/is-there-an-online-diagram-graphical-editor-that-produces-the-corresponding-late
9485,2036,11746,registered,0,0,0,False,90.0,"tables, floats, positioning",3,2011-01-22 21:00:29,False,141,0,0,5,0,False,135,2,,2,572185,https://tex.stackexchange.com/questions/9485/how-to-fix-table-position
9594,3115,3263,registered,0,0,0,False,100.0,"titles, authblk",2,2011-01-24 11:55:13,True,76,1,0,8,0,False,135,0,,9,459307,https://tex.stackexchange.com/questions/9594/adding-more-than-one-author-with-different-affiliation
23477,951,33274,registered,0,0,0,True,94.0,"sectioning, chapters",2,2011-07-19 14:09:37,False,32,0,0,3,0,False,135,0,,3,42030,https://tex.stackexchange.com/questions/23477/fancy-chapter-headings
25223,1232,7987,registered,0,0,0,False,100.0,"conversion, msword",2,2011-08-08 20:39:46,False,225,0,5,7,0,False,135,1,2264160.05,17,249374,https://tex.stackexchange.com/questions/25223/embed-latex-math-equations-into-microsoft-word
26690,4322,10357,registered,0,0,0,True,100.0,"math-mode, tables, spacing",3,2011-08-28 02:20:32,False,54,1,0,10,0,True,135,0,5128293.53,7,253616,https://tex.stackexchange.com/questions/26690/how-to-add-extra-spaces-between-rows-in-tabular-environment
28516,3506,1953,registered,0,0,0,False,75.0,"table-of-contents, babel, naming",3,2011-09-15 11:49:03,False,46,1,0,7,1,True,135,0,6.1,3,275456,https://tex.stackexchange.com/questions/28516/how-to-change-the-title-of-toc
39485,213,240866,moderator,0,0,0,False,79.0,"tikz-pgf, fun",2,2011-12-28 17:10:49,True,73,0,5,5,0,True,135,4,,8,15480,https://tex.stackexchange.com/questions/39485/how-can-we-display-fireworks
85776,22604,1713,registered,0,0,0,True,100.0,"floats, numbering, appendices",3,2012-12-06 14:28:12,False,101,1,0,5,2,False,135,0,5110750.22,7,294306,https://tex.stackexchange.com/questions/85776/change-figure-numbering-for-appendix
87768,19229,5197,registered,0,0,0,False,82.0,header-footer,1,2012-12-20 19:21:22,False,70,0,0,11,0,False,135,0,,3,386138,https://tex.stackexchange.com/questions/87768/creating-running-headers-and-footers-but-not-on-the-first-page
180571,11700,2077,registered,0,0,0,False,60.0,hyperref,1,2014-05-27 12:02:38,False,73,0,0,7,0,False,135,0,2722331.1,3,246546,https://tex.stackexchange.com/questions/180571/making-clickable-links-to-sections-with-hyperref
516,16,3528,registered,0,0,0,False,,"fonts, formatting, best-practices, obsolete",4,2010-07-28 22:47:18,False,48,2,1,13,0,False,134,0,4263487.48,5,59401,https://tex.stackexchange.com/questions/516/does-it-matter-if-i-use-textit-or-it-bfseries-or-bf-etc
9318,2658,1443,registered,0,0,0,True,,symbols,1,2011-01-20 06:34:56,False,56,0,0,5,0,False,134,3,,1,195503,https://tex.stackexchange.com/questions/9318/question-mark-over-equals-sign
25806,711,18888,registered,0,0,0,False,87.0,"positioning, pdfpages, crop",3,2011-08-16 11:40:33,False,158,0,1,7,0,True,134,1,751066.63,8,165717,https://tex.stackexchange.com/questions/25806/how-can-i-crop-included-pdf-documents
60778,3235,160078,registered,0,0,0,True,100.0,"tikz-pgf, graphics, pstricks, metapost",4,2012-06-22 06:36:27,False,413,0,5,7,0,False,134,0,,3,14282,https://tex.stackexchange.com/questions/60778/fundamental-differences-pstricks-tikz-pgf-and-others
225267,60692,1733,registered,0,0,0,False,86.0,fonts,1,2015-01-28 08:32:58,False,37,0,0,8,0,True,134,3,40.78,2,268190,https://tex.stackexchange.com/questions/225267/how-to-set-not-italic-or-not-bold
2706,510,258210,registered,0,0,0,True,98.0,"punctuation, hyphenation",2,2010-09-03 17:48:20,False,245,0,0,8,0,False,133,1,,6,37458,https://tex.stackexchange.com/questions/2706/adequate-hyphenation-of-words-already-containing-a-hyphen
3695,1364,1433,registered,0,0,0,False,,"packages, symbols",2,2010-10-03 00:16:24,True,71,1,0,3,0,False,133,1,7205751.53,10,238196,https://tex.stackexchange.com/questions/3695/smileys-in-latex
23792,6837,2555,registered,0,0,0,True,,"symbols, syntax",2,2011-07-22 14:26:43,False,43,0,0,6,0,False,133,0,,3,455023,https://tex.stackexchange.com/questions/23792/logical-and-character-in-tex-%e2%8b%80
23860,4990,3689,registered,0,0,0,False,89.0,"graphics, floats, positioning, double-sided",4,2011-07-23 01:18:46,True,339,1,0,18,276,True,133,0,5245575.15,2,16629,https://tex.stackexchange.com/questions/23860/how-to-include-a-picture-over-two-pages-left-part-on-left-side-right-on-right
30033,7875,2047,unregistered,0,0,0,False,73.0,"numbering, theorems",2,2011-09-30 13:51:12,False,29,1,0,3,0,False,133,0,,3,215839,https://tex.stackexchange.com/questions/30033/theorem-without-numbering
122116,4363,6156,registered,0,0,0,False,94.0,"compiling, fun",2,2013-07-02 17:29:59,True,233,1,1,10,0,True,133,1,,19,10534,https://tex.stackexchange.com/questions/122116/how-to-prolong-compilation-time-while-engaging-in-leisure-activities
156122,34083,6885,registered,0,0,0,False,60.0,"tables, booktabs",2,2014-01-27 04:48:56,False,26,0,0,9,0,False,133,0,,1,225932,https://tex.stackexchange.com/questions/156122/booktabs-what-is-the-difference-between-toprule-and-hline
591,68,2239,registered,0,0,0,False,100.0,"spacing, titles",2,2010-07-29 19:58:36,False,43,0,0,5,0,False,132,0,,3,174728,https://tex.stackexchange.com/questions/591/removing-vertical-space-inside-maketitle
822,35,23407,registered,0,0,0,True,82.0,"fonts, captions",2,2010-08-02 19:35:37,False,17,0,0,6,0,False,132,0,,3,222056,https://tex.stackexchange.com/questions/822/change-the-font-of-figure-captions
5339,1868,2117,registered,0,0,0,False,,fontsize,1,2010-11-14 04:54:44,False,54,2,0,12,0,True,132,2,7113983.08,8,110791,https://tex.stackexchange.com/questions/5339/how-to-specify-font-size-less-than-10pt-or-more-than-12pt
31384,1670,2444,registered,0,0,0,False,40.0,"bibliographies, bibtex, sorting",3,2011-10-12 22:35:13,False,23,0,0,11,0,True,132,1,186.03,2,137342,https://tex.stackexchange.com/questions/31384/how-to-enter-publications-in-press-or-submitted-to-in-bibtex
50830,2090,6619,registered,0,0,0,False,67.0,"boxes, warnings",2,2012-04-05 12:58:24,False,28,0,0,8,0,True,132,0,,2,99461,https://tex.stackexchange.com/questions/50830/do-i-have-to-care-about-bad-boxes
53068,8918,13935,registered,0,0,0,False,88.0,"tex-core, conditionals",2,2012-04-24 03:27:50,False,137,1,0,18,0,True,132,1,,4,64771,https://tex.stackexchange.com/questions/53068/how-to-check-if-a-macro-value-is-empty-or-will-not-create-text-with-plain-tex-co
86269,13468,2780,registered,0,0,0,False,69.0,"math-mode, symbols, amssymb",3,2012-12-09 20:26:52,False,54,0,0,10,0,True,132,0,,1,327753,https://tex.stackexchange.com/questions/86269/how-do-i-insert-a-backslash-inside-a-mathematical-statement
126206,9077,21283,registered,0,0,0,False,87.0,"xetex, luatex",2,2013-07-31 16:56:54,True,348,1,3,5,0,True,132,7,2115010.98,6,68399,https://tex.stackexchange.com/questions/126206/why-choose-lualatex-over-xelatex
75449,Unknown,0,does_not_exist,0,0,0,True,,tikz-pgf,1,2012-10-05 20:42:33,False,61,2,0,8,0,False,131,0,695726.32,10,220680,https://tex.stackexchange.com/questions/75449/specifying-the-width-and-height-of-a-tikzpicture
97183,13310,7080,registered,0,0,0,True,90.0,"installing, mactex, macports",3,2013-02-07 14:41:06,False,120,0,0,12,0,True,131,0,500082.95,5,155057,https://tex.stackexchange.com/questions/97183/what-are-the-practical-differences-between-installing-latex-from-mactex-or-macpo
7916,1234,1529,registered,0,0,0,False,100.0,"beamer, backgrounds",2,2010-12-29 15:15:32,False,180,2,1,10,0,True,130,0,,3,176451,https://tex.stackexchange.com/questions/7916/how-to-insert-a-background-image-in-a-beamer-frame
64836,16973,1505,registered,0,0,0,True,,graphics,1,2012-07-27 00:46:40,False,73,1,0,3,0,False,130,0,5343447.52,4,1308547,https://tex.stackexchange.com/questions/64836/change-image-size
69028,18072,1353,unregistered,0,0,0,False,,"biblatex, author-number",2,2012-08-27 19:08:40,False,84,1,0,11,0,False,130,1,,1,132671,https://tex.stackexchange.com/questions/69028/set-limit-to-one-author-when-using-et-al-in-biblatex
1676,759,2986,registered,0,0,0,True,67.0,"fonts, symbols",2,2010-08-13 21:20:02,True,75,0,1,9,0,False,129,1,6623824.22,9,297103,https://tex.stackexchange.com/questions/1676/how-to-get-good-looking-copyright-and-registered-symbols
6087,Unknown,0,does_not_exist,0,0,0,True,,"math-mode, spacing, equations",3,2010-11-28 14:05:54,False,96,0,0,4,0,False,129,1,,2,52188,https://tex.stackexchange.com/questions/6087/two-letter-variable-names
9681,2878,1684,registered,0,0,0,False,,"tikz-pgf, gnuplot, circles, logic, venn-diagrams",5,2011-01-25 19:05:43,True,368,2,4,9,3,False,129,0,2036176.23,9,157964,https://tex.stackexchange.com/questions/9681/how-to-draw-venn-diagrams-especially-complements-in-latex
18045,3559,9497,registered,0,0,0,False,89.0,"bibliographies, bibtex",2,2011-05-12 13:23:13,False,54,0,0,8,0,False,129,3,,5,299958,https://tex.stackexchange.com/questions/18045/problem-with-compiling-bibtex-no-citation-commands-error
20843,412,23548,registered,0,0,0,False,77.0,"emacs, auctex",2,2011-06-15 19:47:31,False,113,0,0,10,0,False,129,0,,7,55776,https://tex.stackexchange.com/questions/20843/useful-shortcuts-or-key-bindings-or-predefined-commands-for-emacsauctex
29233,4068,3227,registered,0,0,0,False,83.0,tikz-pgf,1,2011-09-23 03:02:15,False,76,0,0,3,0,False,129,0,,1,326314,https://tex.stackexchange.com/questions/29233/tikz-adding-text
36812,35514,1363,registered,0,0,0,False,,"macros, punctuation",2,2011-12-01 16:18:45,False,53,0,0,15,0,True,129,0,,10,184038,https://tex.stackexchange.com/questions/36812/isnt-there-any-other-way-of-doing-double-quotes-in-latex-besides
3372,223,16338,registered,0,0,0,False,78.0,fractions,1,2010-09-22 21:15:01,False,51,0,0,14,0,True,128,1,3270.13,7,131017,https://tex.stackexchange.com/questions/3372/how-do-i-typeset-arbitrary-fractions-like-the-standard-symbol-for-5-%c2%bd
7198,2537,1405,registered,0,0,0,False,,"symbols, bibtex, syntax",3,2010-12-16 08:02:16,False,59,1,0,9,0,True,128,2,5688689.95,8,176833,https://tex.stackexchange.com/questions/7198/how-to-escape-the-ampersand-character-in-bibtex
15547,3391,16799,registered,0,0,0,False,77.0,"line-breaking, best-practices, typography",3,2011-04-11 18:36:44,False,190,1,1,6,0,True,128,1,6753590.17,7,66123,https://tex.stackexchange.com/questions/15547/when-should-i-use-non-breaking-space
50827,344,28741,registered,0,0,0,False,92.0,"emacs, workflow",2,2012-04-05 12:41:20,False,231,0,1,8,0,False,128,0,5791685.5,5,60289,https://tex.stackexchange.com/questions/50827/a-simpletons-guide-to-tex-workflow-with-emacs
88657,4009,12888,registered,0,0,0,False,92.0,"floats, page-breaking",2,2012-12-30 21:43:10,False,36,0,0,3,0,True,128,1,5598121.03,5,84617,https://tex.stackexchange.com/questions/88657/clearpage-without-pagebreak
166418,12620,2041,registered,0,0,0,True,75.0,"page-numbering, thesis, paper-size, fun, a0poster",5,2014-03-19 12:26:22,True,193,0,0,7,0,True,128,2,,5,8627,https://tex.stackexchange.com/questions/166418/put-entire-thesis-on-one-a0-poster
5073,711,18888,registered,0,0,0,False,87.0,"diagrams, trees",2,2010-11-08 10:30:20,False,131,2,3,5,1,False,127,2,8072626.47,5,102144,https://tex.stackexchange.com/questions/5073/making-a-simple-directory-tree
15356,4585,6595,registered,0,0,0,False,62.0,"biblatex, pdf, citing, expansion",4,2011-04-09 05:27:08,False,156,2,0,14,0,False,127,0,,4,17355,https://tex.stackexchange.com/questions/15356/showing-the-bibliographic-entry-in-a-popup-when-you-hover-over-the-citation-key
47675,2204,3463,registered,0,0,0,True,100.0,"tables, horizontal-alignment",2,2012-03-12 02:28:07,False,71,1,1,8,0,False,127,1,,1,283386,https://tex.stackexchange.com/questions/47675/change-align-of-a-single-cell-in-tabular
86120,23080,1271,unregistered,0,0,0,False,,"captions, fontsize",2,2012-12-08 18:20:21,False,79,1,0,6,0,False,127,0,6104754.68,4,459087,https://tex.stackexchange.com/questions/86120/font-size-of-figure-caption-header
98028,19287,13647,registered,0,0,0,True,94.0,"math-mode, accents, semantics",3,2013-02-13 15:02:14,False,123,1,1,9,0,True,127,0,9.6,4,539084,https://tex.stackexchange.com/questions/98028/bar-vs-overline-when-to-use-what-semantically
66896,Unknown,0,does_not_exist,0,0,0,True,,cross-referencing,1,2010-04-10 16:20:08,False,66,0,1,5,0,False,126,0,,1,144963,https://tex.stackexchange.com/questions/66896/ref-chapter-name-in-latex
205,136,10884,registered,0,0,0,False,65.0,"graphics, packages, diagrams",3,2010-07-27 01:46:58,False,86,0,0,11,0,True,126,0,6010318.87,12,83179,https://tex.stackexchange.com/questions/205/what-graphics-packages-are-there-for-creating-graphics-in-latex-documents
94699,5687,1363,registered,0,0,0,False,,page-breaking,1,2013-01-21 13:08:34,False,208,0,0,5,0,False,126,0,,4,100251,https://tex.stackexchange.com/questions/94699/absolutely-definitely-preventing-page-break
137022,35449,2433,registered,0,0,0,True,,"beamer, header-footer, page-numbering",3,2013-10-08 22:36:21,True,48,1,0,9,0,True,126,0,,6,257941,https://tex.stackexchange.com/questions/137022/how-to-insert-page-number-in-beamer-navigation-symbols
194426,54024,1407,registered,0,0,0,True,,"itemize, multicol, columns",3,2014-08-02 19:39:30,False,68,3,0,5,0,False,126,5,,6,236801,https://tex.stackexchange.com/questions/194426/split-itemize-into-multiple-columns
6676,2099,50663,registered,0,0,0,False,93.0,"tikz-pgf, pstricks",2,2010-12-07 12:27:25,False,106,0,1,8,0,True,125,2,,11,25212,https://tex.stackexchange.com/questions/6676/what-are-the-advantages-of-tikz-pgf-over-pstricks
9718,3007,1483,registered,0,0,0,False,,"macros, numbering",2,2011-01-26 04:36:14,False,84,0,0,5,0,False,125,1,78.3,10,50634,https://tex.stackexchange.com/questions/9718/defining-commands-abbreviations-that-contain-numbers
13187,2562,5030,registered,0,0,0,False,83.0,"pdf, embedding, source, attachfile",4,2011-03-10 23:13:40,False,73,0,0,13,0,True,125,0,,5,12155,https://tex.stackexchange.com/questions/13187/is-there-some-way-to-embed-latex-source-code-in-a-pdf-file
19263,5701,37533,registered,0,0,0,False,98.0,"typography, best-practices, big-list, workflow",4,2011-05-28 11:09:33,False,131,0,0,10,0,True,125,1,,5,6452,https://tex.stackexchange.com/questions/19263/what-are-the-finishing-touches-you-put-to-a-document
26071,1402,47570,registered,0,0,0,False,70.0,"hyperref, color, links, text-decorations",4,2011-08-19 01:26:11,False,182,1,2,10,1,True,125,0,5732461.27,5,121659,https://tex.stackexchange.com/questions/26071/how-can-i-make-internal-links-both-colored-and-underlined
40775,1183,20745,registered,0,0,0,False,91.0,"best-practices, sourcecode",2,2012-01-11 18:47:10,False,125,0,0,8,0,True,125,0,,3,26763,https://tex.stackexchange.com/questions/40775/are-there-any-coding-style-guidelines-for-latex
43276,7128,8269,registered,0,0,0,False,65.0,"bibliographies, bibtex",2,2012-02-03 15:09:14,False,74,0,2,12,0,True,125,0,64.12,8,77672,https://tex.stackexchange.com/questions/43276/unused-bibliography-entries-how-to-check-which-entries-were-not-used
5226,1784,1565,registered,0,0,0,False,,"fonts, keyboard",2,2010-11-11 21:24:11,False,63,0,0,4,0,False,124,0,139158.95,9,28747,https://tex.stackexchange.com/questions/5226/keyboard-font-for-latex
6899,1545,2017,registered,0,0,0,False,,"tikz-pgf, nodes, multline",3,2010-12-11 12:18:45,False,80,1,0,7,0,False,124,0,,3,171319,https://tex.stackexchange.com/questions/6899/tikz-multi-line-text-in-the-node-description
8308,2788,1349,registered,0,0,0,False,,"formatting, typography, msword, word-to-latex",4,2011-01-05 11:54:23,False,98,0,0,12,0,False,124,9,444.53,15,408878,https://tex.stackexchange.com/questions/8308/make-ms-word-document-look-like-it-has-been-typeset-in-latex
45990,1997,8763,registered,0,0,0,False,100.0,"spacing, floats, captions",3,2012-02-27 16:43:13,False,22,1,0,10,0,True,124,0,,4,190735,https://tex.stackexchange.com/questions/45990/how-can-i-modify-vertical-space-between-figure-and-caption
74168,19184,1430,registered,0,0,0,False,,"tikz-pgf, fun",2,2012-09-26 15:36:02,False,17,0,0,8,0,True,124,0,6054339.78,14,17301,https://tex.stackexchange.com/questions/74168/how-can-i-draw-an-egg-using-tikz
214404,50399,1729,registered,0,0,0,False,38.0,article,1,2014-11-28 12:09:22,True,37,0,0,10,0,False,124,0,,3,330946,https://tex.stackexchange.com/questions/214404/add-affiliations-to-the-authors-name-in-the-article-class
285443,95031,1251,registered,0,0,0,False,,two-column,1,2016-01-01 15:52:18,False,30,0,0,9,0,True,124,3,,1,397159,https://tex.stackexchange.com/questions/285443/how-to-produce-a-double-column-document-in-latex
371286,127165,1655,registered,0,0,0,False,40.0,rules,1,2017-05-23 22:13:13,True,16,0,0,6,0,False,124,7,,1,535766,https://tex.stackexchange.com/questions/371286/draw-a-horizontal-line-in-latex
6969,Unknown,0,does_not_exist,0,0,0,True,,"math-mode, symbols, equations",3,2010-12-12 18:30:06,False,11,0,0,4,0,False,123,1,,5,393392,https://tex.stackexchange.com/questions/6969/symbol-for-gaussian-distribution
10706,3338,2514,registered,0,0,0,True,100.0,"fonts, errors, microtype, font-expansion",4,2011-02-09 22:34:57,False,116,4,0,11,1,False,123,6,3478420.17,12,158952,https://tex.stackexchange.com/questions/10706/pdftex-error-font-expansion-auto-expansion-is-only-possible-with-scalable
19746,2417,45637,registered,0,0,0,False,94.0,"latex-misc, big-list",2,2011-06-03 01:13:49,False,108,3,2,3,0,False,123,1,2206914.47,8,12554,https://tex.stackexchange.com/questions/19746/cunning-latex-tricks
22645,1940,15343,registered,0,0,0,False,80.0,bibliographies,1,2011-07-09 00:39:30,True,17,0,0,6,0,False,123,0,7889405.58,5,217587,https://tex.stackexchange.com/questions/22645/hiding-the-title-of-the-bibliography
34175,117,14162,registered,0,0,0,False,82.0,package-writing,1,2011-11-09 01:00:07,False,96,0,1,7,0,True,123,0,17.53,2,30160,https://tex.stackexchange.com/questions/34175/how-do-i-create-a-latex-package
39577,19356,38063,registered,0,0,0,True,98.0,"tikz-pgf, asymptote, comparison",3,2011-12-29 18:03:10,False,31,0,0,9,0,True,123,0,63.52,8,28664,https://tex.stackexchange.com/questions/39577/what-are-the-relative-strengths-of-tikz-and-asymptote
44673,10898,31282,registered,0,0,0,False,68.0,tikz-pgf,1,2012-02-15 21:42:27,True,978,1,0,5,19,False,123,0,7343008.42,9,16262,https://tex.stackexchange.com/questions/44673/sieve-of-eratosthenes-in-tikz
50352,1167,5484,registered,0,0,0,False,89.0,"tables, spacing, positioning",3,2012-04-01 19:26:28,True,119,2,1,8,0,False,123,1,942.25,11,256656,https://tex.stackexchange.com/questions/50352/inserting-a-small-vertical-space-in-a-table
136742,32988,1385,registered,0,0,0,False,,"color, backgrounds, text-decorations, text-manipulation",4,2013-10-07 08:40:26,True,59,1,0,7,0,False,123,0,115.73,4,235382,https://tex.stackexchange.com/questions/136742/changing-background-color-of-text-in-latex
160825,46274,1273,unregistered,0,0,0,False,,"beamer, margins",2,2014-02-17 03:10:59,False,44,2,0,5,0,False,123,0,,3,107932,https://tex.stackexchange.com/questions/160825/modifying-margins-for-one-slide
173317,50492,1231,unregistered,0,0,0,False,,editors,1,2014-04-24 23:31:45,False,54,0,0,10,0,True,123,4,768867.83,12,257511,https://tex.stackexchange.com/questions/173317/is-there-a-latex-wrapper-for-use-in-google-docs
194236,60029,1383,registered,0,0,0,False,,"equations, line-breaking",2,2014-08-01 06:39:35,False,35,1,0,11,0,True,123,0,32.23,5,750071,https://tex.stackexchange.com/questions/194236/why-does-not-return-a-new-line-in-an-equation
20883,2099,50663,registered,0,0,0,False,93.0,"pdf, conversion, eps",3,2011-06-16 10:28:42,False,109,2,0,6,7,True,122,0,7.53,11,227185,https://tex.stackexchange.com/questions/20883/how-to-convert-pdf-to-eps
24000,4322,10357,registered,0,0,0,True,100.0,"tikz-pgf, captions",2,2011-07-24 22:33:09,False,64,1,0,8,1,True,122,0,5639137.58,4,244221,https://tex.stackexchange.com/questions/24000/how-to-add-caption-for-a-tikz-picture
59742,8964,4439,registered,0,0,0,False,90.0,beamer,1,2012-06-13 22:00:31,True,276,2,1,4,13,False,122,3,,7,51461,https://tex.stackexchange.com/questions/59742/progress-bar-for-latex-beamer
157389,41010,2659,registered,0,0,0,False,54.0,"tables, horizontal-alignment",2,2014-02-03 21:35:51,False,58,1,0,8,0,True,122,2,3976268.65,8,481222,https://tex.stackexchange.com/questions/157389/how-to-center-column-values-in-a-table
13593,Unknown,0,does_not_exist,0,0,0,True,,tex-core,1,2011-03-16 11:15:51,False,67,0,0,5,0,False,121,3,66.4,2,23239,https://tex.stackexchange.com/questions/13593/the-differences-between-tex-engines
38982,10172,1487,registered,0,0,0,False,,math-mode,1,2011-12-21 07:49:05,False,45,0,0,8,0,True,121,0,,2,49085,https://tex.stackexchange.com/questions/38982/what-is-the-difference-between-mathbin-vs-mathrel
73136,6324,10632,registered,0,0,0,False,92.0,"biblatex, bold",2,2012-09-19 08:03:05,False,68,0,1,6,0,False,121,5,2852952.15,9,38836,https://tex.stackexchange.com/questions/73136/make-specific-author-bold-using-biblatex
91310,19287,13647,registered,0,0,0,True,94.0,"tikz-pgf, nodes, coordinates",3,2013-01-11 13:49:35,False,29,0,0,6,0,True,121,1,5745090.08,6,137492,https://tex.stackexchange.com/questions/91310/tikz-difference-between-node-and-coordinate
105570,23757,3431,registered,0,0,0,False,85.0,tikz-pgf,1,2013-03-27 17:48:02,False,43,2,0,8,0,True,121,0,4756133.65,5,267079,https://tex.stackexchange.com/questions/105570/how-to-plot-functions-like-x-fy-using-tikz
137073,17431,1381,registered,0,0,0,False,,"math-mode, spacing",2,2013-10-09 08:31:03,False,58,1,0,8,0,False,121,0,,4,372517,https://tex.stackexchange.com/questions/137073/writing-mod-in-congruence-problems-without-leading-space
152392,17200,6435,registered,0,0,0,True,100.0,"formatting, datetime",2,2014-01-04 15:29:09,False,20,0,1,3,0,False,121,0,9.33,7,159128,https://tex.stackexchange.com/questions/152392/date-format-yyyy-mm-dd
816,85,5254,registered,0,0,0,False,100.0,"languages, cyrillic",2,2010-08-02 18:19:13,False,15,0,0,3,0,False,120,1,8.7,7,149977,https://tex.stackexchange.com/questions/816/cyrillic-in-latex
17445,2364,4006,registered,0,0,0,False,85.0,"bibliographies, naming",2,2011-05-05 11:22:57,False,44,0,0,12,0,True,120,0,6630540.95,9,251662,https://tex.stackexchange.com/questions/17445/how-can-i-change-the-references-to-reference-in-the-thebibliography-environm
20538,2099,50663,registered,0,0,0,False,93.0,"sectioning, appendices, book-design, front-matter",4,2011-06-12 18:20:39,False,162,1,0,15,7,True,120,0,,3,143709,https://tex.stackexchange.com/questions/20538/what-is-the-right-order-when-using-frontmatter-tableofcontents-mainmatter
22561,5277,7332,registered,0,0,0,False,86.0,"spacing, punctuation, best-practices, capitalization",4,2011-07-07 20:53:18,False,300,2,2,9,0,True,120,2,18.57,4,33024,https://tex.stackexchange.com/questions/22561/what-is-the-proper-use-of-i-e-backslash-at
45838,344,28741,registered,0,0,0,False,92.0,"expl3, contribute",2,2012-02-26 12:37:49,False,127,0,0,9,0,False,120,0,,1,4301,https://tex.stackexchange.com/questions/45838/what-can-i-do-to-help-the-latex3-project
75116,19279,1957,registered,0,0,0,False,60.0,"listings, highlighting, matlab",3,2012-10-03 07:47:16,False,94,0,1,11,0,True,120,0,,4,375287,https://tex.stackexchange.com/questions/75116/what-can-i-use-to-typeset-matlab-code-in-my-document
107832,28277,3015,registered,0,0,0,True,24.0,links,1,2013-04-10 04:58:27,True,52,1,0,7,0,True,120,0,,1,221408,https://tex.stackexchange.com/questions/107832/how-to-create-internet-link-in-pdf
112576,30207,1541,registered,0,0,0,False,71.0,"tables, math-mode",2,2013-05-05 15:02:40,False,40,1,0,10,0,False,120,0,,3,164553,https://tex.stackexchange.com/questions/112576/math-mode-in-tabular-without-having-to-use-everywhere
198432,49199,3673,registered,0,0,0,False,71.0,spacing,1,2014-08-29 03:39:29,False,56,0,0,4,0,False,120,3,3276718.78,7,1287548,https://tex.stackexchange.com/questions/198432/using-the-tab-command
7542,2099,50663,registered,0,0,0,False,93.0,"equations, grammar",2,2010-12-22 03:59:29,False,49,1,0,19,2,True,119,2,,5,62742,https://tex.stackexchange.com/questions/7542/for-formal-articles-should-a-displayed-equation-be-followed-by-a-punctuation-to
17036,2693,227255,registered,0,0,0,False,89.0,environments,1,2011-04-30 22:21:54,False,52,1,0,11,3,True,119,3,,8,11827,https://tex.stackexchange.com/questions/17036/why-cant-the-end-code-of-an-environment-contain-an-argument
29725,951,33274,registered,0,0,0,True,94.0,"tikz-pgf, moderncv, gradient, moderntimeline",4,2011-09-28 00:33:28,True,157,0,1,7,0,False,119,3,,3,69188,https://tex.stackexchange.com/questions/29725/putting-a-timeline-for-dates-in-moderncv
38260,10045,1808,registered,0,0,0,False,80.0,"formatting, theorems, italic",3,2011-12-14 14:58:40,False,44,0,0,7,0,False,119,0,15.22,5,164860,https://tex.stackexchange.com/questions/38260/non-italic-text-in-theorems-definitions-examples
93972,5283,7171,registered,0,0,0,True,88.0,"biblatex, biber, comments",3,2013-01-15 22:11:25,False,57,2,0,8,0,False,119,0,,3,128506,https://tex.stackexchange.com/questions/93972/comment-out-sections-of-text-in-bib-file
118246,27833,19077,registered,0,0,0,False,75.0,"online, big-list, email",3,2013-06-08 15:57:46,False,108,0,1,7,0,False,119,1,4200331.0,12,127206,https://tex.stackexchange.com/questions/118246/how-to-send-an-email-with-latex
129274,3954,521869,registered,0,0,0,True,88.0,"big-list, fun",2,2013-08-20 22:59:26,False,43,0,0,7,0,False,119,0,3820076.3,22,9011,https://tex.stackexchange.com/questions/129274/showcase-of-optical-illusions-made-with-tex-latex-luatex-context
2193,564,8541,registered,0,0,0,False,96.0,"cross-referencing, floats",2,2010-08-23 04:38:16,False,68,1,0,8,0,True,118,0,33.87,3,89399,https://tex.stackexchange.com/questions/2193/how-to-reference-the-page-of-a-figure
2515,888,2543,registered,0,0,0,True,60.0,bibliographies,1,2010-08-30 11:09:57,False,61,0,0,6,0,True,118,0,,5,242553,https://tex.stackexchange.com/questions/2515/how-to-cite-chapter-in-book
3173,10,13703,registered,0,0,0,False,95.0,"floats, two-column, starred-version",3,2010-09-16 23:58:00,False,31,0,0,13,0,True,118,0,254.6,2,96047,https://tex.stackexchange.com/questions/3173/how-to-make-a-figure-span-on-two-columns-in-a-scientific-paper
3910,1051,1405,registered,0,0,0,False,,"packages, best-practices, obsolete",3,2010-10-08 16:42:13,False,310,0,4,12,0,True,118,0,20.62,6,11139,https://tex.stackexchange.com/questions/3910/how-to-keep-up-with-packages-and-know-which-ones-are-obsolete
4201,1271,1283,registered,0,0,0,False,,"tex-core, parsing, grammar",3,2010-10-16 23:08:12,False,67,0,2,9,0,True,118,1,1282.93,5,21514,https://tex.stackexchange.com/questions/4201/is-there-a-bnf-grammar-of-the-tex-language
17877,4705,1905,registered,0,0,0,False,78.0,"sectioning, table-of-contents, numbering",3,2011-05-10 17:35:49,False,145,1,0,8,0,True,118,1,13.03,1,156253,https://tex.stackexchange.com/questions/17877/how-to-show-subsubsections-and-paragraphs-in-toc
21838,4011,30293,registered,0,0,0,False,72.0,"automation, input",2,2011-06-28 21:49:57,False,40,1,0,8,0,False,118,0,2200317.35,11,28076,https://tex.stackexchange.com/questions/21838/replace-inputfilex-by-the-content-of-filex-automatically
25414,5080,3872,registered,0,0,0,False,93.0,"tikz-pgf, graphics, subfloats",3,2011-08-10 19:56:01,True,356,2,3,14,0,False,118,0,,4,33546,https://tex.stackexchange.com/questions/25414/how-to-create-magnified-subfigures-and-corresponding-boxes-for-portions-of-a-lar
28528,7738,1283,registered,0,0,0,False,,"packages, installing, texlive, ubuntu",4,2011-09-15 13:46:32,False,31,0,0,9,0,True,118,0,,3,202722,https://tex.stackexchange.com/questions/28528/best-way-to-install-packages-for-texlive-in-ubuntu
45498,11259,1437,registered,0,0,0,True,,"graphics, pdftex, png",3,2012-02-23 11:31:02,False,153,0,0,9,0,False,118,0,,3,29712,https://tex.stackexchange.com/questions/45498/choosing-whether-to-include-pdf-or-png-in-pdflatex
79594,15502,1467,registered,0,0,0,False,,"tikz-pgf, external-files",2,2012-10-29 19:49:36,False,26,0,0,3,0,False,118,0,,4,45247,https://tex.stackexchange.com/questions/79594/outsourcing-tikz-code
106742,16850,2475,registered,0,0,0,False,67.0,"tikz-pgf, nodes",2,2013-04-03 21:06:42,False,28,1,0,8,0,False,118,0,,2,173784,https://tex.stackexchange.com/questions/106742/increase-the-thickness-of-node-border-in-tikz
8836,2418,6207,registered,0,0,0,False,87.0,"conversion, msword",2,2011-01-12 20:59:20,False,10,0,0,4,0,False,117,0,,7,248651,https://tex.stackexchange.com/questions/8836/producing-doc-docx-from-latex
24785,6707,1375,unregistered,0,0,0,False,50.0,"external-files, auxiliary-files",2,2011-08-03 12:56:18,False,34,0,0,3,0,True,117,0,5314342.25,16,137775,https://tex.stackexchange.com/questions/24785/deleting-external-auxiliary-files
64371,11118,2859,registered,0,0,0,False,100.0,"citing, quoting",2,2012-07-23 14:44:29,False,212,1,0,6,0,False,117,0,,2,277442,https://tex.stackexchange.com/questions/64371/direct-quotations-and-entire-paragraph-quotations
147194,28474,9374,registered,0,0,0,False,84.0,"fonts, latin-modern, computer-modern",3,2013-11-27 12:55:04,False,99,1,1,9,0,True,117,4,70.25,2,94701,https://tex.stackexchange.com/questions/147194/is-it-still-useful-to-load-the-lmodern-package
313768,89897,1325,registered,0,0,0,False,,"texlive, debian, texlive-2016, tlmgr",4,2016-06-08 21:48:56,False,194,2,3,7,0,True,117,8,,4,50140,https://tex.stackexchange.com/questions/313768/why-getting-this-error-tlmgr-unknown-directive
4471,1574,1729,registered,0,0,0,False,100.0,page-breaking,1,2010-10-24 00:31:27,False,56,1,0,2,0,False,116,0,27.12,4,48472,https://tex.stackexchange.com/questions/4471/unbreakable-block
5017,1164,2593,registered,0,0,0,False,100.0,"tables, horizontal-alignment, width",3,2010-11-06 22:06:57,False,38,0,0,9,0,True,116,1,,2,167795,https://tex.stackexchange.com/questions/5017/center-column-with-specifying-width-in-table-tabular-enviroment
31103,4182,1759,registered,0,0,0,False,86.0,"graphics, bibliographies, cross-referencing, thesis",4,2011-10-10 13:28:15,False,153,0,1,10,0,True,116,0,390.9,9,11351,https://tex.stackexchange.com/questions/31103/starting-a-phd-any-guides-to-setting-up-a-system
49188,12110,1689,registered,0,0,0,False,75.0,"spacing, line-breaking, paragraphs",3,2012-03-24 02:48:27,False,126,0,1,7,0,False,116,1,,3,436225,https://tex.stackexchange.com/questions/49188/how-to-insert-vertical-space-between-paragraphs
56176,12980,2107,registered,0,0,0,False,88.0,wrapfigure,1,2012-05-17 05:15:03,True,43,1,0,6,1,False,116,4,7432168.83,5,424955,https://tex.stackexchange.com/questions/56176/handling-of-wrapfig-pictures-in-latex
64188,14996,22685,registered,0,0,0,False,83.0,"pdftex, languages, copy-paste, font-encodings",4,2012-07-21 15:26:51,False,245,0,2,9,0,True,116,2,,6,22045,https://tex.stackexchange.com/questions/64188/what-are-good-ways-to-make-pdflatex-output-copy-and-pasteable
83882,22402,1784,registered,0,0,0,False,67.0,"python, syntax, listings",3,2012-11-21 18:03:25,False,75,1,0,10,0,False,116,0,471.78,4,265784,https://tex.stackexchange.com/questions/83882/how-to-highlight-python-syntax-in-latex-listings-lstinputlistings-command
1072,511,1303,registered,0,0,0,False,,"graphics, eps, png, tiff, jpeg",5,2010-08-04 23:55:07,False,64,0,0,13,0,True,115,0,16.73,6,82481,https://tex.stackexchange.com/questions/1072/which-graphics-formats-can-be-included-in-documents-processed-by-latex-or-pdflat
1375,572,4567,unregistered,0,0,0,False,43.0,"packages, algorithms, pseudocode",3,2010-08-09 10:04:53,False,34,0,1,8,0,True,115,0,1289870.65,5,113469,https://tex.stackexchange.com/questions/1375/what-is-a-good-package-for-displaying-algorithms
3622,1213,845,registered,0,0,0,True,,"diagrams, big-list",2,2010-09-30 21:33:02,False,13,0,0,9,0,True,115,0,,11,244061,https://tex.stackexchange.com/questions/3622/best-way-to-generate-nice-function-plots-in-latex
6195,223,16338,registered,0,0,0,False,78.0,"symbols, stacking-symbols",2,2010-11-30 01:39:43,False,80,1,1,7,0,False,115,0,,7,124934,https://tex.stackexchange.com/questions/6195/typeset-an-with-an-above
11031,3527,1293,registered,0,0,0,False,,"math-mode, symbols, math-operators",3,2011-02-14 06:57:47,False,42,0,0,11,0,True,115,1,5.72,6,578633,https://tex.stackexchange.com/questions/11031/how-to-do-the-curvy-l-for-lagrangian-or-laplace-transforms
33576,6530,1745,registered,0,0,0,False,75.0,"macros, conditionals, compiling",3,2011-11-03 19:17:05,False,88,1,0,4,0,False,115,1,,7,51888,https://tex.stackexchange.com/questions/33576/conditional-typesetting-build
39515,10327,1585,registered,0,0,0,False,,"fonts, math-mode, italic",3,2011-12-29 00:45:36,False,64,0,0,10,0,True,115,0,,5,478733,https://tex.stackexchange.com/questions/39515/is-there-a-way-to-set-math-mode-font-non-italic
86377,23151,1151,registered,0,0,0,False,,"math-mode, symbols",2,2012-12-10 16:49:12,False,53,0,2,9,0,True,115,1,,1,560983,https://tex.stackexchange.com/questions/86377/how-can-i-write-tilde-in-math-mode
87650,21429,3759,registered,0,0,0,False,100.0,"texstudio, spelling, dictionaries",3,2012-12-19 18:57:06,False,32,0,0,6,0,False,115,0,2261166.6,11,190529,https://tex.stackexchange.com/questions/87650/dictionary-for-texstudio-no-dictionary-available
88646,17049,16476,registered,0,0,0,False,86.0,"math-mode, fontsize",2,2012-12-30 20:23:32,True,13,1,0,7,0,False,115,0,,3,156897,https://tex.stackexchange.com/questions/88646/size-commands-do-not-work-in-mathmode
89115,29764,4223,registered,0,0,0,True,94.0,"tables, boxes, rotating, multirow",4,2013-01-03 17:40:10,True,87,1,0,7,0,True,115,0,4321158.78,5,259428,https://tex.stackexchange.com/questions/89115/how-to-rotate-text-in-multirow-table
89166,23013,1819,registered,0,0,0,True,89.0,"tables, horizontal-alignment, tabularx",3,2013-01-03 22:31:12,False,28,1,0,6,0,False,115,1,4556432.85,5,131959,https://tex.stackexchange.com/questions/89166/centering-in-tabularx-and-x-columns
110133,24817,3884,registered,0,0,0,False,90.0,"msword, latex-misc",2,2013-04-22 23:37:07,False,91,0,0,11,0,False,115,1,4859435.12,8,60796,https://tex.stackexchange.com/questions/110133/visual-comparison-between-latex-and-word-output-hyphenation-typesetting-ligat
159723,24955,1249,registered,0,0,0,False,,"align, columns, ampersand",3,2014-02-11 01:30:49,True,199,2,2,9,0,True,115,0,,4,55227,https://tex.stackexchange.com/questions/159723/what-does-a-double-ampersand-mean-in-latex
321,174,4053,registered,0,0,0,False,38.0,"equations, amsmath",2,2010-07-27 11:45:26,False,29,0,0,3,0,False,114,0,4095977.47,5,101703,https://tex.stackexchange.com/questions/321/align-vs-equation
974,409,1241,registered,0,0,0,False,,"installing, texlive, mactex, distributions, file-size",5,2010-08-04 07:56:21,False,35,0,0,14,0,True,114,3,6328548.52,8,89844,https://tex.stackexchange.com/questions/974/why-is-the-mactex-distribution-so-large-is-there-anything-smaller-for-os-x
3094,1035,9260,registered,0,0,0,False,100.0,"xetex, luatex",2,2010-09-15 07:10:02,False,115,0,0,3,0,False,114,0,,9,15537,https://tex.stackexchange.com/questions/3094/drawbacks-of-xetex-luatex
3676,37,2025,registered,0,0,0,False,33.0,"fonts, errors",2,2010-10-02 08:15:41,False,139,3,0,5,1,False,114,3,5760591.48,5,56934,https://tex.stackexchange.com/questions/3676/too-many-math-alphabets-error
13866,3172,8636,registered,0,0,0,True,92.0,"e-tex, obsolete, conditionals",3,2011-03-19 11:56:29,False,59,0,1,6,0,True,114,3,15.43,3,50140,https://tex.stackexchange.com/questions/13866/why-is-the-ifthen-package-obsolete
17961,5463,1589,registered,0,0,0,False,100.0,"beamer, titles",2,2011-05-11 13:00:30,False,17,0,0,10,0,True,114,0,,3,163148,https://tex.stackexchange.com/questions/17961/how-to-add-several-authors-with-different-affiliations-in-beamer
19651,1345,1916,registered,0,0,0,False,86.0,"floats, cross-referencing, numbering",3,2011-06-02 00:27:55,False,120,1,0,8,0,False,114,0,,1,73466,https://tex.stackexchange.com/questions/19651/reference-to-a-figure-uses-the-sections-number
24247,772,1335,registered,0,0,0,False,,"bibtex, errors, memory",3,2011-07-27 19:57:21,False,92,0,2,9,0,False,114,1,214.27,8,216150,https://tex.stackexchange.com/questions/24247/tex-capacity-exceeded-sorry-input-stack-size-5000
30081,1113,3705,registered,0,0,0,False,78.0,"calculations, dimension-expressions",2,2011-09-30 20:01:12,False,28,2,0,13,0,True,114,0,,9,104570,https://tex.stackexchange.com/questions/30081/how-can-i-sum-two-values-and-store-the-result-in-other-variable
55105,13835,2860,registered,0,0,0,False,96.0,"spacing, punctuation",2,2012-05-09 20:31:34,False,150,3,0,7,0,True,114,0,29.1,1,26929,https://tex.stackexchange.com/questions/55105/when-should-i-use-intersentence-spacing
131867,36294,3519,registered,0,0,0,False,86.0,multicolumn,1,2013-09-06 14:09:05,False,170,3,0,4,0,False,114,0,3601743.45,4,718392,https://tex.stackexchange.com/questions/131867/using-multicolumn-in-latex
196794,60892,1241,registered,0,0,0,True,,moderntimeline,1,2014-08-18 02:04:09,True,159,1,0,7,0,True,114,6,24.48,7,83973,https://tex.stackexchange.com/questions/196794/how-can-you-create-a-vertical-timeline
308600,95711,1213,registered,0,0,0,False,,"unicode, fun",2,2016-05-09 08:27:03,False,39,0,0,15,0,False,114,4,,5,29894,https://tex.stackexchange.com/questions/308600/how-to-include-a-lenny-face-in-a-latex-document-e-g-%cd%a1-%cd%9c%ca%96-%cd%a1
384873,114719,8645,registered,0,0,0,False,92.0,"typography, degrees",2,2017-08-05 01:16:33,True,55,1,1,5,0,True,114,4,2.08,7,391845,https://tex.stackexchange.com/questions/384873/what-is-the-degree-symbol
16466,5066,1133,unregistered,0,0,0,False,,"superscripts, vector",2,2011-04-23 21:12:21,False,41,1,0,4,0,False,113,1,13.93,5,718459,https://tex.stackexchange.com/questions/16466/vector-arrow-with-superscript
32911,2975,271889,registered,0,0,0,True,81.0,"fonts, pdftex, letters",3,2011-10-27 21:14:47,False,210,0,1,8,0,False,113,1,,5,103179,https://tex.stackexchange.com/questions/32911/adding-a-signature-on-an-online-job-application
73822,19030,1257,registered,0,0,0,False,,fractions,1,2012-09-24 00:44:44,False,12,0,0,8,0,True,113,0,21.57,4,108820,https://tex.stackexchange.com/questions/73822/what-is-the-difference-between-over-and-frac
82530,8303,6837,registered,0,0,0,True,100.0,tikz-pgf,1,2012-11-13 10:31:57,False,90,2,0,11,0,True,113,0,,2,242986,https://tex.stackexchange.com/questions/82530/how-to-draw-a-filled-rectangle-without-a-border-using-tikz
95483,16868,5057,registered,0,0,0,False,74.0,"installing, texlive, ubuntu",3,2013-01-26 21:41:46,False,69,0,1,13,0,True,113,0,155.38,6,154030,https://tex.stackexchange.com/questions/95483/how-to-remove-everything-related-to-tex-live-for-fresh-install-on-ubuntu
171711,49975,1230,registered,0,0,0,False,,"r, knitr, markdown, rstudio",4,2014-04-15 23:44:43,False,67,1,1,8,0,True,113,0,,3,198587,https://tex.stackexchange.com/questions/171711/how-to-include-latex-package-in-r-markdown
332902,5764,628671,moderator,0,0,0,True,97.0,"tables, page-breaking, width, height",4,2016-10-06 15:00:30,False,85,0,0,8,0,True,113,3,0.0,2,36797,https://tex.stackexchange.com/questions/332902/my-table-doesnt-fit-what-are-my-options
28608,264,2580,registered,0,0,0,True,80.0,"math-mode, matrices",2,2008-08-18 06:29:25,False,10,0,0,9,0,False,112,0,,5,356669,https://tex.stackexchange.com/questions/28608/how-to-add-a-matrix-to-a-latex-document
161,52,2235,registered,0,0,0,False,,"packages, tools, automation, revision-control",4,2010-07-27 00:00:35,False,73,0,0,7,0,False,112,0,6.77,12,13340,https://tex.stackexchange.com/questions/161/latex-packages-for-use-with-revision-control
422,77,8013,registered,0,0,0,False,100.0,"numbering, cross-referencing, theorems, amsthm",4,2010-07-28 00:19:38,False,82,1,0,7,2,True,112,3,47244.78,10,45565,https://tex.stackexchange.com/questions/422/how-do-i-repeat-a-theorem-number
875,97,5775,registered,0,0,0,False,100.0,diagrams,1,2010-08-03 12:14:02,False,11,0,0,4,0,False,112,0,81.45,8,105162,https://tex.stackexchange.com/questions/875/typesetting-uml-class-diagrams
8946,2932,1263,registered,0,0,0,False,,"glossaries, acronyms",2,2011-01-14 15:52:43,False,106,0,0,6,0,False,112,0,63.83,8,88254,https://tex.stackexchange.com/questions/8946/how-to-combine-acronym-and-glossary
14395,2273,1929,registered,0,0,0,False,100.0,"math-mode, bold, vector, italic",4,2011-03-28 10:22:52,False,42,0,0,3,0,False,112,2,14.5,7,249836,https://tex.stackexchange.com/questions/14395/bold-italic-vectors
16569,5115,1223,registered,0,0,0,False,,ebook,1,2011-04-25 01:33:08,False,101,0,0,11,0,False,112,2,2439126.2,7,68165,https://tex.stackexchange.com/questions/16569/latex-document-to-epub-or-mobi-ebook-formats-with-mathematical-formulas
17611,5278,1471,unregistered,0,0,0,False,,"languages, characters, cjk, chinese",4,2011-05-06 22:46:06,False,33,1,0,7,0,True,112,0,437.17,7,149030,https://tex.stackexchange.com/questions/17611/how-does-one-type-chinese-in-latex
25911,1586,2167,registered,0,0,0,False,100.0,emphasis,1,2011-08-17 10:54:47,False,16,0,0,8,0,True,112,1,62.53,5,203725,https://tex.stackexchange.com/questions/25911/what-is-the-difference-between-em-and-emph
45275,11955,1123,unregistered,0,0,0,False,,tikz-pgf,1,2012-02-21 14:48:55,False,46,0,0,7,0,False,112,0,,1,71494,https://tex.stackexchange.com/questions/45275/tikz-get-values-for-predefined-dash-patterns
69483,9237,20301,registered,0,0,0,True,100.0,"installing, miktex, texmf, folders",4,2012-08-30 20:29:11,False,48,0,1,7,0,False,112,0,5935121.23,2,192560,https://tex.stackexchange.com/questions/69483/create-a-local-texmf-tree-in-miktex
118939,26739,2446,registered,0,0,0,False,100.0,"watermark, draftwatermark",2,2013-06-13 08:25:41,False,34,1,0,6,0,False,112,0,5880021.8,2,183471,https://tex.stackexchange.com/questions/118939/add-watermark-that-overlays-the-images
179030,412,23548,registered,0,0,0,False,77.0,"online, overleaf",2,2014-05-19 12:28:33,False,58,0,0,6,0,False,112,9,173753.78,8,77352,https://tex.stackexchange.com/questions/179030/comparison-sharelatex-vs-overleaf-formerly-writelatex
214728,37468,1447,registered,0,0,0,False,,"math-mode, braket",2,2014-12-01 01:49:45,False,31,0,1,4,0,False,112,0,4.67,5,484408,https://tex.stackexchange.com/questions/214728/braket-notation-in-latex
45,69,9023,registered,0,0,0,False,59.0,"tikz-pgf, compiling, performance",3,2010-07-26 22:43:39,False,10,0,0,10,0,True,111,3,15.72,11,50799,https://tex.stackexchange.com/questions/45/how-to-speed-up-latex-compilation-with-several-tikz-pictures
55337,9004,2568,registered,0,0,0,True,100.0,"graphics, floats, minipage",3,2012-05-11 07:51:07,False,78,3,0,7,0,True,111,0,,3,435758,https://tex.stackexchange.com/questions/55337/how-to-use-figure-inside-a-minipage
98013,18773,3897,registered,0,0,0,True,89.0,"math-mode, symbols, syntax",3,2013-02-13 12:50:52,False,72,0,0,3,0,False,111,0,,2,276331,https://tex.stackexchange.com/questions/98013/varepsilon-vs-epsilon
158638,45442,1539,registered,0,0,0,False,89.0,"beamer, presentations",2,2014-02-05 03:30:32,False,105,0,0,6,0,False,111,0,,5,42502,https://tex.stackexchange.com/questions/158638/make-beamer-not-look-like-beamer
168938,49045,1286,registered,0,0,0,True,,symbols,1,2014-04-01 19:55:13,False,14,0,0,7,0,False,111,0,3719082.92,4,229369,https://tex.stackexchange.com/questions/168938/how-to-insert-a-trademark-symbol-tm
70,48,48041,registered,0,0,0,False,64.0,"luatex, lua",2,2010-07-26 22:53:58,False,93,2,1,12,0,True,110,2,,5,32775,https://tex.stackexchange.com/questions/70/what-is-a-simple-example-of-something-you-can-do-with-luatex
3238,993,5049,registered,0,0,0,False,91.0,"fonts, math-mode, symbols, bold",4,2010-09-18 21:02:29,False,91,1,2,4,0,False,110,0,,2,254968,https://tex.stackexchange.com/questions/3238/bm-package-versus-boldsymbol
4268,10,13703,registered,0,0,0,False,95.0,"symbols, unicode",2,2010-10-18 18:56:42,False,75,1,0,15,1,False,110,3,,4,334899,https://tex.stackexchange.com/questions/4268/inputenc-error-unicode-char-u8-error-while-trying-to-write-a-degree-symbol
6238,2040,1763,registered,0,0,0,False,45.0,cross-referencing,1,2010-11-30 16:42:21,False,75,1,0,11,0,True,110,0,,1,18574,https://tex.stackexchange.com/questions/6238/get-the-title-instead-of-the-number-of-a-referenced-chapter-section
6967,2423,1203,registered,0,0,0,False,,"biblatex, subdividing",2,2010-12-12 18:22:18,False,76,0,0,11,0,True,110,0,6029498.0,3,14050,https://tex.stackexchange.com/questions/6967/how-to-split-bibliography-into-works-cited-and-works-not-cited
8662,466,1447,registered,0,0,0,False,,pdf,1,2011-01-10 22:26:32,False,85,0,0,7,0,True,110,1,47.15,3,99978,https://tex.stackexchange.com/questions/8662/merge-two-pdf-files-output-by-latex
9116,1979,1653,registered,0,0,0,False,,"tikz-pgf, documentation, learning",3,2011-01-17 08:12:49,False,177,0,3,11,0,True,110,2,,6,7499,https://tex.stackexchange.com/questions/9116/what-is-the-minimum-one-needs-to-know-to-use-tikz
9533,2580,9460,registered,0,0,0,False,,"fonts, xetex, typography",3,2011-01-23 12:45:07,False,178,0,4,13,0,True,110,1,,15,42587,https://tex.stackexchange.com/questions/9533/what-best-combination-of-fonts-for-serif-sans-and-mono-do-you-recommend
15779,861,6063,registered,0,0,0,True,60.0,"tikz-pgf, documentation, tutorials",3,2011-04-14 04:06:53,False,57,0,0,4,0,False,110,0,5661565.2,11,20304,https://tex.stackexchange.com/questions/15779/materials-for-learning-tikz
29381,1045,1498,registered,0,0,0,True,100.0,"bibtex, rules, ieee-style",3,2011-09-24 20:45:28,True,131,2,0,12,0,True,110,3,10.2,7,91558,https://tex.stackexchange.com/questions/29381/is-it-normal-for-bibtex-to-replace-similar-author-names-with
56008,14633,2515,registered,0,0,0,False,100.0,fontsize,1,2012-05-16 06:43:02,False,73,1,0,7,0,True,110,0,,2,609996,https://tex.stackexchange.com/questions/56008/different-sizes-of-font-available-in-table
94799,22286,2691,registered,0,0,0,False,81.0,"tables, color",2,2013-01-22 01:50:06,False,107,1,1,6,0,True,110,0,4530324.47,4,393243,https://tex.stackexchange.com/questions/94799/how-do-i-color-table-columns
95838,16166,5109,registered,0,0,0,True,85.0,"equations, lists",2,2013-01-29 12:30:41,True,169,2,0,8,0,True,110,1,25.13,8,114253,https://tex.stackexchange.com/questions/95838/how-to-write-a-perfect-equation-parameters-description
108684,29019,2029,registered,0,0,0,True,59.0,"spacing, sectioning, titlesec",3,2013-04-14 16:03:56,False,57,1,0,6,0,False,110,1,3924080.55,4,398508,https://tex.stackexchange.com/questions/108684/spacing-before-and-after-section-titles
46280,1861,4307,registered,0,0,0,False,,"titles, backgrounds",2,2008-10-27 16:35:43,False,43,0,2,11,0,True,109,0,,3,149547,https://tex.stackexchange.com/questions/46280/how-to-create-a-background-image-on-title-page-with-latex
940,356,1941,registered,0,0,0,False,100.0,"big-list, tex-general, latex-misc",3,2010-08-04 00:01:37,False,17,0,0,6,0,True,109,0,5318059.92,50,36126,https://tex.stackexchange.com/questions/940/what-professions-use-tex-latex-besides-cs
59403,243,38305,registered,0,0,0,False,91.0,"fonts, texlive, big-list",3,2012-06-11 10:03:58,False,49,0,1,8,0,True,109,0,4.07,3,67460,https://tex.stackexchange.com/questions/59403/what-font-packages-are-installed-in-tex-live
73467,13747,8498,registered,0,0,0,False,65.0,punctuation,1,2012-09-21 09:03:48,True,57,1,0,12,4,True,109,0,8.35,3,195969,https://tex.stackexchange.com/questions/73467/what-is-best-method-to-insert-an-ellipsis-in-a-xetex-document
88423,9237,20301,registered,0,0,0,True,100.0,"fonts, installing",2,2012-12-28 20:04:06,False,69,0,1,3,0,False,109,1,3937896.55,3,129552,https://tex.stackexchange.com/questions/88423/manual-font-installation
248530,7583,5228,registered,0,0,0,True,100.0,latexmk,1,2015-06-04 10:38:34,False,78,0,0,7,0,True,109,0,,1,34295,https://tex.stackexchange.com/questions/248530/how-sensible-is-it-to-use-latexmk
3871,119,26810,registered,0,0,0,False,93.0,"bibliographies, biblatex, natbib, citing, cite-package",5,2010-10-07 18:37:47,False,93,1,0,15,0,False,108,0,7734669.3,4,127351,https://tex.stackexchange.com/questions/3871/citing-a-range-of-papers-using-numeric-keys-as-in-citea-b-c-1-3
5433,1783,6602,registered,0,0,0,False,93.0,"graphics, external-files, online",3,2010-11-15 23:06:03,False,21,2,0,13,0,True,108,3,6912887.38,4,60459,https://tex.stackexchange.com/questions/5433/can-i-use-an-image-located-on-the-web-in-a-latex-document
5599,215,76886,registered,0,0,0,False,98.0,"packages, best-practices, theorems",3,2010-11-18 20:06:23,False,75,0,3,7,0,True,108,1,,3,23120,https://tex.stackexchange.com/questions/5599/theorem-packages-which-to-use-which-conflict
8890,2036,11746,registered,0,0,0,False,90.0,"tikz-pgf, nodes, node-connections",3,2011-01-13 19:03:42,True,167,1,0,10,0,False,108,3,33.05,4,100273,https://tex.stackexchange.com/questions/8890/tikz-how-to-draw-boxes-around-set-of-nodes
24372,4322,10357,registered,0,0,0,True,100.0,"tikz-pgf, automata",2,2011-07-29 01:17:20,True,119,1,0,8,1,True,108,0,6017183.38,5,114580,https://tex.stackexchange.com/questions/24372/how-to-add-newline-within-node-using-tikz
27906,7743,1183,registered,0,0,0,False,,beamer,1,2011-09-08 18:55:39,True,128,1,0,10,0,False,108,0,5520773.67,2,186002,https://tex.stackexchange.com/questions/27906/positioning-logo-in-the-front-page-as-well-as-slides
38607,10115,2362,registered,0,0,0,True,25.0,"errors, lengths",2,2011-12-17 16:10:44,False,31,1,0,6,0,False,108,0,5.93,2,59044,https://tex.stackexchange.com/questions/38607/no-room-for-a-new-dimen
42628,11045,3563,registered,0,0,0,False,75.0,xetex,1,2012-01-29 02:36:23,False,359,0,5,11,0,True,108,0,,7,18170,https://tex.stackexchange.com/questions/42628/i-am-new-to-tex-should-i-use-latex-xelatex
55472,14127,3052,registered,0,0,0,False,83.0,horizontal-alignment,1,2012-05-12 06:21:14,False,41,0,0,10,0,True,108,0,4700954.32,6,322473,https://tex.stackexchange.com/questions/55472/how-to-make-text-aligned-left-center-right-in-the-same-line
73141,13192,8616,registered,0,0,0,False,83.0,koma-script,1,2012-09-19 09:51:40,False,102,0,0,8,0,True,108,0,,8,52738,https://tex.stackexchange.com/questions/73141/why-should-i-not-use-the-koma-script-classes
93797,24406,5662,registered,0,0,0,False,77.0,"rotating, inline",2,2013-01-14 22:13:21,False,51,0,0,5,0,True,108,3,,2,182461,https://tex.stackexchange.com/questions/93797/how-to-rotate-text-inline
139700,38200,1386,registered,0,0,0,False,,"errors, babel",2,2013-10-20 16:34:26,False,138,4,0,6,0,False,108,0,3034384.92,7,203060,https://tex.stackexchange.com/questions/139700/package-babel-error-unknown-option-francais
217511,8196,1674,registered,0,0,0,False,,postscript,1,2014-12-11 14:40:30,False,123,0,0,6,0,True,108,1,2510393.78,13,37105,https://tex.stackexchange.com/questions/217511/why-do-people-still-use-postscript
23977,550,3319,registered,0,0,0,False,78.0,"warnings, marginpar",2,2010-02-09 17:05:23,False,28,1,0,8,0,True,107,1,,4,26029,https://tex.stackexchange.com/questions/23977/what-does-the-warning-about-moved-marginpar-mean
226,103,17397,registered,0,0,0,False,75.0,"fonts, installing, truetype",3,2010-07-27 03:18:26,False,70,0,0,5,0,False,107,0,20758.13,4,107389,https://tex.stackexchange.com/questions/226/installing-ttf-fonts-in-latex
13015,141,2177,registered,0,0,0,False,83.0,"fonts, packages, languages",3,2011-03-09 10:43:33,False,46,0,0,6,0,True,107,3,1613200.22,6,38346,https://tex.stackexchange.com/questions/13015/what-package-allows-elvish-in-tex
42114,4918,58393,registered,0,0,0,False,96.0,"best-practices, document-classes, examples, minimal",4,2012-01-24 10:50:00,False,67,0,1,7,0,True,107,0,,2,15852,https://tex.stackexchange.com/questions/42114/why-should-the-minimal-class-be-avoided
42843,9241,9174,registered,0,0,0,True,76.0,"spelling, proofreading",2,2012-01-30 22:31:27,False,34,0,0,8,0,True,107,4,3955235.93,11,219045,https://tex.stackexchange.com/questions/42843/is-there-a-spell-check-package-for-latex
71478,9840,1,registered,0,0,0,False,86.0,"tikz-pgf, nodes",2,2012-09-14 09:43:38,False,24,1,0,11,0,True,107,0,,2,60993,https://tex.stackexchange.com/questions/71478/how-to-center-one-node-exactly-between-two-others-with-tikz
117358,31647,1389,registered,0,0,0,True,50.0,macros,1,2013-06-03 05:30:01,False,154,1,0,3,0,False,107,1,,4,239769,https://tex.stackexchange.com/questions/117358/newcommand-argument-confusion
528262,14103,18659,registered,0,0,0,True,95.0,"tex-core, security",2,2020-02-13 12:25:31,False,138,0,1,7,0,True,107,19,401.97,5,20928,https://tex.stackexchange.com/questions/528262/are-there-any-dangerous-commands-in-latex
1226,313,1873,registered,0,0,0,False,,"compiling, tools, glossaries, automation, latexmk",5,2010-08-06 17:24:38,False,115,1,2,6,0,True,106,1,34.87,7,25809,https://tex.stackexchange.com/questions/1226/how-to-make-latexmk-use-makeglossaries
9497,1783,6602,registered,0,0,0,False,93.0,"sectioning, page-breaking, titlesec, sections-paragraphs",4,2011-01-23 00:07:50,False,27,1,0,6,0,False,106,0,5348000.35,9,185268,https://tex.stackexchange.com/questions/9497/start-new-page-with-each-section
12698,2634,17576,registered,0,0,0,False,99.0,macros,1,2011-03-05 09:22:35,False,28,0,1,6,0,True,106,1,,1,73514,https://tex.stackexchange.com/questions/12698/what-is-the-purpose-of-protect
22350,4594,4715,registered,0,0,0,True,93.0,math-mode,1,2011-07-05 08:30:02,False,28,0,0,5,0,False,106,0,121.53,3,107299,https://tex.stackexchange.com/questions/22350/difference-between-textrm-and-mathrm
55502,963,122413,registered,0,0,0,False,93.0,"margins, typography",2,2012-05-12 12:34:45,True,307,0,5,7,0,False,106,0,180039.12,4,27082,https://tex.stackexchange.com/questions/55502/modern-book-design-margins-and-typed-area
75525,19100,13229,registered,0,0,0,False,100.0,"math-mode, text-decorations, cancel, strikeout",4,2012-10-06 14:11:01,False,62,0,1,7,0,True,106,0,,1,227515,https://tex.stackexchange.com/questions/75525/how-to-write-crossed-out-math-in-latex
78073,18301,1295,registered,0,0,0,False,50.0,"packages, best-practices",2,2012-10-17 21:46:26,False,38,0,0,6,0,False,106,0,,4,12044,https://tex.stackexchange.com/questions/78073/detecting-unused-packages-in-latex-document
78310,8057,12850,registered,0,0,0,False,89.0,"tikz-pgf, beamer, diagrams",3,2012-10-19 15:23:18,True,222,0,1,5,0,True,106,0,,1,15799,https://tex.stackexchange.com/questions/78310/powerpoints-smart-art-for-tikz
95207,2204,3463,registered,0,0,0,True,100.0,"horizontal-alignment, captions",2,2013-01-24 17:05:49,False,48,0,0,6,0,True,106,0,,1,447320,https://tex.stackexchange.com/questions/95207/how-to-center-a-specific-caption
228724,41317,1625,registered,0,0,0,False,100.0,tikz-pgf,1,2015-02-18 01:47:56,True,102,1,0,22,0,True,106,0,,3,206993,https://tex.stackexchange.com/questions/228724/how-do-i-make-tikz-make-a-curved-arrow-from-one-node-to-another-when-my-nodes-ar
346695,101651,76078,registered,0,0,0,True,99.0,"tikz-pgf, fun, tikzducks",3,2017-01-02 15:23:44,True,248,0,5,18,0,True,106,44,,6,12957,https://tex.stackexchange.com/questions/346695/how-can-we-draw-a-duck-in-order-to-create-a-tikzducks-package-and-store-it-in-c
349,69,9023,registered,0,0,0,False,59.0,"pdftex, compiling",2,2010-07-27 14:14:41,False,33,0,0,9,0,True,105,0,,7,53560,https://tex.stackexchange.com/questions/349/what-is-the-practical-difference-between-latex-and-pdflatex
1522,337,5723,registered,0,0,0,False,70.0,"hyperref, cross-referencing, errors, draft",4,2010-08-11 11:50:46,False,83,1,1,9,0,False,105,0,5154416.92,10,63647,https://tex.stackexchange.com/questions/1522/pdfendlink-ended-up-in-different-nesting-level-than-pdfstartlink
23313,1997,8763,registered,0,0,0,False,100.0,"spacing, floats",2,2011-07-17 22:49:33,False,54,1,0,7,0,True,105,0,,2,269130,https://tex.stackexchange.com/questions/23313/how-can-i-reduce-padding-after-figure
30228,Unknown,0,does_not_exist,0,0,0,True,,"header-footer, fancyhdr",2,2011-10-02 07:14:37,False,104,1,0,5,1,False,105,0,15.77,5,145929,https://tex.stackexchange.com/questions/30228/custom-first-page-with-fancyhdr
33330,8546,4823,registered,0,0,0,False,76.0,"bibliographies, formatting",2,2011-11-01 18:07:14,False,96,1,1,13,0,False,105,0,2550472.4,11,50880,https://tex.stackexchange.com/questions/33330/make-one-authors-name-bold-every-time-it-shows-up-in-the-bibliography
48402,4011,30293,registered,0,0,0,False,72.0,"beamer, comments, workflow",3,2012-03-17 22:12:46,False,66,0,0,9,0,False,105,0,,1,55188,https://tex.stackexchange.com/questions/48402/personal-notes-when-preparing-a-talk-with-latex-beamer-class
58713,2272,2917,registered,0,0,0,False,88.0,"hyperref, cross-referencing, enumerate",3,2012-06-06 03:11:29,False,77,1,0,6,0,False,105,0,4311288.13,4,122316,https://tex.stackexchange.com/questions/58713/ref-should-use-enumerate-label-name
70448,5110,21077,registered,0,0,0,False,86.0,beamer,1,2012-09-06 19:12:31,False,38,0,0,4,0,False,105,1,4410850.05,4,84810,https://tex.stackexchange.com/questions/70448/dont-count-backup-slides
116534,27044,1287,registered,0,0,0,False,,"listings, sourcecode",2,2013-05-28 18:13:29,True,68,1,0,3,0,False,105,1,4780904.87,2,153372,https://tex.stackexchange.com/questions/116534/lstlisting-line-wrapping
292704,98275,1053,registered,0,0,0,False,,back-referencing,1,2016-02-13 13:51:36,False,61,0,0,7,0,False,105,0,4701775.1,2,232173,https://tex.stackexchange.com/questions/292704/referencing-page-number-with-only-one-reference
479,83,92989,registered,0,0,0,False,90.0,"fonts, math-mode",2,2010-07-28 17:41:56,False,51,0,0,2,0,False,104,2,6170307.53,6,151146,https://tex.stackexchange.com/questions/479/lowercase-mathcal
674,35,23407,registered,0,0,0,True,82.0,spacing,1,2010-07-30 21:52:44,False,116,0,0,8,0,False,104,0,137.88,17,84958,https://tex.stackexchange.com/questions/674/squeezing-scientific-paper-to-fit-within-page-limits
1511,182,1163,registered,0,0,0,False,,"floats, warnings",2,2010-08-11 04:33:33,False,93,2,0,14,0,False,104,0,6785917.17,2,114911,https://tex.stackexchange.com/questions/1511/h-float-specifier-changed-to-ht-warning-when-not-attempting-to-specify-a-flo
2198,371,17519,registered,0,0,0,False,99.0,"fonts, pdf, online, file-size",4,2010-08-23 06:13:04,False,183,0,1,9,0,False,104,1,131.95,7,38253,https://tex.stackexchange.com/questions/2198/how-to-create-small-pdf-files-for-the-internet
2811,215,76886,registered,0,0,0,False,98.0,"pdf, pdftex, compiling, dvi, dvi-mode",5,2010-09-06 19:10:02,False,51,0,0,13,0,True,104,1,6224852.08,6,19770,https://tex.stackexchange.com/questions/2811/is-there-any-reason-to-compile-to-dvi-rather-than-pdf-these-days
7669,215,76886,registered,0,0,0,False,98.0,"formatting, sans-serif",2,2010-12-24 01:22:42,False,43,0,0,9,0,False,104,0,8.53,2,121168,https://tex.stackexchange.com/questions/7669/bfseries-is-to-textbf-as-what-is-to-textsf
9107,2756,1537,registered,0,0,0,False,,"line-breaking, hyphenation",2,2011-01-17 04:47:21,False,69,0,0,19,0,True,104,1,44.63,3,133281,https://tex.stackexchange.com/questions/9107/how-can-i-make-my-text-never-go-over-the-right-margin-by-always-hyphenating-or-b
16231,3902,1297,registered,0,0,0,False,75.0,"tikz-pgf, context",2,2011-04-20 13:02:26,False,228,2,0,9,3,False,104,0,,2,215754,https://tex.stackexchange.com/questions/16231/node-below-and-left-of-another-node-in-tikz
16337,1235,39641,registered,0,0,0,False,88.0,"math-mode, symbols, accents",3,2011-04-21 17:19:31,True,123,0,0,10,0,True,104,0,4885034.2,5,96432,https://tex.stackexchange.com/questions/16337/can-i-get-a-widebar-without-using-the-mathabx-package
19264,5701,37533,registered,0,0,0,False,98.0,"packages, best-practices, warnings, syntax",4,2011-05-28 11:28:16,False,167,2,2,9,5,False,104,0,,4,7232,https://tex.stackexchange.com/questions/19264/techniques-and-packages-to-keep-up-with-good-practices
33969,9126,1043,unregistered,0,0,0,False,,"beamer, fontsize",2,2011-11-07 17:10:23,False,35,0,0,8,0,False,104,0,15.87,2,204993,https://tex.stackexchange.com/questions/33969/changing-font-size-of-selected-slides-in-beamer
84753,14306,1350,registered,0,0,0,False,,tikz-pgf,1,2012-11-29 09:49:02,False,44,0,0,4,0,False,104,0,1731.9,3,24821,https://tex.stackexchange.com/questions/84753/summary-of-tikz-commands
99475,16839,17674,registered,0,0,0,False,100.0,"minted, texstudio, shell-escape",3,2013-02-22 20:23:45,False,65,1,1,12,0,True,104,0,0.0,3,131880,https://tex.stackexchange.com/questions/99475/how-to-invoke-latex-with-the-shell-escape-flag-in-texstudio-former-texmakerx
105621,5645,19669,registered,0,0,0,False,87.0,"beamer, presentations, big-list, examples",4,2013-03-27 23:32:16,False,149,0,3,8,0,False,104,0,0.0,6,52690,https://tex.stackexchange.com/questions/105621/beautiful-presentations-done-with-tex-and-related-systems
124346,13190,9441,registered,0,0,0,False,64.0,"graphics, errors, minipage",3,2013-07-17 08:54:45,True,75,2,0,8,2,False,104,0,63470.78,4,289845,https://tex.stackexchange.com/questions/124346/latex-error-not-in-outer-par-mode
127502,34053,3780,registered,0,0,0,False,79.0,"tex-core, conditionals",2,2013-08-09 20:08:42,False,53,2,0,5,0,False,104,0,,3,53232,https://tex.stackexchange.com/questions/127502/difference-between-if-and-ifx
994,169,65149,registered,0,0,0,False,93.0,datetime,1,2010-08-04 12:09:04,False,49,0,0,9,0,True,103,0,,3,86471,https://tex.stackexchange.com/questions/994/how-can-i-typeset-the-date-time-at-compile-time
6306,929,12622,registered,0,0,0,False,83.0,"pdf, pdftex, viewers, pdfcomment",4,2010-12-01 13:20:36,False,287,0,0,8,0,True,103,0,215937.87,10,58303,https://tex.stackexchange.com/questions/6306/how-to-annotate-pdf-files-generated-by-pdflatex
12676,Unknown,0,does_not_exist,0,0,0,True,,"tables, notes",2,2011-03-04 21:41:23,True,182,1,2,5,0,False,103,0,,3,363230,https://tex.stackexchange.com/questions/12676/add-notes-under-the-table
13541,3444,2297,registered,0,0,0,False,80.0,"expl3, latex-misc",2,2011-03-15 20:35:21,False,35,0,0,6,0,True,103,0,5027791.05,4,68498,https://tex.stackexchange.com/questions/13541/difference-between-latex-latex2e-latex3
36039,9391,4425,registered,0,0,0,False,100.0,"math-mode, delimiters",2,2011-11-24 14:13:36,True,405,1,1,6,0,False,103,0,4519873.78,5,68489,https://tex.stackexchange.com/questions/36039/automatic-size-adjustment-for-nested-parentheses
41264,10103,1617,registered,0,0,0,False,,"spacing, cross-referencing, citing, syntax",4,2012-01-16 17:27:45,False,37,0,0,10,0,True,103,0,,3,29389,https://tex.stackexchange.com/questions/41264/what-is-the-difference-in-citing-referencing-with-or-without-tilde
46512,12146,1347,registered,0,0,0,False,75.0,"floats, errors",2,2012-03-02 17:06:07,False,205,2,0,4,0,False,103,0,,5,91675,https://tex.stackexchange.com/questions/46512/too-many-unprocessed-floats
50162,1871,14872,registered,0,0,0,False,83.0,"equations, standalone",2,2012-03-31 08:06:26,False,80,2,0,9,1,True,103,0,57.58,3,70101,https://tex.stackexchange.com/questions/50162/how-to-make-a-standalone-document-with-one-equation
56627,13215,1349,registered,0,0,0,False,100.0,align,1,2012-05-20 17:24:12,False,98,1,0,2,0,False,103,0,4367456.23,3,167182,https://tex.stackexchange.com/questions/56627/multiple-alignment
73231,18379,2181,registered,0,0,0,False,100.0,"floats, listings, page-breaking",3,2012-09-19 20:02:53,True,460,1,0,5,126,False,103,0,,3,95874,https://tex.stackexchange.com/questions/73231/avoid-page-breaks-in-lstlistings
205125,63565,1213,registered,0,0,0,False,100.0,math-mode,1,2014-10-08 14:10:15,False,20,1,0,5,0,False,103,0,,1,452434,https://tex.stackexchange.com/questions/205125/formatting-the-union-of-sets
4327,215,76886,registered,0,0,0,False,98.0,"macros, environments",2,2010-10-20 15:25:24,False,88,0,0,10,0,True,102,1,14.17,10,16503,https://tex.stackexchange.com/questions/4327/where-do-i-find-out-how-a-command-environment-is-defined
8043,9,16520,registered,0,0,0,True,85.0,"beamer, color, backgrounds",3,2010-12-31 20:21:10,False,38,1,0,9,1,False,102,0,,3,147406,https://tex.stackexchange.com/questions/8043/change-the-background-color-of-a-frame-in-beamer
11095,3172,8636,registered,0,0,0,True,92.0,"macros, logos",2,2011-02-14 23:39:13,False,26,0,0,11,0,False,102,0,796365.35,3,21595,https://tex.stackexchange.com/questions/11095/how-to-write-latex-with-parentheses-or-any-other-tex-related-logo
22643,Unknown,0,does_not_exist,0,0,0,True,,"math-mode, bold",2,2011-07-09 00:33:39,False,51,1,0,10,0,True,102,0,5090835.78,4,418964,https://tex.stackexchange.com/questions/22643/how-to-write-letters-in-bold-in-the-math-mode
25642,5110,21077,registered,0,0,0,False,86.0,tikz-pgf,1,2011-08-14 00:55:09,False,45,1,0,9,0,True,102,1,,1,251645,https://tex.stackexchange.com/questions/25642/how-to-draw-a-line-of-dots-in-tikz
32160,8736,1021,unregistered,0,0,0,False,,"line-breaking, paragraphs",2,2011-10-20 18:23:33,False,100,2,1,4,0,True,102,0,,2,253468,https://tex.stackexchange.com/questions/32160/new-line-after-paragraph
36524,Unknown,0,does_not_exist,0,0,0,True,,framed,1,2011-11-29 13:25:12,False,56,1,0,11,0,False,102,0,4491396.58,7,434763,https://tex.stackexchange.com/questions/36524/how-to-put-a-framed-box-around-text-math-environment
39435,9576,1612,registered,0,0,0,False,83.0,"tables, horizontal-alignment",2,2011-12-27 18:25:43,False,48,0,0,8,0,True,102,0,68.67,3,112181,https://tex.stackexchange.com/questions/39435/how-can-i-center-a-too-wide-table
68516,9489,1275,registered,0,0,0,False,,floats,1,2012-08-24 02:10:35,False,63,0,0,7,0,False,102,0,848828.55,5,62450,https://tex.stackexchange.com/questions/68516/avoid-that-figure-gets-its-own-page
86150,17049,16476,registered,0,0,0,False,86.0,typography,1,2012-12-08 21:56:40,True,181,0,5,3,0,False,102,0,19.32,3,22676,https://tex.stackexchange.com/questions/86150/torn-page-effect
121155,32819,1235,registered,0,0,0,True,,"tables, scaling, paper-size",3,2013-06-26 14:41:06,False,311,1,0,9,0,False,102,0,,2,704078,https://tex.stackexchange.com/questions/121155/how-to-adjust-a-table-to-fit-on-page
124291,29222,3727,registered,0,0,0,False,75.0,"pdf, viewers, accessibility, pdf-a",4,2013-07-16 22:30:08,True,387,0,4,6,0,False,102,3,547507.42,2,6795,https://tex.stackexchange.com/questions/124291/revisiting-producing-structured-pdfs-from-latex
200813,62374,1123,registered,0,0,0,False,,amsmath,1,2014-09-12 13:21:09,False,9,0,0,6,0,False,102,0,,1,65344,https://tex.stackexchange.com/questions/200813/difference-between-align-and-alignat-environments
278727,69464,1589,registered,0,0,0,False,71.0,"graphics, floats",2,2015-11-17 20:51:57,False,106,1,1,5,0,False,102,0,96.13,1,178430,https://tex.stackexchange.com/questions/278727/split-subfigures-over-multiple-pages
326,171,111,registered,0,0,0,False,,"templates, big-list, thesis, resources, repositories",5,2010-07-27 12:24:14,False,23,0,0,6,0,False,101,0,2431389.28,17,80991,https://tex.stackexchange.com/questions/326/latex-templates-for-writing-a-thesis
24066,6889,1265,registered,0,0,0,False,,"sectioning, page-breaking, chapters",3,2011-07-25 20:22:26,False,52,0,0,6,0,False,101,0,,3,177129,https://tex.stackexchange.com/questions/24066/start-new-chapter-on-same-page
28627,7385,1135,registered,0,0,0,False,,"installing, algorithms",2,2011-09-16 04:56:41,False,75,0,0,6,0,True,101,0,4804560.68,12,188502,https://tex.stackexchange.com/questions/28627/how-to-install-the-algorithms-package
36609,7004,1309,registered,0,0,0,False,100.0,"sectioning, formatting",2,2011-11-30 03:33:10,False,80,0,0,3,0,False,101,0,5639910.27,3,177258,https://tex.stackexchange.com/questions/36609/formatting-section-titles
41116,10589,1887,registered,0,0,0,True,100.0,"beamer, presentations, powerdot",3,2012-01-15 01:54:16,False,122,0,0,7,0,True,101,0,2506936.22,13,49124,https://tex.stackexchange.com/questions/41116/why-should-i-use-latex-for-presentations
54796,14037,2231,registered,0,0,0,False,70.0,"tikz-pgf, arrows, tikz-styles",3,2012-05-07 18:27:52,False,61,0,0,10,0,True,101,0,,1,89042,https://tex.stackexchange.com/questions/54796/how-to-set-default-style-for-arrow-tips-in-tikz
63732,16716,1155,registered,0,0,0,False,,"document-classes, document-configuration, fun",3,2012-07-18 13:43:27,False,53,0,0,5,0,False,101,0,,1,19043,https://tex.stackexchange.com/questions/63732/cute-child-friendly-document-in-latex
89721,15601,1877,registered,0,0,0,False,100.0,"multicol, width, flowfram",3,2013-01-07 14:47:23,False,33,0,0,5,0,False,101,0,369.28,1,106394,https://tex.stackexchange.com/questions/89721/different-column-widths-using-multicol
488,206,19171,registered,0,0,0,False,92.0,"fonts, bold, blackboard",3,2010-07-28 18:31:21,False,68,0,0,3,0,False,100,0,5738464.12,5,130128,https://tex.stackexchange.com/questions/488/blackboard-bold-characters
2083,97,5775,registered,0,0,0,False,100.0,boxes,1,2010-08-20 17:40:13,True,46,0,1,5,0,True,100,1,89.47,4,16298,https://tex.stackexchange.com/questions/2083/how-can-i-visualize-boxes
4425,215,76886,registered,0,0,0,False,98.0,"hyperref, color, printing",3,2010-10-22 20:22:21,False,78,0,0,21,0,True,100,0,,5,11862,https://tex.stackexchange.com/questions/4425/is-there-a-way-to-have-coloured-hyperref-hyperlinks-in-the-pdf-but-have-them-pr
11380,3675,1451,registered,0,0,0,False,100.0,"tables, longtable",2,2011-02-18 06:29:59,False,31,0,0,10,0,False,100,0,5546632.93,4,68010,https://tex.stackexchange.com/questions/11380/how-to-repeat-top-rows-column-headings-on-every-page
14071,4382,1173,registered,0,0,0,False,,"spacing, matrices, line-spacing",3,2011-03-23 00:07:40,False,48,0,0,10,0,True,100,0,20.32,3,113352,https://tex.stackexchange.com/questions/14071/how-can-i-increase-the-line-spacing-in-a-matrix
16964,1308,3710,registered,0,0,0,False,73.0,"color, punctuation, quoting",3,2011-04-29 23:00:03,False,44,0,1,6,0,False,100,0,4643297.98,6,46344,https://tex.stackexchange.com/questions/16964/block-quote-with-big-quotation-marks
22852,6662,1893,registered,0,0,0,False,88.0,boxes,1,2011-07-12 00:02:00,False,43,0,0,5,0,False,100,0,3940646.2,2,38543,https://tex.stackexchange.com/questions/22852/function-and-usage-of-leavevmode
23487,5786,1201,registered,0,0,0,False,50.0,roman-numerals,1,2011-07-19 15:57:06,False,28,0,0,8,0,True,100,1,11.27,6,436179,https://tex.stackexchange.com/questions/23487/how-can-i-get-roman-numerals-in-text
27731,7699,1183,registered,0,0,0,False,,"conversion, msword, word-to-latex",3,2011-09-07 09:32:38,False,40,0,0,11,0,True,100,2,6041290.13,15,345645,https://tex.stackexchange.com/questions/27731/how-can-i-convert-from-microsoft-word-to-a-latex-document
36880,8394,1337,registered,0,0,0,False,,"header-footer, page-breaking, blank-page",3,2011-12-02 11:39:39,False,59,0,0,7,0,False,100,1,10.2,5,402834,https://tex.stackexchange.com/questions/36880/insert-a-blank-page-after-current-page
40253,10512,3235,registered,0,0,0,False,93.0,"text-decorations, strikeout, cancel",3,2012-01-06 15:33:10,False,35,0,0,9,0,True,100,0,,1,84619,https://tex.stackexchange.com/questions/40253/how-to-strike-through-obliquely-e-g-to-indicate-cancellation
43057,8248,2637,registered,0,0,0,False,93.0,"mac, viewers",2,2012-02-01 14:52:36,False,26,0,0,8,0,False,100,1,,4,53955,https://tex.stackexchange.com/questions/43057/macosx-pdf-viewer-automatic-reload-on-file-modification
272,93,32669,registered,0,0,0,False,100.0,"table-of-contents, hyperref, cross-referencing, indexing, links",5,2010-07-27 07:47:16,False,31,0,0,12,0,True,99,0,5.02,2,92435,https://tex.stackexchange.com/questions/272/how-to-make-clickable-links-and-cross-references-in-pdfs-produced-by-latex
3519,711,18888,registered,0,0,0,False,87.0,"math-mode, amsmath, matrices",3,2010-09-27 12:32:00,False,122,1,0,15,0,True,99,0,,2,43029,https://tex.stackexchange.com/questions/3519/how-to-use-more-than-10-tab-stops-in-bmatrix-or-other-amsmath-matrix-environment
24371,1970,10406,registered,0,0,0,False,71.0,"beamer, lists, enumitem",3,2011-07-29 01:00:38,False,82,1,0,7,0,True,99,0,2559.67,1,22835,https://tex.stackexchange.com/questions/24371/does-enumitem-conflict-with-beamer-for-lists
44282,11692,1907,registered,0,0,0,False,78.0,comments,1,2012-02-12 16:17:57,False,77,1,0,2,0,False,99,0,,3,214349,https://tex.stackexchange.com/questions/44282/multiline-comment
51286,13421,1093,registered,0,0,0,False,,"theorems, content-replication",2,2012-04-09 17:58:39,False,46,0,0,3,0,False,99,3,,2,45911,https://tex.stackexchange.com/questions/51286/recalling-a-theorem
76101,14996,22685,registered,0,0,0,False,83.0,"spacing, comparison",2,2012-10-10 11:14:27,False,32,0,0,8,0,False,99,0,,1,137957,https://tex.stackexchange.com/questions/76101/difference-between-vspace-and-vspace-for-negative-arguments
96501,22492,7409,registered,0,0,0,True,94.0,"macros, tex-core",2,2013-02-02 20:57:13,False,70,0,1,4,0,True,99,1,,2,50582,https://tex.stackexchange.com/questions/96501/what-does-relax-do
125399,16657,2527,registered,0,0,0,False,79.0,"errors, compiling",2,2013-07-25 13:19:00,False,455,4,1,6,0,True,99,8,47.08,3,49114,https://tex.stackexchange.com/questions/125399/how-to-trace-latex-errors-efficiently
3568,192,11289,registered,0,0,0,False,69.0,"pdftex, urls",2,2010-09-29 07:47:40,False,38,0,0,6,0,True,98,0,,2,157467,https://tex.stackexchange.com/questions/3568/how-does-one-typeset-a-url
9813,3195,983,registered,0,0,0,False,,"fonts, font-encodings, ligatures",3,2011-01-27 19:45:04,False,120,2,0,17,0,True,98,0,5018686.17,4,44585,https://tex.stackexchange.com/questions/9813/how-can-i-stop-latex-from-converting-two-hyphens-to-a-single-hyphen-when-loading
20444,2099,50663,registered,0,0,0,False,93.0,shell-escape,1,2011-06-11 09:24:56,False,21,0,0,11,0,True,98,0,,3,41227,https://tex.stackexchange.com/questions/20444/what-are-immediate-write18-and-how-does-one-use-them
22431,6568,983,unregistered,0,0,0,False,,workflow,1,2011-07-06 09:08:25,False,142,0,0,4,0,True,98,0,,5,20394,https://tex.stackexchange.com/questions/22431/everyday-latex-and-workflow
35040,344,28741,registered,0,0,0,False,92.0,"bibliographies, repositories",2,2011-11-16 13:19:42,False,60,0,0,8,0,True,98,0,44.3,6,121779,https://tex.stackexchange.com/questions/35040/where-can-i-find-collections-of-bibliography-styles
42463,7561,11717,registered,0,0,0,False,79.0,"macros, nesting",2,2012-01-27 10:39:22,False,53,0,0,16,0,True,98,0,,1,12350,https://tex.stackexchange.com/questions/42463/what-is-the-meaning-of-double-pound-symbol-number-sign-hash-character-1-in
47245,12435,1177,registered,0,0,0,True,,"graphics, lengths",2,2012-03-08 14:44:27,False,35,0,0,9,0,False,98,1,83.27,4,522509,https://tex.stackexchange.com/questions/47245/set-a-maximum-width-and-height-for-an-image
51228,13399,2865,registered,0,0,0,False,96.0,"tikz-pgf, nodes",2,2012-04-09 01:33:56,True,81,1,0,8,0,True,98,0,4640153.18,4,139000,https://tex.stackexchange.com/questions/51228/how-to-increase-the-horizontal-distance-between-nodes
63781,Unknown,0,does_not_exist,0,0,0,True,,"syntax, pseudocode",2,2012-07-18 12:21:58,False,16,0,0,11,0,False,98,0,4189784.57,4,509868,https://tex.stackexchange.com/questions/63781/how-to-write-a-not-equal-to-sign-in-latex-pseudocode
119905,19639,1167,registered,0,0,0,False,,"floats, subfloats",2,2013-06-18 03:11:12,False,63,1,0,5,0,False,98,0,3.9,2,621796,https://tex.stackexchange.com/questions/119905/insert-multiple-figures-in-latex
153392,1183,20745,registered,0,0,0,False,91.0,tikz-pgf,1,2014-01-10 18:15:04,False,83,0,3,8,0,True,98,10,,3,6247,https://tex.stackexchange.com/questions/153392/what-are-the-new-features-in-tikz-pgf-3-0
26521,7438,1023,unregistered,0,0,0,False,,"spacing, floats",2,2011-08-25 18:00:55,False,53,0,0,9,0,True,97,0,,2,173495,https://tex.stackexchange.com/questions/26521/how-to-change-the-spacing-between-figures-tables-and-text
47964,11893,1666,registered,0,0,0,True,80.0,books,1,2012-03-14 06:34:31,False,228,0,0,7,0,False,97,0,,6,77868,https://tex.stackexchange.com/questions/47964/how-to-write-a-book-in-latex
55400,11637,6260,registered,0,0,0,False,72.0,"macros, latex-base",2,2012-05-11 15:54:39,False,47,0,0,4,0,True,97,1,4994079.32,3,21735,https://tex.stackexchange.com/questions/55400/what-does-z-do
64756,7027,1985,registered,0,0,0,False,70.0,spacing,1,2012-07-26 12:37:09,False,55,0,1,4,0,True,97,0,,1,18608,https://tex.stackexchange.com/questions/64756/what-is-glue-stretching
67153,16156,1493,unregistered,0,0,0,False,,"table-of-contents, biblatex, naming",3,2012-08-14 21:44:49,False,81,0,0,7,0,False,97,0,3701171.08,3,56681,https://tex.stackexchange.com/questions/67153/bibliography-not-in-toc-when-using-biblatex-biber
74969,19422,1455,registered,0,0,0,False,,"math-mode, symbols",2,2012-10-02 10:13:03,False,27,0,0,7,0,True,97,0,2.02,4,518532,https://tex.stackexchange.com/questions/74969/how-to-make-the-limit-mathematics-sign
91167,18773,3897,registered,0,0,0,True,89.0,"packages, best-practices",2,2013-01-10 15:09:00,False,28,0,0,4,0,True,97,0,42.07,3,105129,https://tex.stackexchange.com/questions/91167/why-use-sty-files
100905,21891,60586,registered,0,0,0,True,88.0,"hyperref, color, best-practices, links",4,2013-03-04 20:39:48,False,114,0,0,6,0,True,97,2,,3,42628,https://tex.stackexchange.com/questions/100905/best-practice-for-hyperref-link-colours
107186,27937,1349,registered,0,0,0,True,57.0,"math-mode, symbols",2,2013-04-06 13:05:59,False,53,1,0,8,0,True,97,1,,2,572256,https://tex.stackexchange.com/questions/107186/how-to-write-norm-which-adjusts-its-size
222408,70200,1073,registered,0,0,0,False,,"lists, enumerate",2,2015-01-09 18:15:53,False,44,0,0,10,0,True,97,0,5.48,4,347476,https://tex.stackexchange.com/questions/222408/how-to-list-items-like-this-i-ii-iii-etc
327285,17818,1237,registered,0,0,0,False,,"errors, fancyhdr",2,2016-08-31 02:56:44,False,57,1,0,8,0,False,97,4,,1,95021,https://tex.stackexchange.com/questions/327285/what-does-this-warning-mean-fancyhdr-and-headheight
73,77,8013,registered,0,0,0,False,100.0,"macros, conditionals, document-classes",3,2010-07-26 22:54:29,False,34,0,0,6,0,True,96,1,8060561.78,7,8438,https://tex.stackexchange.com/questions/73/which-document-class-is-being-used
452,14,28103,registered,0,0,0,False,100.0,"tikz-pgf, paper-size",2,2010-07-28 13:50:14,False,120,0,0,14,0,True,96,1,14.35,5,34624,https://tex.stackexchange.com/questions/452/how-can-i-create-a-pdf-document-exactly-as-big-as-my-tikz-picture
4811,495,7852,registered,0,0,0,False,100.0,"tables, formatting, bold",3,2010-11-02 01:46:29,False,101,0,0,7,0,False,96,0,349546.92,6,89969,https://tex.stackexchange.com/questions/4811/make-first-row-of-table-all-bold
5911,929,12622,registered,0,0,0,False,83.0,"graphics, pdfpages",2,2010-11-24 19:27:33,False,175,2,0,12,1,True,96,0,18.68,6,175852,https://tex.stackexchange.com/questions/5911/how-to-include-pdf-pages-without-a-newpage-before-the-first-page
11955,3802,1063,registered,0,0,0,False,,"resume, latex-misc",2,2011-02-24 18:31:50,False,70,0,0,9,0,True,96,1,5615.6,14,91116,https://tex.stackexchange.com/questions/11955/what-are-the-benefits-of-writing-resumes-in-tex-latex
18760,3781,1438,registered,0,0,0,True,80.0,"pdf, page-numbering, line-numbering",3,2011-05-21 19:58:05,False,165,0,0,8,0,False,96,0,,10,52284,https://tex.stackexchange.com/questions/18760/add-page-and-line-numbers-to-a-pdf
19182,4009,12888,registered,0,0,0,False,92.0,"external-files, jobname",2,2011-05-27 06:14:23,False,62,1,0,17,0,True,96,3,6054374.43,7,64358,https://tex.stackexchange.com/questions/19182/how-to-influence-the-name-of-the-pdf-file-created-with-pdflatex-from-within-the
20792,5194,3185,registered,0,0,0,False,83.0,"graphics, symbols, scaling",3,2011-06-15 11:10:36,False,287,0,0,7,0,True,96,1,4885551.72,4,76598,https://tex.stackexchange.com/questions/20792/how-to-superimpose-latex-on-a-picture
24235,2963,5105,registered,0,0,0,True,91.0,"tikz-pgf, editors",2,2011-07-27 18:30:31,False,60,0,3,10,0,True,96,3,999.95,10,52390,https://tex.stackexchange.com/questions/24235/what-you-see-is-what-you-get-wysiwyg-for-pgf-tikz
30073,5701,37533,registered,0,0,0,False,98.0,line-spacing,1,2011-09-30 18:36:49,False,127,1,2,8,0,True,96,0,,3,125676,https://tex.stackexchange.com/questions/30073/why-is-the-linespread-factor-as-it-is
30461,8354,1061,registered,0,0,0,False,,"beamer, numbering",2,2011-10-04 19:40:50,False,145,1,0,5,0,True,96,0,,4,151227,https://tex.stackexchange.com/questions/30461/beamer-nonumber-equivalent-for-slides
32886,8878,1093,registered,0,0,0,False,,"graphics, scaling, calculations",3,2011-10-27 15:43:54,False,77,0,1,8,0,False,96,0,6.03,2,330725,https://tex.stackexchange.com/questions/32886/how-to-fit-a-large-figure-to-page
39440,9327,3091,registered,0,0,0,False,100.0,"graphics, pdftex, pdfpages",3,2011-12-27 19:32:38,False,178,1,0,10,58,False,96,0,,3,405716,https://tex.stackexchange.com/questions/39440/how-to-include-a-pdf-image-into-a-pdflatex-document
48509,12734,1411,registered,0,0,0,False,100.0,table-of-contents,1,2012-03-18 19:14:44,False,50,0,0,9,0,False,96,0,,3,168124,https://tex.stackexchange.com/questions/48509/insert-list-of-figures-in-the-table-of-contents
205432,56176,1133,registered,0,0,0,False,,"biblatex, fontsize",2,2014-10-10 13:13:11,False,174,2,0,12,0,True,96,4,3583903.47,2,64988,https://tex.stackexchange.com/questions/205432/with-biblatex-how-do-i-make-the-fontsize-of-the-bibliography-smaller
235118,64122,1063,registered,0,0,0,False,,"math-mode, symbols",2,2015-03-26 00:09:43,True,88,0,0,12,0,False,96,1,884095.57,4,230885,https://tex.stackexchange.com/questions/235118/making-a-thicker-cdot-for-dot-product-that-is-thinner-than-bullet
299,168,1053,registered,0,0,0,False,,"line-breaking, typewriter",2,2010-07-27 10:12:45,False,52,1,0,8,0,False,95,1,8176.98,7,107230,https://tex.stackexchange.com/questions/299/how-to-get-long-texttt-sections-to-break
4728,1444,1069,unregistered,0,0,0,False,,"equations, numbering, cross-referencing",3,2010-10-31 01:43:31,False,73,0,0,14,0,True,95,0,,2,23180,https://tex.stackexchange.com/questions/4728/how-do-i-number-equations-only-if-they-are-referred-to-in-the-text
4931,1689,1197,registered,0,0,0,False,,"latex-project, updating",2,2010-11-04 18:12:58,False,113,0,0,15,0,False,95,0,,13,4619,https://tex.stackexchange.com/questions/4931/what-have-been-the-most-important-changes-to-latex-in-the-last-five-years-2005
8423,Unknown,0,does_not_exist,0,0,0,True,,"equations, horizontal-alignment",2,2011-01-07 05:37:36,False,51,1,0,5,0,True,95,0,6474401.72,3,599031,https://tex.stackexchange.com/questions/8423/how-do-you-center-equations
10448,3385,1185,registered,0,0,0,False,,"numbering, footnotes",2,2011-02-07 00:20:38,False,23,0,0,3,0,False,95,1,9.2,2,45643,https://tex.stackexchange.com/questions/10448/continuous-footnote-numbering
18008,1370,3361,registered,0,0,0,False,100.0,color,1,2011-05-11 23:00:30,False,59,0,0,6,0,True,95,0,,3,89853,https://tex.stackexchange.com/questions/18008/use-css-style-color-specifications-in-xcolor
21022,2693,227255,registered,0,0,0,False,89.0,"horizontal-alignment, vertical-alignment, tex-core",3,2011-06-17 18:37:25,False,203,1,0,8,0,True,95,0,,4,31246,https://tex.stackexchange.com/questions/21022/what-is-the-difference-between-fil-and-fill
41924,11045,3563,registered,0,0,0,False,75.0,"msword, open-office",2,2012-01-22 22:53:27,False,141,0,0,14,0,True,95,0,,20,7777,https://tex.stackexchange.com/questions/41924/as-an-expert-can-you-always-use-tex-for-nearly-any-kind-of-document
65849,17269,1455,registered,0,0,0,False,,"spacing, line-spacing",2,2012-08-05 00:03:36,True,111,2,0,9,0,True,95,0,2588145.45,3,271447,https://tex.stackexchange.com/questions/65849/confusion-onehalfspacing-vs-spacing-vs-word-vs-the-world
89649,16809,5902,registered,0,0,0,False,93.0,"tikz-pgf, pdftex, pst-barcode, barcodes",4,2013-01-07 00:49:29,False,117,0,2,4,0,False,95,0,,2,10883,https://tex.stackexchange.com/questions/89649/pgf-tikz-qr-code-generator
94016,13190,9441,registered,0,0,0,False,64.0,"graphics, captions",2,2013-01-16 06:54:02,False,50,1,0,9,0,True,95,0,3899026.93,5,164537,https://tex.stackexchange.com/questions/94016/how-to-reduce-space-between-image-and-its-caption
101645,12860,6281,registered,0,0,0,False,68.0,"floats, rotating",2,2013-03-09 16:48:34,False,77,1,0,12,0,True,95,1,,1,660566,https://tex.stackexchange.com/questions/101645/how-to-turn-latex-figure-by-90-degrees-along-with-the-caption
134084,28093,3795,registered,0,0,0,False,88.0,"tikz-pgf, pgfplots, positioning, legend",4,2013-09-19 14:49:48,False,153,3,0,7,0,False,95,0,,1,193033,https://tex.stackexchange.com/questions/134084/customize-legend-position-in-pgfplots-axis-environment
178800,51912,1089,registered,0,0,0,False,100.0,"beamer, titles",2,2014-05-17 23:21:38,False,107,1,0,9,0,False,95,3,3550894.77,2,149712,https://tex.stackexchange.com/questions/178800/creating-sections-each-with-title-pages-in-beamers-slides
19725,64270,2621,registered,0,0,0,False,,datetime,1,2010-07-06 14:07:45,False,40,0,0,11,0,True,94,0,4.37,3,45563,https://tex.stackexchange.com/questions/19725/how-to-insert-4-digit-year-that-shows-up-in-today
429,132,2305,registered,0,0,0,False,83.0,"beamer, animations, movie15",3,2010-07-28 01:38:03,False,190,0,1,7,0,True,94,1,,4,75648,https://tex.stackexchange.com/questions/429/animation-in-pdf-presentations-without-adobe-reader
16604,1783,6602,registered,0,0,0,False,93.0,"tables, columns",2,2011-04-25 22:31:29,False,72,0,0,6,0,True,94,0,6597931.87,5,18972,https://tex.stackexchange.com/questions/16604/easiest-way-to-delete-a-column
16735,4291,2451,registered,0,0,0,False,91.0,"pdf, ebook, kindle",3,2011-04-27 12:15:33,False,97,0,0,4,0,True,94,0,,8,27942,https://tex.stackexchange.com/questions/16735/latex-options-for-kindle
20549,4432,1455,registered,0,0,0,False,33.0,"document-classes, book-design, documentclass-writing",3,2011-06-12 19:58:38,False,52,0,0,4,0,True,94,0,7360949.72,6,48732,https://tex.stackexchange.com/questions/20549/a-cookbook-in-latex
58674,13162,1169,registered,0,0,0,False,,"tables, spacing, captions",3,2012-06-05 21:20:10,True,76,1,0,11,0,False,94,1,4986704.17,7,156311,https://tex.stackexchange.com/questions/58674/the-space-between-the-table-and-its-caption-is-very-small
68931,813,1254,registered,0,0,0,False,,"fonts, italic, slanted",3,2012-08-27 04:05:57,False,19,0,0,9,0,True,94,1,12.5,1,67517,https://tex.stackexchange.com/questions/68931/what-is-the-difference-between-italics-and-slanted-text
72945,16275,1395,registered,0,0,0,True,64.0,tables,1,2012-09-17 22:55:31,True,52,1,0,5,1,False,94,0,,3,221505,https://tex.stackexchange.com/questions/72945/how-to-merge-cells-vertically
76420,17049,16476,registered,0,0,0,False,86.0,bibtex,1,2012-10-12 14:38:00,False,142,0,0,5,0,False,94,3,5820835.98,15,53099,https://tex.stackexchange.com/questions/76420/cleaning-up-a-bib-file
77589,19100,13229,registered,0,0,0,False,100.0,"math-mode, delimiters",2,2012-10-14 04:39:04,False,9,0,0,11,0,True,94,0,,2,307363,https://tex.stackexchange.com/questions/77589/what-do-the-pieces-of-latex-left-and-right-respectively-mean
82001,12277,6727,registered,0,0,0,False,95.0,"fonts, luatex, fontspec, microtype, luaotfload",5,2012-11-08 22:52:21,False,252,1,2,4,0,False,94,3,7238.47,2,36114,https://tex.stackexchange.com/questions/82001/microtype-settings-for-dummies
89763,6324,10632,registered,0,0,0,False,92.0,"packages, color, best-practices",3,2013-01-07 21:04:39,False,125,0,0,11,0,True,94,0,,1,24106,https://tex.stackexchange.com/questions/89763/when-to-use-the-xcolor-package-instead-of-the-color-package
96846,25474,1174,registered,0,0,0,False,,"tikz-pgf, nodes, labels",3,2013-02-05 13:40:12,False,57,1,0,13,0,False,94,0,,1,139947,https://tex.stackexchange.com/questions/96846/how-to-place-label-in-middle-of-line-above-and-below-with-tikz
98660,11624,1372,registered,0,0,0,False,25.0,"bibtex, bibliographies, appendices, subdividing",4,2013-02-18 00:59:27,False,148,3,0,10,0,False,94,1,4529761.27,5,92153,https://tex.stackexchange.com/questions/98660/two-bibliographies-one-for-main-text-and-one-for-appendix
100574,12745,1205,registered,0,0,0,False,25.0,"math-mode, symbols, accents, scaling",4,2013-03-02 16:47:23,False,20,1,0,4,0,False,94,1,1241456.22,5,239947,https://tex.stackexchange.com/questions/100574/really-wide-hat-symbol
103565,4011,30293,registered,0,0,0,False,72.0,performance,1,2013-03-21 08:40:43,False,145,0,0,9,0,False,94,12,,1,19754,https://tex.stackexchange.com/questions/103565/tips-for-choosing-hardware-for-best-latex-compile-performance
122871,14127,3052,registered,0,0,0,False,83.0,"graphics, svg",2,2013-07-07 09:20:45,False,120,5,0,7,0,False,94,6,69150.78,4,418684,https://tex.stackexchange.com/questions/122871/include-svg-images-with-the-svg-package
137432,38136,941,unregistered,0,0,0,False,,cross-referencing,1,2013-10-11 20:29:21,False,22,0,0,7,0,True,94,1,,2,142641,https://tex.stackexchange.com/questions/137432/whats-the-difference-between-ref-and-autoref
145969,4821,8881,registered,0,0,0,False,93.0,"tikz-pgf, pgfplots",2,2013-11-20 12:17:12,True,80,1,0,8,0,False,94,3,5279782.95,7,16555,https://tex.stackexchange.com/questions/145969/filling-specified-area-by-random-dots-in-tikz
150492,42632,1333,registered,0,0,0,True,86.0,"tables, lists, itemize",3,2013-12-18 08:42:30,True,35,0,0,7,0,False,94,4,4678930.18,4,260796,https://tex.stackexchange.com/questions/150492/how-to-use-itemize-in-table-environment
66,17,13364,registered,0,0,0,False,83.0,"books, documentation",2,2010-07-26 22:53:11,False,151,0,6,8,0,True,93,0,20.4,20,7335,https://tex.stackexchange.com/questions/66/which-manuals-are-on-your-tex-reference-shelf
163,93,32669,registered,0,0,0,False,100.0,"tools, syntax-checker",2,2010-07-27 00:02:45,False,19,0,0,9,0,True,93,0,16.8,6,27610,https://tex.stackexchange.com/questions/163/is-there-a-program-equivalent-to-lint-for-latex
1774,816,1265,registered,0,0,0,False,,"symbols, font-encodings",2,2010-08-15 18:50:58,False,79,2,0,7,0,True,93,2,,4,136426,https://tex.stackexchange.com/questions/1774/how-to-insert-pipe-symbol-in-latex
17354,5282,1403,registered,0,0,0,False,,"bibliographies, sorting",2,2011-05-04 12:38:35,False,115,2,0,5,0,False,93,2,,3,256952,https://tex.stackexchange.com/questions/17354/sort-thebibliography-by-citation-order
21439,215,76886,registered,0,0,0,False,98.0,"biblatex, biber, best-practices",3,2011-06-23 13:59:18,False,40,0,0,9,0,True,93,0,10.48,1,79502,https://tex.stackexchange.com/questions/21439/is-there-any-advantage-to-using-addbibresource-over-bibliography
33685,8254,4397,registered,0,0,0,False,100.0,"fonts, listings, formatting",3,2011-11-04 22:41:27,False,28,1,0,6,0,False,93,0,5728469.3,3,169802,https://tex.stackexchange.com/questions/33685/set-the-font-family-for-lstlisting
34323,9195,1096,registered,0,0,0,False,,listings,1,2011-11-10 09:47:34,False,54,0,0,13,0,False,93,0,6573568.23,4,80025,https://tex.stackexchange.com/questions/34323/using-lstinputlisting-to-include-a-file-but-only-certain-lines-or-line-ranges
45948,8650,45975,registered,0,0,0,False,90.0,"spacing, lengths",2,2012-02-27 09:20:23,False,52,1,3,8,0,True,93,1,,2,325108,https://tex.stackexchange.com/questions/45948/what-is-the-difference-between-hspace-fill-and-hfill
46406,10898,31282,registered,0,0,0,False,68.0,"packages, decorations",2,2012-03-01 21:31:08,True,58,0,1,3,0,False,93,0,5103939.8,8,61081,https://tex.stackexchange.com/questions/46406/package-for-certificates
50332,10012,1519,registered,0,0,0,False,83.0,"tables, spacing",2,2012-04-01 16:22:23,True,107,1,1,6,0,False,93,0,4938836.98,7,180959,https://tex.stackexchange.com/questions/50332/vertical-spacing-of-a-table-cell
54464,12135,8300,registered,0,0,0,False,85.0,"tikz-pgf, pattern",2,2012-05-05 12:36:07,False,114,2,0,5,1,False,93,0,8.65,3,116594,https://tex.stackexchange.com/questions/54464/hatch-a-rectangle-in-tikz
63877,11118,2859,registered,0,0,0,False,100.0,"packages, pgfgantt",2,2012-07-19 11:57:18,False,65,0,0,3,0,False,93,0,260.82,1,148217,https://tex.stackexchange.com/questions/63877/gantt-chart-package
122778,27724,1309,registered,0,0,0,False,25.0,"equations, braces",2,2013-07-06 19:17:23,True,17,0,0,7,0,False,93,0,,1,364213,https://tex.stackexchange.com/questions/122778/left-brace-including-several-lines-in-eqnarray
130510,33287,1979,registered,0,0,0,False,100.0,"math-mode, equations",2,2013-08-28 17:22:37,True,166,3,0,5,0,False,93,2,,2,565480,https://tex.stackexchange.com/questions/130510/write-text-correctly-in-equations
165991,14594,23298,registered,0,0,0,True,96.0,"titles, datetime",2,2014-03-17 05:45:02,True,113,1,0,7,5,True,93,1,,1,306476,https://tex.stackexchange.com/questions/165991/how-to-use-date-today-without-using-maketitle
166743,48334,1033,registered,0,0,0,False,,"tables, line-breaking, tabularx",3,2014-03-20 22:02:08,True,80,2,0,4,0,False,93,0,,2,224010,https://tex.stackexchange.com/questions/166743/automatic-line-break-in-tabular
75844,Unknown,0,does_not_exist,0,0,0,True,,compiling,1,2008-11-22 11:07:03,False,95,0,1,3,0,True,92,2,85072.38,23,80900,https://tex.stackexchange.com/questions/75844/real-time-latex
1191,512,19051,registered,0,0,0,True,98.0,"compiling, debugging",2,2010-08-06 02:02:28,False,58,1,0,6,0,False,92,3,5428483.0,14,20505,https://tex.stackexchange.com/questions/1191/reducing-the-console-output-of-latex
4830,1713,6225,registered,0,0,0,False,100.0,todonotes,1,2010-11-02 16:15:54,False,106,1,0,9,0,True,92,1,5529945.45,4,44075,https://tex.stackexchange.com/questions/4830/how-to-hide-todo-notes-without-deleting-them-manually
5314,1857,2119,registered,0,0,0,False,80.0,"math-mode, sectioning",2,2010-11-13 17:14:12,False,87,2,0,4,0,False,92,0,732827.18,6,132514,https://tex.stackexchange.com/questions/5314/equations-in-section-heading-title
6240,2118,1251,registered,0,0,0,False,,macros,1,2010-11-30 17:04:19,False,56,0,0,10,0,True,92,0,,5,15201,https://tex.stackexchange.com/questions/6240/why-do-latex-internal-commands-have-an-in-them
8413,749,3313,registered,0,0,0,False,100.0,"pdftex, pstricks, auto-pst-pdf",3,2011-01-06 21:14:28,False,28,0,1,6,0,True,92,0,,4,104557,https://tex.stackexchange.com/questions/8413/how-to-use-pstricks-in-pdflatex
13742,2674,80506,registered,0,0,0,False,73.0,"line-spacing, typography, setspace",3,2011-03-17 18:51:12,True,283,0,1,5,0,True,92,0,,3,46907,https://tex.stackexchange.com/questions/13742/what-does-double-spacing-mean
16357,Unknown,0,does_not_exist,0,0,0,True,,"beamer, graphics, positioning",3,2011-04-21 22:01:39,False,66,0,0,12,0,True,92,0,2130668.75,3,64081,https://tex.stackexchange.com/questions/16357/how-can-i-position-an-image-in-an-arbitrary-position-in-beamer
20784,4322,10357,registered,0,0,0,True,100.0,"packages, diagrams, automata",3,2011-06-15 06:07:09,False,43,0,1,8,0,True,92,0,7553458.95,4,79703,https://tex.stackexchange.com/questions/20784/which-package-can-be-used-to-draw-automata
29850,7817,1275,registered,0,0,0,False,75.0,"numbering, lists, enumerate",3,2011-09-29 03:33:25,False,60,0,0,10,0,False,92,0,,6,139408,https://tex.stackexchange.com/questions/29850/something-like-enumerate-but-with-custom-numbers-at-each-item
45001,8882,3861,registered,0,0,0,False,100.0,"horizontal-alignment, matrices",2,2012-02-19 06:52:21,False,47,1,0,10,0,True,92,0,,7,143041,https://tex.stackexchange.com/questions/45001/how-do-i-left-align-entries-in-a-matrix-with-beginmatrix
49048,9319,1535,registered,0,0,0,False,89.0,"bibliographies, citing",2,2012-03-23 00:58:53,False,63,0,0,12,0,True,92,0,,2,105890,https://tex.stackexchange.com/questions/49048/how-to-cite-one-bibentry-in-full-length-in-the-body-text
52317,9757,30704,registered,0,0,0,False,99.0,"pdf, pdftex",2,2012-04-17 22:45:05,False,79,0,0,4,0,False,92,1,5330949.13,3,51204,https://tex.stackexchange.com/questions/52317/pdftex-warning-version-allowed
115932,21891,60586,registered,0,0,0,True,88.0,"tex-core, best-practices, auxiliary-files, latex-base, learning",5,2013-05-24 14:54:58,False,130,0,2,14,0,False,92,0,10.68,1,11767,https://tex.stackexchange.com/questions/115932/on-the-basics-of-writing-to-reading-from-auxiliary-files-aux-toc-etc
122282,33156,1023,registered,0,0,0,False,,"cross-referencing, listings",2,2013-07-03 17:03:15,False,48,1,0,7,0,False,92,0,2466767.97,2,151969,https://tex.stackexchange.com/questions/122282/reference-to-a-listing-returns-wrong-number
127145,30768,1559,registered,0,0,0,False,79.0,"beamer, floats, numbering, captions",4,2013-08-07 17:45:42,True,136,1,1,6,12,True,92,0,,2,96011,https://tex.stackexchange.com/questions/127145/beamer-presentation-figure-has-no-number
147077,19108,1031,registered,0,0,0,False,,debugging,1,2013-11-26 18:07:49,False,52,1,1,21,0,False,92,1,79.8,5,393538,https://tex.stackexchange.com/questions/147077/compilation-error-missing-endcsname-inserted-the-control-sequence-marked-t
247681,79197,931,unregistered,0,0,0,False,,"lists, enumerate",2,2015-05-29 21:56:41,False,196,1,0,6,8,True,92,1,2194944.05,5,153733,https://tex.stackexchange.com/questions/247681/how-to-create-checkbox-todo-list
670578,4736,32422,registered,0,0,0,True,90.0,"luatex, expl3, pdf-a, lthooks",4,2023-01-04 17:05:34,False,114,0,3,10,0,False,92,5,96.78,7,6270,https://tex.stackexchange.com/questions/670578/important-improvements-of-latex-over-the-last-ten-years-2013-2022
1118,215,76886,registered,0,0,0,False,98.0,"revision-control, best-practices",2,2010-08-05 14:32:27,False,45,0,0,13,0,False,91,0,5754081.98,13,30081,https://tex.stackexchange.com/questions/1118/what-are-the-advantages-of-using-version-control-git-etc-in-latex-documents
1455,167,1013,registered,0,0,0,False,,"fonts, sectioning, titlesec, fontsize",4,2010-08-10 08:54:33,False,53,0,0,12,0,False,91,0,,2,180008,https://tex.stackexchange.com/questions/1455/how-to-set-the-font-for-a-section-title-and-chapter-etc
3964,1423,1187,registered,0,0,0,False,,"symbols, amsmath",2,2010-10-10 12:12:21,False,56,0,0,6,0,False,91,0,7755000.8,9,220640,https://tex.stackexchange.com/questions/3964/mathematical-symbol-for-disjoint-set-union
6472,510,258210,registered,0,0,0,True,98.0,"boxes, minipage",2,2010-12-03 15:49:17,False,277,0,1,6,0,False,91,0,,5,114139,https://tex.stackexchange.com/questions/6472/parbox-vs-minipage-differences-in-applicability
11307,3253,3529,registered,0,0,0,False,54.0,"pdf, copy-paste, drm",3,2011-02-17 17:01:58,False,32,0,0,10,0,True,91,2,1306243.43,12,68734,https://tex.stackexchange.com/questions/11307/is-it-possible-to-produce-a-pdf-with-un-copyable-text
12230,Unknown,0,does_not_exist,0,0,0,True,,"footnotes, urls",2,2011-02-27 18:54:25,False,89,0,0,9,0,False,91,1,,2,59320,https://tex.stackexchange.com/questions/12230/getting-percent-sign-into-an-url-in-a-footnote
13377,1012,4815,registered,0,0,0,False,73.0,"formatting, text-decorations",2,2011-03-14 15:14:25,False,37,0,0,9,0,True,91,0,14.62,5,181627,https://tex.stackexchange.com/questions/13377/how-can-i-underline-a-single-word-with-latex
16204,3115,3263,registered,0,0,0,False,100.0,"beamer, presentations, powerdot",3,2011-04-20 02:22:29,False,92,0,0,10,0,False,91,3,444.15,7,53783,https://tex.stackexchange.com/questions/16204/which-package-to-use-for-presentations-beamer-prosper-or-other
17730,5381,1423,registered,0,0,0,False,25.0,"macros, spacing, xspace",3,2011-05-08 14:22:20,False,57,0,0,3,0,False,91,0,,4,19935,https://tex.stackexchange.com/questions/17730/newcommand-and-spacing
21899,5366,7359,registered,0,0,0,False,68.0,"cross-referencing, align",2,2011-06-29 16:32:53,False,25,1,0,5,0,False,91,0,,4,208340,https://tex.stackexchange.com/questions/21899/referencing-within-an-align-environment
24840,7057,1155,registered,0,0,0,False,,fonts,1,2011-08-03 23:23:00,False,36,0,0,6,0,False,91,0,,2,211305,https://tex.stackexchange.com/questions/24840/use-courier-font-inline-on-text
26102,7342,911,unregistered,0,0,0,False,,"indentation, compiling, code",3,2011-08-19 15:26:28,False,27,0,0,5,0,True,91,2,6835626.53,6,40755,https://tex.stackexchange.com/questions/26102/latex-code-sniffer-and-or-beautifier
47924,1948,1155,registered,0,0,0,False,,"tikz-pgf, cards",2,2012-03-13 23:29:46,True,195,1,2,5,1,False,91,2,,4,21073,https://tex.stackexchange.com/questions/47924/creating-playing-cards-using-tikz
83037,16227,9259,registered,0,0,0,False,88.0,"cross-referencing, best-practices, cleveref, varioref",4,2012-11-17 00:53:41,False,96,0,3,10,0,False,91,0,157.87,1,30373,https://tex.stackexchange.com/questions/83037/difference-between-ref-varioref-and-cleveref-decision-for-a-thesis
124256,18829,1769,registered,0,0,0,False,75.0,"beamer, bibliographies",2,2013-07-16 18:01:07,True,160,2,0,10,0,False,91,0,,2,74354,https://tex.stackexchange.com/questions/124256/how-do-i-get-numbered-entries-in-a-beamer-bibliography
148438,28871,1385,registered,0,0,0,False,36.0,"graphics, floats, positioning",3,2013-12-05 03:35:06,False,45,0,0,6,0,False,91,2,,6,663454,https://tex.stackexchange.com/questions/148438/putting-two-images-beside-each-other
423566,10995,112954,registered,0,0,0,False,98.0,"tex-core, latex-misc, big-list, research",4,2018-03-28 03:27:25,False,135,0,3,8,0,True,91,8,,9,8756,https://tex.stackexchange.com/questions/423566/what-research-papers-exist-about-tex-and-friends
14342,Unknown,0,does_not_exist,0,0,0,True,,"line-breaking, verbatim",2,2010-05-20 21:05:56,False,52,0,0,7,0,True,90,0,,5,112782,https://tex.stackexchange.com/questions/14342/verbatim-environment-that-can-break-long-lines
232,146,6259,registered,0,0,0,False,92.0,"revision-control, notes, collaboration",3,2010-07-27 03:34:15,False,189,1,0,12,0,True,90,1,,10,15789,https://tex.stackexchange.com/questions/232/how-can-you-use-latex-to-write-a-document-with-other-people
485,124,1367,registered,0,0,0,False,,"tables, line-breaking",2,2010-07-28 18:13:21,False,66,0,1,8,0,False,90,1,,5,164758,https://tex.stackexchange.com/questions/485/how-to-break-a-line-in-a-table
1906,512,19051,registered,0,0,0,True,98.0,"math-mode, symbols",2,2010-08-17 22:17:54,False,15,0,0,3,0,False,90,0,7532162.35,3,210588,https://tex.stackexchange.com/questions/1906/cursive-lowercase-ell
2044,83,92989,registered,0,0,0,False,90.0,"tikz-pgf, installing",2,2010-08-19 17:11:16,False,97,0,0,8,0,True,90,1,6670645.43,7,127225,https://tex.stackexchange.com/questions/2044/how-to-install-a-current-version-of-tikz
7602,2119,1220,registered,0,0,0,False,,"graphics, gif",2,2010-12-23 05:08:00,False,44,0,1,10,0,True,90,0,,4,346059,https://tex.stackexchange.com/questions/7602/how-to-add-a-gif-file-to-my-latex-file
12020,1449,13137,registered,0,0,0,True,88.0,"tikz-pgf, 3d, pgf-core",3,2011-02-25 11:35:48,True,27,0,0,12,0,True,90,0,,8,100572,https://tex.stackexchange.com/questions/12020/what-is-the-easiest-way-to-draw-a-3d-cube-with-tikz
34166,4301,230021,registered,0,0,0,False,92.0,"graphics, vertical-alignment, minipage",3,2011-11-08 23:43:13,False,562,1,1,6,5,False,90,2,,3,63838,https://tex.stackexchange.com/questions/34166/understanding-minipages-aligning-at-top
53493,2975,271889,registered,0,0,0,True,81.0,"pdf, color, automation, scripts",4,2012-04-26 23:26:11,False,166,0,0,6,0,False,90,0,86953.47,5,36000,https://tex.stackexchange.com/questions/53493/detecting-all-pages-which-contain-color
70632,14996,22685,registered,0,0,0,False,83.0,"math-mode, comparison, text-mode, roman",4,2012-09-08 01:56:16,False,49,0,0,10,0,False,90,1,62.05,3,35636,https://tex.stackexchange.com/questions/70632/difference-between-various-methods-for-producing-text-in-math-mode
104004,21891,60586,registered,0,0,0,True,88.0,"math-mode, typography, braces",3,2013-03-24 01:49:46,True,67,1,0,3,0,True,90,0,,5,129929,https://tex.stackexchange.com/questions/104004/xy2-or-xy2
107470,27612,5907,registered,0,0,0,False,93.0,"sectioning, numbering",2,2013-04-08 05:24:43,False,58,1,0,7,1,False,90,0,,1,140605,https://tex.stackexchange.com/questions/107470/getting-section-numbering-to-start-at-0
129277,27394,1737,registered,0,0,0,False,100.0,"symbols, math-operators, logic",3,2013-08-20 23:26:25,False,16,0,1,7,0,False,90,1,,3,404713,https://tex.stackexchange.com/questions/129277/latex-symbol-for-if-and-only-if
261537,5870,2987,registered,0,0,0,False,86.0,"pdftex, accessibility, pdf-a, tagged-pdf",4,2015-08-15 21:28:37,False,466,0,8,9,0,True,90,18,3111686.83,3,26282,https://tex.stackexchange.com/questions/261537/a-guide-on-how-to-produce-accessible-pdf-files
305167,50692,1151,registered,0,0,0,False,100.0,"brackets, text-mode",2,2016-04-19 18:41:09,False,72,0,0,6,0,False,90,0,,3,189732,https://tex.stackexchange.com/questions/305167/using-square-bracket-in-text-mode
572113,145456,1189,registered,0,0,0,False,,expl3,1,2020-11-24 00:21:34,False,49,0,0,7,0,True,90,13,,3,17490,https://tex.stackexchange.com/questions/572113/whats-the-current-state-of-latex3-2020
3885,84,4389,registered,0,0,0,False,100.0,"math-mode, fractions",2,2010-10-08 00:43:05,False,70,0,0,6,0,False,89,0,24.47,1,110872,https://tex.stackexchange.com/questions/3885/how-to-get-a-little-frac
10808,2490,993,registered,0,0,0,False,,"bibliographies, bibtex",2,2011-02-11 05:34:48,False,66,1,0,18,0,False,89,0,7500983.4,2,85189,https://tex.stackexchange.com/questions/10808/using-a-corporate-author-in-the-author-field-of-a-bibliographic-entry-spell
18943,Unknown,0,does_not_exist,0,0,0,True,,"embedding, watermark, drm, steganography",4,2011-05-24 16:01:16,False,47,0,0,9,0,True,89,0,,8,22401,https://tex.stackexchange.com/questions/18943/how-to-add-an-invisible-watermark-to-pdf-documents
19004,5684,1033,registered,0,0,0,True,,"formatting, listings, line-breaking, line-spacing, code",5,2011-05-25 12:25:13,False,150,1,0,7,0,False,89,0,,4,97774,https://tex.stackexchange.com/questions/19004/how-to-format-an-inline-source-code
24528,6995,893,unregistered,0,0,0,False,,"listings, unicode",2,2011-07-31 06:27:33,False,81,1,0,10,2,True,89,1,4920122.53,7,87133,https://tex.stackexchange.com/questions/24528/having-problems-with-listings-and-utf-8-can-it-be-fixed
27440,1932,221,registered,0,0,0,False,,tex-general,1,2011-09-04 15:22:30,False,138,0,1,4,0,True,89,0,3921.75,15,8211,https://tex.stackexchange.com/questions/27440/what-cant-tex-do
32459,8798,993,registered,0,0,0,False,,"captions, bold",2,2011-10-23 18:49:32,False,145,1,0,8,0,False,89,0,6875076.58,2,154875,https://tex.stackexchange.com/questions/32459/figure-how-to-have-figure-1-5-in-bold
37095,9352,2498,registered,0,0,0,True,100.0,"bibliographies, biblatex, bibtex, biber",4,2011-12-04 20:02:47,False,293,0,1,7,0,True,89,1,849.77,5,18013,https://tex.stackexchange.com/questions/37095/compatibility-of-bibtex-and-biblatex-bibliography-files
63468,13747,8498,registered,0,0,0,False,65.0,"typography, best-practices, latex-misc, teaching",4,2012-07-16 14:12:06,False,66,1,0,14,0,True,89,1,,5,9698,https://tex.stackexchange.com/questions/63468/what-is-best-way-to-mention-that-a-document-has-been-typeset-with-tex
88001,5764,628671,moderator,0,0,0,True,97.0,macros,1,2012-12-23 09:03:32,False,59,2,0,4,9,True,89,1,205.58,1,5062,https://tex.stackexchange.com/questions/88001/when-to-use-letltxmacro
89082,23686,5741,registered,0,0,0,False,100.0,"spacing, starred-version",2,2013-01-03 15:07:01,False,39,0,0,3,0,False,89,0,46.0,1,410322,https://tex.stackexchange.com/questions/89082/hspace-vs-hspace
123174,14886,6286,registered,0,0,0,False,90.0,"incompatibility, package-options",2,2013-07-09 00:31:06,False,543,2,16,8,1,False,89,2,,1,3092,https://tex.stackexchange.com/questions/123174/automated-management-of-package-options-and-loading-order
223994,64472,1271,registered,0,0,0,True,80.0,equations,1,2015-01-20 11:56:41,True,63,1,0,5,0,False,89,0,3774619.63,4,173801,https://tex.stackexchange.com/questions/223994/add-vertical-space-between-equations
229638,71652,1471,registered,0,0,0,False,90.0,warnings,1,2015-02-23 08:56:17,False,440,2,0,8,8,False,89,0,,1,99001,https://tex.stackexchange.com/questions/229638/package-biblatex-warning-babel-polyglossia-detected-but-csquotes-missing
279701,92729,891,unregistered,0,0,0,False,,"cross-referencing, captions",2,2015-11-24 08:49:28,False,68,2,0,19,0,False,89,0,,1,125487,https://tex.stackexchange.com/questions/279701/i-cant-figure-out-why-my-ref-is-displaying-question-marks-instead-of-a-figure-n
557,169,65149,registered,0,0,0,False,93.0,"bibtex, syntax",2,2010-07-29 12:29:48,False,53,1,0,10,0,True,88,0,6563721.8,4,71248,https://tex.stackexchange.com/questions/557/how-should-i-type-author-names-in-a-bib-file
1429,207,1333,registered,0,0,0,False,,"graphics, barcodes",2,2010-08-09 23:32:51,False,103,1,0,6,0,True,88,1,,6,50040,https://tex.stackexchange.com/questions/1429/latex-package-to-generate-qr-codes
2132,422,4452,registered,0,0,0,False,100.0,macros,1,2010-08-21 09:23:30,False,59,0,0,11,0,False,88,1,17.9,10,35877,https://tex.stackexchange.com/questions/2132/how-to-define-a-command-that-takes-more-than-9-arguments
5511,215,76886,registered,0,0,0,False,98.0,"spacing, best-practices",2,2010-11-17 13:20:34,False,93,0,0,4,0,False,88,1,,5,32630,https://tex.stackexchange.com/questions/5511/good-practice-on-spacing
15093,Unknown,0,does_not_exist,0,0,0,True,,"tikz-pgf, beamer, matrices",3,2011-04-06 04:48:25,False,90,1,0,12,0,False,88,0,,2,25366,https://tex.stackexchange.com/questions/15093/single-ampersand-used-with-wrong-catcode-error-using-tikz-matrix-in-beamer
27740,5701,37533,registered,0,0,0,False,98.0,"hyphenation, babel",2,2011-09-07 10:30:53,False,66,0,1,10,0,True,88,0,,2,53260,https://tex.stackexchange.com/questions/27740/whats-the-benefit-of-loading-babel-when-writing-in-english
32683,3738,1609,registered,0,0,0,False,80.0,"tables, rotating",2,2011-10-25 18:55:25,True,193,1,0,5,0,False,88,0,5021392.55,7,49708,https://tex.stackexchange.com/questions/32683/rotated-column-titles-in-tabular
36894,6819,2989,registered,0,0,0,False,78.0,"formatting, typography, text-decorations",3,2011-12-02 15:08:38,True,131,0,0,4,0,False,88,0,,5,7661,https://tex.stackexchange.com/questions/36894/underline-omitting-the-descenders
41370,5146,905,registered,0,0,0,False,,"lengths, units, unit-of-measure, dimension-expressions",4,2012-01-17 16:27:03,False,59,0,1,11,0,True,88,0,,2,36000,https://tex.stackexchange.com/questions/41370/what-are-the-possible-dimensions-sizes-units-latex-understands
46903,2956,8963,registered,0,0,0,False,67.0,"graphics, horizontal-alignment",2,2012-03-05 21:59:07,False,61,1,0,6,0,True,88,0,5911517.73,4,268570,https://tex.stackexchange.com/questions/46903/centering-with-includegraphics-not-with-beginfigure
47560,10512,3235,registered,0,0,0,False,93.0,"math-mode, braces, cases",3,2012-03-10 23:01:55,False,91,1,0,13,0,True,88,0,,3,122703,https://tex.stackexchange.com/questions/47560/how-to-put-a-brace-on-the-right-not-left-to-group-cases
75140,17769,2701,registered,0,0,0,True,86.0,warnings,1,2012-10-03 13:24:24,False,39,0,0,12,0,True,88,0,,1,18904,https://tex.stackexchange.com/questions/75140/is-it-possible-to-make-latex-mark-overfull-boxes-in-the-output
81899,4778,38168,registered,0,0,0,False,89.0,"pgfplots, warnings",2,2012-11-08 12:04:52,False,91,0,0,18,0,True,88,0,,1,45860,https://tex.stackexchange.com/questions/81899/what-does-running-in-backwards-compatibility-mode-mean-and-what-should-i-fix-t
89588,23620,1493,registered,0,0,0,False,57.0,"tikz-pgf, positioning",2,2013-01-06 13:57:32,False,126,0,0,6,0,False,88,1,3769932.47,2,77882,https://tex.stackexchange.com/questions/89588/positioning-relative-to-page-in-tikz
118802,27833,19077,registered,0,0,0,False,75.0,"spacing, macros",2,2013-06-12 13:32:18,False,16,0,0,8,0,False,88,0,,1,163468,https://tex.stackexchange.com/questions/118802/what-is-the-difference-between-vspace-fill-and-vfill
166840,46518,1737,registered,0,0,0,False,62.0,bibtex,1,2014-03-21 12:40:32,False,98,2,0,11,0,True,88,0,3696766.12,5,80076,https://tex.stackexchange.com/questions/166840/why-do-i-get-author-when-i-use-citet-with-natbib
186068,49529,1463,registered,0,0,0,True,82.0,arxiv,1,2014-06-22 20:14:33,False,87,0,1,11,0,False,88,5,3892355.0,12,54654,https://tex.stackexchange.com/questions/186068/how-to-upload-latex-generated-pdf-paper-to-arxiv-without-latex-sources
577,206,19171,registered,0,0,0,False,92.0,"best-practices, documentation, big-list",3,2010-07-29 18:11:46,False,125,0,2,3,0,False,87,0,,12,12183,https://tex.stackexchange.com/questions/577/best-practices-references
23804,6837,2555,registered,0,0,0,True,,"math-mode, html, online",3,2011-07-22 15:26:03,False,22,0,0,8,0,True,87,1,99.68,10,156399,https://tex.stackexchange.com/questions/23804/how-to-incorporate-tex-mathematics-into-a-website
33345,1026,1866,registered,0,0,0,True,76.0,"horizontal-alignment, floats, margins",3,2011-11-01 20:16:20,False,108,1,0,11,0,False,87,0,6179204.7,6,263629,https://tex.stackexchange.com/questions/33345/making-a-table-fit-on-a-page-by-moving-it-left
49043,9757,30704,registered,0,0,0,False,99.0,"math-mode, symbols",2,2012-03-23 00:09:01,True,106,1,0,3,1,False,87,0,44.47,5,227701,https://tex.stackexchange.com/questions/49043/nice-looking-p-th-roots
53862,12860,6281,registered,0,0,0,False,68.0,"beamer, horizontal-alignment",2,2012-04-30 23:48:05,False,66,1,0,8,0,True,87,0,,9,587700,https://tex.stackexchange.com/questions/53862/how-do-i-align-an-image-to-center
78920,21321,983,registered,0,0,0,False,,paper-size,1,2012-10-24 17:44:59,False,100,0,1,3,0,False,87,2,,6,27070,https://tex.stackexchange.com/questions/78920/generating-smartphone-readable-pdf
83663,7478,5973,registered,0,0,0,True,66.0,"tools, comments",2,2012-11-21 14:15:43,False,108,1,0,7,2,False,87,3,3828530.53,13,33626,https://tex.stackexchange.com/questions/83663/utility-to-strip-comments-from-latex-source
84172,21162,1055,registered,0,0,0,False,,"lists, itemize",2,2012-11-25 16:55:21,False,87,2,0,12,0,True,87,4,4522651.33,9,619029,https://tex.stackexchange.com/questions/84172/possible-to-create-bullets-for-subitems-using-itemize-without-a-nested-list
111280,19603,1035,registered,0,0,0,False,,cross-referencing,1,2013-04-29 07:56:31,False,135,1,0,6,0,False,87,0,13.62,2,73814,https://tex.stackexchange.com/questions/111280/understanding-how-references-and-labels-work
153169,41600,1143,registered,0,0,0,False,80.0,titles,1,2014-01-09 15:30:14,False,84,1,0,6,0,True,87,1,,2,617844,https://tex.stackexchange.com/questions/153169/how-to-set-maintitle-and-subtitle
159118,169,65149,registered,0,0,0,False,93.0,"loops, big-list, comma-separated-list",3,2014-02-07 16:05:51,False,201,0,7,8,0,True,87,1,3709128.93,14,17816,https://tex.stackexchange.com/questions/159118/how-to-iterate-over-a-comma-separated-list
175251,48973,18158,registered,0,0,0,True,90.0,"macros, math-operators",2,2014-05-04 22:31:55,False,48,0,0,7,0,False,87,1,,1,21563,https://tex.stackexchange.com/questions/175251/how-to-redefine-a-command-using-declaremathoperator
410250,152311,1117,registered,0,0,0,False,75.0,"fontsize, line-spacing",2,2018-01-13 23:33:18,True,506,2,4,10,5,False,87,3,,2,88267,https://tex.stackexchange.com/questions/410250/understanding-line-height-line-spacing-baselineskip-in-latex
2773,1057,1671,registered,0,0,0,False,83.0,"line-breaking, citing",2,2010-09-06 01:58:49,False,37,0,0,12,0,True,86,1,,6,78154,https://tex.stackexchange.com/questions/2773/how-do-i-make-latex-push-long-citations-to-a-new-line
9866,215,76886,registered,0,0,0,False,98.0,"fonts, symbols",2,2011-01-28 20:08:31,False,121,0,1,6,0,False,86,1,35.32,4,211479,https://tex.stackexchange.com/questions/9866/latest-advice-on-the-euro-symbol
10102,2894,2215,registered,0,0,0,False,100.0,"hyperref, footnotes",2,2011-02-02 17:14:44,False,100,1,2,15,0,True,86,2,4934166.42,11,59213,https://tex.stackexchange.com/questions/10102/multiple-references-to-the-same-footnote-with-hyperref-support-is-there-a-bett
12597,1785,5403,registered,0,0,0,False,95.0,"bibliographies, naming",2,2011-03-04 01:04:59,False,39,0,0,6,0,False,86,0,2706683.28,6,172391,https://tex.stackexchange.com/questions/12597/renaming-the-bibliography-page-using-bibtex
19017,4594,4715,registered,0,0,0,True,93.0,"floats, positioning, landscape",3,2011-05-25 15:51:13,False,85,1,0,17,0,True,86,0,5644363.03,3,190115,https://tex.stackexchange.com/questions/19017/how-to-place-a-table-on-a-new-page-with-landscape-orientation-without-clearing-t
19105,459,14815,registered,0,0,0,False,97.0,"spacing, biblatex",2,2011-05-26 14:12:58,False,30,0,0,10,0,False,86,0,6149380.73,5,50967,https://tex.stackexchange.com/questions/19105/how-can-i-put-more-space-between-bibliography-entries-biblatex
20140,2206,1280,registered,0,0,0,False,,"tables, formatting, rules",3,2011-06-07 05:12:35,False,139,1,1,8,0,True,86,2,5387000.73,3,185230,https://tex.stackexchange.com/questions/20140/can-a-table-include-a-horizontal-dashed-line
27549,2391,1286,registered,0,0,0,False,80.0,"online, collaboration",2,2011-09-05 16:49:16,False,55,0,1,7,0,False,86,0,4917443.05,13,64409,https://tex.stackexchange.com/questions/27549/simultaneous-collaborative-editing-of-a-latex-file
28642,7099,1095,registered,0,0,0,True,,"packages, pdftex, luatex",3,2011-09-16 11:30:34,False,154,0,2,8,0,False,86,0,1750.43,3,38800,https://tex.stackexchange.com/questions/28642/frequently-loaded-packages-differences-between-pdflatex-and-lualatex
30048,298,11956,registered,0,0,0,False,98.0,"macros, spacing",2,2011-09-30 14:36:52,False,41,2,0,8,0,True,86,0,,3,42025,https://tex.stackexchange.com/questions/30048/what-is-the-difference-between-vskip-and-vspace
40429,10385,1383,registered,0,0,0,False,,"spacing, paragraphs, parskip",3,2012-01-08 13:39:52,False,247,1,0,10,1,False,86,2,,1,251977,https://tex.stackexchange.com/questions/40429/how-to-use-the-parskip-package-space-in-between-paragraphs
40666,10157,8457,registered,0,0,0,False,68.0,"tables, color, rules",3,2012-01-10 17:51:09,False,45,1,0,7,0,True,86,0,5079494.1,3,107348,https://tex.stackexchange.com/questions/40666/how-to-change-line-color-in-tabular
55806,14129,2002,registered,0,0,0,False,60.0,"tikz-pgf, beamer, mindmaps",3,2012-05-14 17:33:30,False,105,1,0,8,0,False,86,0,147.05,2,22396,https://tex.stackexchange.com/questions/55806/mindmap-tikzpicture-in-beamer-reveal-step-by-step
84400,18175,1697,registered,0,0,0,True,100.0,"tables, tabularx",2,2012-11-27 02:08:21,False,133,2,0,7,0,False,86,0,4586456.57,7,389185,https://tex.stackexchange.com/questions/84400/table-layout-with-tabularx-column-widths-502525
94845,24717,1658,registered,0,0,0,False,100.0,"tables, rules, booktabs",3,2013-01-22 12:47:57,False,274,1,0,8,0,False,86,0,,3,272618,https://tex.stackexchange.com/questions/94845/problems-with-toprule-and-midrule-in-a-table
107818,28294,1395,registered,0,0,0,False,100.0,"best-practices, siunitx, units",3,2013-04-10 02:24:25,False,75,4,0,7,0,True,86,0,,5,59680,https://tex.stackexchange.com/questions/107818/why-use-a-package-to-typeset-units
109064,Unknown,0,does_not_exist,0,0,0,True,,"bibtex, bibliographies",2,2013-04-16 19:19:39,False,96,1,0,10,0,True,86,0,,2,15753,https://tex.stackexchange.com/questions/109064/is-there-a-difference-between-and-in-bibtex
115690,31121,963,registered,0,0,0,False,,"bibtex, bibliographies, line-breaking, urls",4,2013-05-23 08:10:16,True,274,4,2,9,0,False,86,0,861.27,5,171130,https://tex.stackexchange.com/questions/115690/urls-in-bibliography-latex-not-breaking-line-as-expected
154873,38843,1129,registered,0,0,0,False,100.0,"tex-core, knuth",2,2014-01-19 17:35:37,False,51,0,1,6,0,True,86,6,,2,13419,https://tex.stackexchange.com/questions/154873/whats-new-in-tex-version-3-14159265
301386,10478,2734,registered,0,0,0,False,67.0,pdf,1,2016-03-29 14:39:40,False,300,0,1,7,0,True,86,7,3689724.98,2,8578,https://tex.stackexchange.com/questions/301386/why-is-1-5-the-default-pdf-version
633,14,28103,registered,0,0,0,False,100.0,"compiling, editors, tools, wysiwyg",4,2010-07-30 11:04:11,False,372,0,3,10,0,True,85,6,379.57,27,36518,https://tex.stackexchange.com/questions/633/is-there-any-way-to-get-real-time-compilation-for-latex
4507,510,258210,registered,0,0,0,True,98.0,"line-breaking, paragraphs, rivers",3,2010-10-24 18:16:16,True,289,1,2,7,0,False,85,5,239.2,5,9526,https://tex.stackexchange.com/questions/4507/avoiding-rivers-in-successive-lines-of-type
5828,1882,1339,registered,0,0,0,False,100.0,"beamer, templates",2,2010-11-23 13:03:29,False,16,0,0,6,0,False,85,0,5501211.32,8,85000,https://tex.stackexchange.com/questions/5828/where-to-find-custom-beamer-themes
10245,3316,15175,registered,0,0,0,False,93.0,"graphics, examples",2,2011-02-04 16:01:16,False,51,1,0,6,0,True,85,0,6744653.85,4,311781,https://tex.stackexchange.com/questions/10245/how-to-order-3-images-horizontally
10252,1167,5484,registered,0,0,0,False,89.0,"packages, installing, mac, mactex, texshop",5,2011-02-04 16:39:20,False,101,0,1,11,0,True,85,0,21.33,6,175665,https://tex.stackexchange.com/questions/10252/how-do-i-add-a-sty-file-to-my-mactex-texshop-installation
11707,1527,15615,registered,0,0,0,False,90.0,"page-breaking, double-sided",2,2011-02-22 12:14:04,False,52,0,0,10,0,True,85,0,,3,54883,https://tex.stackexchange.com/questions/11707/how-to-force-output-to-a-left-or-right-page
14901,1998,6330,registered,0,0,0,False,93.0,"tikz-pgf, lengths, technical-drawing",3,2011-04-04 13:40:45,True,85,0,0,7,0,False,85,0,,4,25797,https://tex.stackexchange.com/questions/14901/dimensioning-of-a-technical-drawing-in-tikz
20027,2042,5029,registered,0,0,0,False,100.0,"bibtex, bibliographies",2,2011-06-06 13:25:07,False,81,0,0,4,0,False,85,0,12.47,7,58046,https://tex.stackexchange.com/questions/20027/merge-two-bibtex-files
25348,15675,6035,registered,0,0,0,False,80.0,"math-mode, symbols, relation-symbols",3,2011-08-05 23:58:19,False,46,0,0,6,0,False,85,1,5.82,6,201001,https://tex.stackexchange.com/questions/25348/latex-symbol-for-does-not-divide
30423,2364,4006,registered,0,0,0,False,85.0,"beamer, bibtex, bibliographies",3,2011-10-04 14:51:31,False,54,0,1,3,0,False,85,0,6712796.25,2,281264,https://tex.stackexchange.com/questions/30423/bibliography-in-beamer
32217,Unknown,0,does_not_exist,0,0,0,True,,"symbols, matrices",2,2011-10-21 08:25:35,False,51,0,0,4,0,False,85,0,,2,350863,https://tex.stackexchange.com/questions/32217/3-dots-in-matrix
45817,12101,2043,registered,0,0,0,False,69.0,"numbering, theorems",2,2012-02-26 03:29:11,False,288,1,0,4,0,False,85,0,,2,323701,https://tex.stackexchange.com/questions/45817/theorem-definition-lemma-problem-numbering
78193,11984,7873,registered,0,0,0,False,98.0,"marginpar, marginnote",2,2012-10-18 18:14:35,True,909,1,0,11,25,False,85,0,6995266.55,3,4189,https://tex.stackexchange.com/questions/78193/margin-notes-with-a-pointing-arrow-that-are-automatically-vertically-adjusted
81955,21349,1887,registered,0,0,0,False,100.0,"vertical-alignment, minipage",2,2012-11-08 18:18:38,True,75,1,0,7,3,False,85,0,,2,152281,https://tex.stackexchange.com/questions/81955/align-text-in-minipage-at-same-height
2233,788,1005,registered,0,0,0,False,,"math-mode, matrices",2,2010-08-24 06:14:35,False,53,0,0,9,0,True,84,0,5301357.83,10,136452,https://tex.stackexchange.com/questions/2233/whats-the-best-way-make-an-augmented-coefficient-matrix
5635,42,41032,registered,0,0,0,False,84.0,bibliographies,1,2010-11-19 16:31:20,False,108,1,0,11,0,False,84,0,5242123.85,4,119759,https://tex.stackexchange.com/questions/5635/how-to-cite-a-university-lecture-or-its-slides-or-script
8163,179,76634,registered,0,0,0,True,93.0,"macros, tex-core, expansion",3,2011-01-03 09:03:01,False,61,1,1,8,0,True,84,2,,4,23518,https://tex.stackexchange.com/questions/8163/what-is-the-difference-between-let-and-edef
28818,Unknown,0,does_not_exist,0,0,0,True,,"math-mode, line-breaking",2,2011-09-18 20:02:11,False,38,0,0,12,0,True,84,0,,5,80142,https://tex.stackexchange.com/questions/28818/how-can-i-prevent-inline-math-formulas-from-overflowing-into-the-margin
35039,3104,23105,registered,0,0,0,False,91.0,"macros, tex-core, expansion",3,2011-11-16 13:17:56,False,632,4,1,4,2,True,84,2,,3,3866,https://tex.stackexchange.com/questions/35039/why-isnt-everything-expandable
42866,10127,8316,registered,0,0,0,False,62.0,"math-mode, best-practices",2,2012-01-31 00:27:22,False,93,1,0,6,0,False,84,4,4982053.63,2,96558,https://tex.stackexchange.com/questions/42866/typesetting-modulus-operator-as-in-remainder
49300,5110,21077,registered,0,0,0,False,86.0,"tables, wrap",2,2012-03-24 22:17:19,True,42,0,0,5,0,False,84,0,5481869.43,6,186779,https://tex.stackexchange.com/questions/49300/wrap-text-around-a-tabular
68525,17955,943,registered,0,0,0,False,,packages,1,2012-08-24 04:15:38,False,94,0,0,6,0,False,84,0,4887061.68,4,36692,https://tex.stackexchange.com/questions/68525/using-latex-to-keep-a-diary
108696,5239,98057,registered,0,0,0,False,98.0,expl3,1,2013-04-14 17:41:31,False,22,0,1,6,0,True,84,0,,2,11916,https://tex.stackexchange.com/questions/108696/what-do-explsyntaxon-and-explsyntaxoff-do
121832,19669,1345,registered,0,0,0,False,86.0,"line-breaking, hyphenation",2,2013-06-30 15:46:25,False,114,0,0,7,0,False,84,0,12.97,1,159655,https://tex.stackexchange.com/questions/121832/breaking-words-at-the-end-of-line
142120,21359,1459,registered,0,0,0,False,100.0,"pgfplots, labels",2,2013-11-04 01:26:58,False,116,1,0,5,0,False,84,0,,2,170355,https://tex.stackexchange.com/questions/142120/positioning-of-pgfplot-axis-labels
183801,34827,1399,registered,0,0,0,False,,texstudio,1,2014-06-08 16:19:10,False,30,0,0,6,0,False,84,3,3035939.2,3,100096,https://tex.stackexchange.com/questions/183801/texstudio-show-line-numbers-in-editor
263793,19506,1727,registered,0,0,0,True,58.0,"bibliographies, natbib, apa-style",3,2015-08-29 22:41:44,False,151,0,0,12,0,True,84,0,,1,44754,https://tex.stackexchange.com/questions/263793/what-is-the-relationship-between-natbib-apacite-package-and-apa-document-class
303498,100439,993,registered,0,0,0,False,,"listings, captions",2,2016-04-10 15:12:33,True,54,2,2,8,0,True,84,6,,1,144994,https://tex.stackexchange.com/questions/303498/how-to-put-the-caption-below-the-listing
341205,61804,1603,registered,0,0,0,True,60.0,"tables, tabularx",2,2016-11-27 18:27:08,False,75,0,0,10,0,True,84,2,,3,143871,https://tex.stackexchange.com/questions/341205/what-is-the-difference-between-tabular-tabular-and-tabularx-environments
386053,36296,215237,registered,0,0,0,True,100.0,bibliographies,1,2017-08-12 17:50:02,False,137,0,19,12,0,False,84,1,0.18,21,13611,https://tex.stackexchange.com/questions/386053/software-generated-bibliographic-entries-common-errors-and-other-mistakes-to-ch
522,32,22644,registered,0,0,0,False,86.0,"fonts, units",2,2010-07-29 00:25:05,False,104,2,0,5,0,True,83,0,648.52,4,251282,https://tex.stackexchange.com/questions/522/best-way-to-typeset-micrometers
1583,18,4375,registered,0,0,0,False,70.0,"best-practices, tables, footnotes",3,2010-08-12 04:24:18,False,210,0,2,3,0,True,83,1,1404969.98,10,80686,https://tex.stackexchange.com/questions/1583/footnotes-in-tables
2092,10,13703,registered,0,0,0,False,95.0,"graphics, pdftex, pdf, best-practices, eps",5,2010-08-20 19:00:23,False,36,0,0,8,0,True,83,0,,6,35210,https://tex.stackexchange.com/questions/2092/which-figure-type-to-use-pdf-or-eps
17845,5431,813,registered,0,0,0,False,,"auxiliary-files, revision-control, git, cross-platform",4,2011-05-10 12:09:16,False,213,1,3,11,0,True,83,1,,4,14129,https://tex.stackexchange.com/questions/17845/which-auxiliary-latex-files-should-be-ignored-by-version-control-software
18910,4621,1271,registered,0,0,0,False,67.0,"biblatex, citing",2,2011-05-24 01:12:39,False,19,0,0,6,0,False,83,0,,2,41723,https://tex.stackexchange.com/questions/18910/multiple-citations-with-pages-using-biblatex
21227,6046,975,registered,0,0,0,False,,"environments, examples",2,2011-06-21 10:15:02,False,23,0,0,2,0,True,83,0,,3,168858,https://tex.stackexchange.com/questions/21227/example-environment
38820,574,4501,registered,0,0,0,False,76.0,"math-mode, environments, semantics",3,2011-12-19 22:51:39,False,115,0,0,4,0,False,83,0,,4,40294,https://tex.stackexchange.com/questions/38820/numbers-outside-math-environment
39181,4594,4715,registered,0,0,0,True,93.0,"math-mode, symbols",2,2011-12-23 13:19:01,False,28,0,1,3,0,False,83,2,6061467.5,6,223113,https://tex.stackexchange.com/questions/39181/big-integral-sign
54771,3732,2822,registered,0,0,0,True,100.0,"tikz-pgf, metapost, curve-fitting",3,2012-05-04 14:03:44,True,351,1,2,10,6,False,83,0,8602.4,6,9639,https://tex.stackexchange.com/questions/54771/curve-through-a-sequence-of-points-with-metapost-and-tikz
56332,14724,1111,registered,0,0,0,False,100.0,"fonts, formatting, small-caps",3,2012-05-18 02:21:05,True,42,0,0,13,0,False,83,0,,2,167715,https://tex.stackexchange.com/questions/56332/all-letters-in-uppercase-but-the-first-letter-bigger-than-the-other-ones
65018,16952,3111,registered,0,0,0,False,49.0,"tikz-pgf, pstricks",2,2012-07-28 15:27:43,False,76,2,0,5,3,True,83,0,,5,191947,https://tex.stackexchange.com/questions/65018/how-to-draw-an-ellipse
67651,17722,831,unregistered,0,0,0,False,,numbering,1,2012-08-18 05:14:22,False,72,2,0,9,0,True,83,0,,1,53050,https://tex.stackexchange.com/questions/67651/repeating-an-equation-and-getting-the-same-equation-number
153168,43869,1247,registered,0,0,0,False,,"fonts, formatting, fontsize, chapters",4,2014-01-08 11:22:19,False,48,0,0,11,0,False,83,1,,2,522609,https://tex.stackexchange.com/questions/153168/how-to-set-document-font-to-times-new-roman-by-command
174621,50892,833,registered,0,0,0,False,,"sectioning, numbering, appendices",3,2014-05-01 10:12:00,True,94,1,0,7,1,False,83,1,4425460.92,4,246419,https://tex.stackexchange.com/questions/174621/numbering-appendices-by-letter-instead-of-number
175016,51029,831,registered,0,0,0,False,,"tikz-pgf, arc",2,2014-05-03 17:10:12,False,107,0,0,6,0,True,83,0,36.55,2,132357,https://tex.stackexchange.com/questions/175016/how-is-arc-defined-in-tikz
387047,124577,34369,registered,0,0,0,True,98.0,"tikz-pgf, fun, big-list, tikzducks, tikzlings",5,2017-08-18 17:02:44,False,84,0,0,7,0,False,83,10,428.53,23,20514,https://tex.stackexchange.com/questions/387047/the-duck-pond-showcase-of-tikz-drawn-animals-ducks
39383,9556,2406,registered,0,0,0,False,,"margins, lengths",2,2009-04-02 04:06:25,False,53,0,0,3,0,False,82,2,,4,130922,https://tex.stackexchange.com/questions/39383/determine-text-width
148,34,3445,registered,0,0,0,False,,"beamer, positioning, overlays",3,2010-07-26 23:47:30,False,43,1,0,5,0,False,82,0,,6,25380,https://tex.stackexchange.com/questions/148/avoiding-jumping-frames-in-beamer
383,165,1645,registered,0,0,0,False,,"graphics, pdftex, eps",3,2010-07-27 17:49:06,False,50,0,0,6,0,True,82,0,5837644.6,7,142199,https://tex.stackexchange.com/questions/383/why-cant-pdflatex-print-eps-figures
1559,735,929,registered,0,0,0,False,,"brackets, braces",2,2010-08-11 22:37:30,True,47,0,0,10,0,False,82,2,,7,57423,https://tex.stackexchange.com/questions/1559/adding-a-large-brace-next-to-a-body-of-text
7265,2556,1209,registered,0,0,0,False,0.0,auxiliary-files,1,2010-12-17 11:07:17,False,13,0,0,6,0,False,82,3,66.73,10,48419,https://tex.stackexchange.com/questions/7265/need-aux-file-in-separate-folder
12775,4012,56727,registered,0,0,0,False,93.0,"languages, babel",2,2011-03-06 17:19:00,False,57,0,1,4,0,False,82,0,7746185.23,5,226692,https://tex.stackexchange.com/questions/12775/babel-english-american-usenglish
14769,2552,238515,registered,0,0,0,True,85.0,"tikz-pgf, nodes, node-connections",3,2011-04-02 00:00:09,True,146,1,0,7,1,False,82,0,11.48,3,78595,https://tex.stackexchange.com/questions/14769/add-more-anchors-to-standard-tikz-nodes
15067,4682,3166,registered,0,0,0,True,87.0,"beamer, presentations",2,2011-04-05 22:20:51,False,119,0,1,10,0,True,82,4,,3,55566,https://tex.stackexchange.com/questions/15067/nice-custom-beamer-theme-how-to-do-something-like-it
19589,5880,1131,unregistered,0,0,0,False,0.0,tables,1,2011-06-01 10:29:32,False,33,1,0,9,0,True,82,2,5333793.85,4,260342,https://tex.stackexchange.com/questions/19589/how-to-specify-the-row-height-in-latex-table
32208,8692,871,unregistered,0,0,0,False,0.0,"page-breaking, footnotes, footmisc",3,2011-10-21 07:11:13,False,35,0,0,5,0,False,82,0,17.78,4,75609,https://tex.stackexchange.com/questions/32208/footnote-runs-onto-second-page
42812,10898,31282,registered,0,0,0,False,68.0,"tikz-pgf, 3d",2,2012-01-30 18:35:16,True,24,0,0,4,0,False,82,0,,3,57902,https://tex.stackexchange.com/questions/42812/3d-bodies-in-tikz
49014,12595,985,registered,0,0,0,False,,"amsmath, align",2,2012-03-22 20:12:41,True,149,1,0,6,0,False,82,0,33.47,1,147410,https://tex.stackexchange.com/questions/49014/aligning-equations-with-text-with-alignat
56546,14475,6773,registered,0,0,0,False,88.0,"table-of-contents, line-spacing",2,2012-05-20 01:22:08,False,22,0,0,10,0,False,82,1,4535335.37,5,148795,https://tex.stackexchange.com/questions/56546/how-to-change-spaces-between-items-in-table-of-contents
61010,2595,17759,registered,0,0,0,False,63.0,"macros, tex-core, expansion, debugging, logging",5,2012-06-24 09:57:47,False,323,2,1,8,0,False,82,0,,1,3399,https://tex.stackexchange.com/questions/61010/a-latex-log-analyzer-application-visualizing-tex-expansion
85113,18961,1933,registered,0,0,0,False,100.0,"math-mode, amsmath, arrows",3,2012-12-01 21:08:01,False,45,0,0,15,0,False,82,0,6.2,3,119275,https://tex.stackexchange.com/questions/85113/double-arrow-with-text-over-it-that-extends-to-fit-text-that-is-a-xrightarro
86101,155,1567,registered,0,0,0,False,75.0,"beamer, presentations",2,2012-12-08 15:29:34,False,150,0,0,9,0,False,82,0,,1,105453,https://tex.stackexchange.com/questions/86101/beamer-creating-a-slide-with-short-centered-prominent-text
107422,23594,5500,registered,0,0,0,False,82.0,"cross-referencing, equations",2,2013-04-07 21:34:02,False,42,0,0,8,0,True,82,0,,1,163989,https://tex.stackexchange.com/questions/107422/what-is-the-difference-between-eqref-and-ref
111948,25150,1025,registered,0,0,0,False,,"boxes, paragraphs, warnings",3,2013-05-02 17:58:13,False,90,1,1,8,0,True,82,1,4042214.62,2,287934,https://tex.stackexchange.com/questions/111948/what-is-a-overfull-hbox-9-89561pt-too-wide
130795,35853,1555,registered,0,0,0,False,40.0,sectioning,1,2013-08-30 14:07:21,False,41,0,0,9,0,True,82,0,,1,190464,https://tex.stackexchange.com/questions/130795/how-can-i-number-sections-below-subsection-in-latex
134191,25789,4355,registered,0,0,0,False,82.0,"biblatex, urls",2,2013-09-20 03:09:51,False,123,1,0,8,3,True,82,0,5355229.25,4,116628,https://tex.stackexchange.com/questions/134191/line-breaks-of-long-urls-in-biblatex-bibliography
151232,17835,3975,registered,0,0,0,False,92.0,"tikz-pgf, workflow, inkscape",3,2013-12-25 00:57:35,False,72,0,0,8,0,False,82,2,5134600.38,3,114805,https://tex.stackexchange.com/questions/151232/exporting-from-inkscape-to-latex-via-tikz
152773,14103,18659,registered,0,0,0,True,95.0,"macros, tutorials, patching, xpatch",4,2014-01-07 04:51:06,False,187,0,5,8,0,False,82,0,,2,27419,https://tex.stackexchange.com/questions/152773/please-tutor-the-usage-of-patchcmd-and-xpatch
195774,43404,1295,registered,0,0,0,False,25.0,horizontal-alignment,1,2014-08-11 06:58:16,False,59,0,0,13,0,True,82,2,4086483.55,4,316304,https://tex.stackexchange.com/questions/195774/how-to-right-align-any-line-or-word-in-a-paragraph-in-any-documentclass
215692,38563,963,registered,0,0,0,True,,"texstudio, word-count",2,2014-12-06 17:40:34,False,81,0,0,11,0,True,82,0,,3,93450,https://tex.stackexchange.com/questions/215692/is-there-a-direct-way-to-get-word-count-in-texstudio
301494,89234,1025,registered,0,0,0,True,,"graphics, packages",2,2016-03-30 08:18:55,False,122,1,0,4,0,True,82,5,,1,515550,https://tex.stackexchange.com/questions/301494/how-to-use-includegraphics
69379,1412,2595,registered,0,0,0,False,,"bibtex, citing",2,2009-06-03 17:12:11,False,38,2,0,7,0,True,81,0,,1,207722,https://tex.stackexchange.com/questions/69379/how-do-i-cite-author-in-latex
448,169,65149,registered,0,0,0,False,93.0,"macros, math-mode",2,2010-07-28 13:33:54,False,76,1,0,11,1,True,81,0,,5,31095,https://tex.stackexchange.com/questions/448/how-to-automatically-resize-the-vertical-bar-in-a-set-comprehension
1291,580,2281,registered,0,0,0,True,82.0,"fonts, font-encodings, pixelated",3,2010-08-07 21:03:52,False,106,1,0,5,0,True,81,0,5159196.87,5,26067,https://tex.stackexchange.com/questions/1291/why-are-bitmap-fonts-used-automatically
1681,510,258210,registered,0,0,0,True,98.0,"header-footer, chapters, double-sided, blank-page",4,2010-08-13 23:23:06,False,88,0,0,10,0,True,81,1,3.52,6,51781,https://tex.stackexchange.com/questions/1681/how-to-remove-headers-and-footers-for-pages-between-chapters
3001,1161,997,registered,0,0,0,False,,"table-of-contents, chapters, minitoc",3,2010-09-12 00:30:26,False,25,0,0,9,0,False,81,0,,3,70761,https://tex.stackexchange.com/questions/3001/list-sections-of-chapter-at-beginning-of-that-chapter
12262,25957,913,registered,0,0,0,False,,"floats, multicol",2,2011-02-27 22:32:35,False,60,0,0,3,0,False,81,1,,3,147901,https://tex.stackexchange.com/questions/12262/multicol-and-figures
13696,4287,913,registered,0,0,0,False,,"text-decorations, strikeout",2,2011-03-17 03:49:30,False,51,1,0,3,1,False,81,0,,2,75451,https://tex.stackexchange.com/questions/13696/crossing-out-sentences
15894,4434,8303,registered,0,0,0,False,97.0,math-mode,1,2011-04-15 17:51:05,False,46,0,0,5,0,False,81,0,5200721.83,6,275694,https://tex.stackexchange.com/questions/15894/evaluation-of-differentiation-and-integration
19348,5802,945,registered,0,0,0,False,,tikz-pgf,1,2011-05-29 16:25:01,False,120,0,0,13,0,True,81,0,,4,39937,https://tex.stackexchange.com/questions/19348/how-to-draw-a-line-passing-through-a-point-and-perpendicular-to-another
21248,278719,913,registered,0,0,0,False,,"pdf, page-numbering, pdfpages",3,2011-06-20 15:12:49,False,81,1,0,11,0,True,81,0,5493354.13,3,85856,https://tex.stackexchange.com/questions/21248/how-to-add-a-page-number-to-the-included-pdf-pages
34971,3954,521869,registered,0,0,0,True,88.0,"boxes, line-spacing, minipage, grid-typesetting",4,2011-11-15 23:12:52,True,121,1,0,11,0,True,81,0,,2,12690,https://tex.stackexchange.com/questions/34971/how-to-keep-a-constant-baselineskip-when-using-minipages-or-parboxes
41185,5640,13084,registered,0,0,0,False,56.0,"boxes, strut",2,2012-01-15 23:14:58,False,22,0,0,10,0,True,81,0,,2,38442,https://tex.stackexchange.com/questions/41185/strutting-around-whats-the-difference-between-strut-mathstrut-and-vphantom
56163,13154,3061,registered,0,0,0,False,97.0,"errors, subfloats",2,2012-05-17 03:26:59,False,33,2,0,7,1,False,81,0,4966716.27,5,252864,https://tex.stackexchange.com/questions/56163/subfigure-error-missing-number-treated-as-zero
61274,12088,3222,registered,0,0,0,True,94.0,"graphics, diagrams",2,2012-06-26 19:33:10,True,82,0,1,14,0,True,81,1,69101.95,9,180053,https://tex.stackexchange.com/questions/61274/is-there-any-way-to-type-latex-code-directly-into-the-text-boxes-inkscape
71215,18624,813,unregistered,0,0,0,False,,"bibtex, errors, urls, doi",4,2012-09-12 02:53:12,False,141,2,0,4,0,False,81,1,5547688.9,13,75308,https://tex.stackexchange.com/questions/71215/missing-inserted-issue
103508,7493,1285,registered,0,0,0,True,100.0,"spacing, lyx, arrays",3,2013-03-20 22:38:16,True,116,1,0,7,2,False,81,3,,4,169259,https://tex.stackexchange.com/questions/103508/adjusting-space-between-array-rows-and-columns
136527,37770,945,registered,0,0,0,False,,"sectioning, numbering",2,2013-10-05 16:26:56,False,62,1,0,4,0,False,81,0,28.83,3,343674,https://tex.stackexchange.com/questions/136527/section-numbering-without-numbers
139139,35071,1085,registered,0,0,0,True,100.0,pandoc,1,2013-10-16 16:58:03,False,142,1,1,6,0,False,81,1,,2,102413,https://tex.stackexchange.com/questions/139139/adding-headers-and-footers-using-pandoc
147143,15489,2341,registered,0,0,0,False,89.0,"tikz-pgf, pgf-core",2,2013-11-27 01:46:42,False,177,0,2,9,0,True,81,0,,1,61061,https://tex.stackexchange.com/questions/147143/whats-the-difference-between-path-and-draw-in-tikz
157222,38058,2081,registered,0,0,0,False,100.0,"graphics, horizontal-alignment, minipage",3,2014-02-02 22:28:12,False,57,1,0,5,0,False,81,1,153.25,2,541662,https://tex.stackexchange.com/questions/157222/putting-figures-side-by-side-using-minipage
167719,13190,9441,registered,0,0,0,False,64.0,graphics,1,2014-03-26 05:06:54,False,47,1,0,7,0,True,81,0,3624877.82,3,176067,https://tex.stackexchange.com/questions/167719/how-to-use-background-image-in-latex
172871,50352,1226,registered,0,0,0,False,,"symbols, punctuation",2,2014-04-22 19:33:21,False,98,1,0,3,0,False,81,0,,2,389073,https://tex.stackexchange.com/questions/172871/display-apostrophe
204896,63827,1229,registered,0,0,0,False,83.0,tikz-pgf,1,2014-10-07 06:11:42,False,33,0,0,8,0,False,81,0,30.38,2,223385,https://tex.stackexchange.com/questions/204896/tikz-draw-line-thickness-less-than-0-1-mm
286950,95179,913,registered,0,0,0,False,,tables,1,2016-01-10 17:43:31,False,84,2,0,9,0,False,81,4,,2,367392,https://tex.stackexchange.com/questions/286950/how-to-create-a-table-with-fixed-column-widths
394477,233191,847,registered,0,0,0,True,,tex-history,1,2017-10-04 07:27:52,False,27,0,0,4,0,True,81,22,,5,19928,https://tex.stackexchange.com/questions/394477/why-is-latex-free
3079,701,2381,registered,0,0,0,False,86.0,"conversion, html",2,2010-09-14 21:12:58,False,44,0,2,7,0,True,80,0,7307469.42,7,99340,https://tex.stackexchange.com/questions/3079/how-do-i-convert-html-to-latex
3090,1035,9260,registered,0,0,0,False,100.0,"packages, big-list, incompatibility",3,2010-09-15 06:52:26,False,145,0,3,10,0,False,80,1,5946498.63,4,9314,https://tex.stackexchange.com/questions/3090/packages-that-need-to-be-included-in-a-specific-order
10841,2634,17576,registered,0,0,0,False,99.0,"tex-core, books, learning",3,2011-02-11 16:58:17,False,60,0,1,7,0,True,80,1,37.6,5,22176,https://tex.stackexchange.com/questions/10841/should-i-read-donald-knuths-the-texbook
14008,1481,2160,registered,0,0,0,False,75.0,"sectioning, hyperref, line-breaking, warnings",4,2011-03-21 22:33:36,False,74,2,0,8,0,True,80,0,,3,95803,https://tex.stackexchange.com/questions/14008/how-to-put-a-line-break-in-section-heading
15282,2457,1489,registered,0,0,0,False,100.0,"tables, captions",2,2011-04-08 06:38:31,False,140,2,0,6,0,True,80,0,6973431.55,5,719358,https://tex.stackexchange.com/questions/15282/tabular-title-above-and-caption-below
15516,4778,38168,registered,0,0,0,False,89.0,"languages, cjk, japanese",3,2011-04-11 11:28:23,False,207,1,0,6,2,True,80,0,6157034.65,6,90296,https://tex.stackexchange.com/questions/15516/how-to-write-japanese-with-latex
16410,215,76886,registered,0,0,0,False,98.0,"tex-core, catcodes",2,2011-04-22 21:11:32,False,26,0,1,4,0,True,80,0,,4,10521,https://tex.stackexchange.com/questions/16410/what-are-category-codes
50804,4319,901,registered,0,0,0,False,,symbols,1,2012-04-05 07:39:18,False,59,1,0,3,0,True,80,0,,4,95529,https://tex.stackexchange.com/questions/50804/explicit-space-character
51893,1167,5484,registered,0,0,0,False,89.0,"graphics, floats, draft",3,2012-04-14 16:54:06,False,71,1,0,7,0,False,80,0,4781667.22,3,69658,https://tex.stackexchange.com/questions/51893/turning-off-and-on-images-in-figures
54587,4301,230021,registered,0,0,0,False,92.0,"math-mode, spacing, amsmath",3,2012-05-06 09:43:47,True,622,2,2,8,66,False,80,0,,2,90137,https://tex.stackexchange.com/questions/54587/vertical-spacing-within-align-environment-accounting-for-fractions
55161,169,65149,registered,0,0,0,False,93.0,graphics,1,2012-05-09 22:12:01,False,91,0,1,11,0,True,80,0,19.98,2,282735,https://tex.stackexchange.com/questions/55161/how-to-arrange-image-and-text-to-appear-side-by-side
56621,215,76886,registered,0,0,0,False,98.0,documentation,1,2012-05-20 16:30:55,False,117,0,1,11,0,True,80,0,,16,3453,https://tex.stackexchange.com/questions/56621/what-needs-to-be-introduced-in-a-short-introduction-to-latex
79051,298,11956,registered,0,0,0,False,98.0,"hyperref, formatting, urls",3,2012-10-25 14:43:22,True,120,1,1,7,0,True,80,0,6024748.35,4,112288,https://tex.stackexchange.com/questions/79051/how-to-style-text-in-hyperref-url
87525,23450,801,registered,0,0,0,False,,page-numbering,1,2012-12-18 19:11:22,False,43,0,0,11,0,True,80,1,,2,159691,https://tex.stackexchange.com/questions/87525/how-can-i-set-the-page-number-to-any-needed-value
185262,54605,1261,registered,0,0,0,False,,titles,1,2014-06-17 13:05:36,False,30,1,0,6,0,False,80,0,,3,395513,https://tex.stackexchange.com/questions/185262/adding-an-email-to-latex-file
186981,52486,2505,registered,0,0,0,False,84.0,sectioning,1,2014-06-27 22:24:14,False,25,0,0,5,0,True,80,0,,1,239556,https://tex.stackexchange.com/questions/186981/is-there-a-subsubsubsection-command
239252,49689,1395,registered,0,0,0,False,,"math-mode, equations, align, breqn, multline",5,2015-04-18 13:36:35,False,42,0,0,16,0,True,80,1,,1,178781,https://tex.stackexchange.com/questions/239252/what-is-the-difference-between-split-multline-align-breqn-for-breaking-an-equ
367058,132367,843,registered,0,0,0,False,,"tex-history, knuth",2,2017-04-27 19:17:42,False,39,0,0,10,0,True,80,4,446.42,2,6456,https://tex.stackexchange.com/questions/367058/wheres-an-example-of-the-bad-typesetting-that-inspired-tex
424200,2562,5030,registered,0,0,0,False,83.0,"math-mode, vertical-alignment",2,2018-03-31 20:35:52,False,34,0,0,9,0,True,80,4,1727626.67,5,34911,https://tex.stackexchange.com/questions/424200/what-does-smash-do-and-where-is-it-documented
885,43,891,registered,0,0,0,False,,tools,1,2010-08-03 15:19:46,False,113,0,0,7,0,False,79,1,5656426.37,15,189865,https://tex.stackexchange.com/questions/885/how-can-i-use-latex-from-python
6114,2171,913,registered,0,0,0,True,,"tikz-pgf, pgfplots",2,2010-11-28 21:53:53,True,99,2,0,8,0,False,79,0,,4,128761,https://tex.stackexchange.com/questions/6114/hide-tick-numbers-in-a-tikz-pgf-axis-environment
7278,Unknown,0,does_not_exist,0,0,0,True,,plain-tex,1,2010-12-17 13:30:20,False,43,0,1,5,0,False,79,1,,8,14984,https://tex.stackexchange.com/questions/7278/reasons-to-use-plain-tex
10760,929,12622,registered,0,0,0,False,83.0,"page-breaking, two-column",2,2011-02-10 19:02:20,False,31,1,1,10,0,True,79,0,,2,116756,https://tex.stackexchange.com/questions/10760/how-do-i-force-a-column-break-in-a-two-column-document
34844,4301,230021,registered,0,0,0,False,92.0,macros,1,2011-11-14 22:12:39,False,444,2,8,17,4,False,79,0,459209.12,3,6309,https://tex.stackexchange.com/questions/34844/when-is-it-harmful-to-add-percent-character-at-end-of-lines-in-a-newcommand-or
46422,6691,2462,registered,0,0,0,False,94.0,"tikz-pgf, pgfplots",2,2012-03-02 00:52:01,True,82,1,1,4,0,False,79,3,5369400.6,4,28020,https://tex.stackexchange.com/questions/46422/axis-break-in-pgfplots
54241,14198,1011,unregistered,0,0,0,False,,"equations, numbering",2,2012-05-03 16:37:18,False,97,0,1,10,0,False,79,0,,1,143722,https://tex.stackexchange.com/questions/54241/change-the-type-of-equation-numbering-in-document-class-article
57141,19356,38063,registered,0,0,0,True,98.0,"listings, line-numbering, copy-paste",3,2012-05-24 08:50:16,True,106,1,0,15,1,True,79,0,5697111.85,4,6643,https://tex.stackexchange.com/questions/57141/is-there-a-latex-trick-to-prevent-a-pdf-viewer-from-copying-the-line-number
67032,5566,11738,registered,0,0,0,False,78.0,tikz-pgf,1,2012-08-14 05:57:43,True,129,1,0,7,0,False,79,0,,3,11800,https://tex.stackexchange.com/questions/67032/fitting-text-to-a-shape-in-tikz
70050,10939,3395,registered,0,0,0,True,85.0,"thesis, collaboration",2,2012-09-04 11:39:39,False,37,0,0,16,0,True,79,0,6734832.97,11,14795,https://tex.stackexchange.com/questions/70050/my-phd-supervisor-wants-me-to-use-word-because-they-cant-edit-latex-what-to-do
82329,15542,4766,registered,0,0,0,False,94.0,"best-practices, braces, sourcecode",3,2012-11-11 21:59:07,False,106,3,0,15,0,True,79,2,,6,3614,https://tex.stackexchange.com/questions/82329/how-bad-for-tex-is-omitting-braces-even-if-the-result-is-the-same
88929,18511,3553,registered,0,0,0,True,55.0,"tables, rules, booktabs",3,2013-01-02 12:47:10,True,347,1,0,7,0,False,79,0,4364957.98,8,90365,https://tex.stackexchange.com/questions/88929/vertical-table-lines-are-discontinuous-with-booktabs
98152,10102,14467,registered,0,0,0,False,29.0,"macros, expl3",2,2013-02-14 08:36:39,False,72,0,0,6,0,True,79,1,,2,20066,https://tex.stackexchange.com/questions/98152/always-use-newdocumentcommand-instead-of-newcommand
102692,26725,1692,registered,0,0,0,False,75.0,"biblatex, sectioning",2,2013-03-15 21:53:47,False,53,0,0,6,0,False,79,0,,2,68182,https://tex.stackexchange.com/questions/102692/omit-heading-in-biblatex-with-printbibliography
104023,27533,5666,registered,0,0,0,False,83.0,"tex-core, token-lists",2,2013-03-24 07:09:20,False,173,0,2,4,0,True,79,1,,4,7615,https://tex.stackexchange.com/questions/104023/what-is-a-token
110281,29563,925,registered,0,0,0,True,,formatting,1,2013-04-23 11:59:29,False,94,0,0,7,0,True,79,1,386.57,5,67969,https://tex.stackexchange.com/questions/110281/format-long-numbers-with-a-thousand-separator
132888,36566,921,registered,0,0,0,False,,"fonts, xetex, luatex, fontawesome",4,2013-09-12 06:26:32,False,150,3,0,4,0,True,79,0,131.9,11,95176,https://tex.stackexchange.com/questions/132888/fontawesome-font-not-found
145367,11400,2482,registered,0,0,0,True,64.0,"math-mode, accessibility",2,2013-11-16 22:20:01,False,96,0,0,14,0,True,79,1,,6,11804,https://tex.stackexchange.com/questions/145367/how-can-i-use-dragon-naturallyspeaking-to-write-latex-math-formulas-by-voice-eff
243848,963,122413,registered,0,0,0,False,93.0,expl3,1,2015-05-08 17:36:26,False,256,1,0,10,0,True,79,6,3610890.42,1,3502,https://tex.stackexchange.com/questions/243848/how-to-make-the-transition-from-latex2e-to-expl3-syntax
275578,5645,19669,registered,0,0,0,False,87.0,"metadata, author, links",3,2015-10-29 12:17:19,False,118,1,0,12,1,True,79,2,2409623.98,12,113364,https://tex.stackexchange.com/questions/275578/is-there-a-standard-way-to-include-orcid-in-tex-pdf
429714,143914,1669,registered,0,0,0,False,,"texlive, tlmgr, update",3,2018-05-02 19:30:27,False,94,1,0,10,0,False,79,6,,5,43736,https://tex.stackexchange.com/questions/429714/tlmgr-remote-repository-is-newer-than-local-2017-2018
348,83,92989,registered,0,0,0,False,90.0,"tikz-pgf, diagrams",2,2010-07-27 14:12:22,True,24,0,0,5,0,False,78,1,6943015.28,12,33213,https://tex.stackexchange.com/questions/348/how-to-draw-a-torus
769,63,4047,registered,0,0,0,False,83.0,"calligraphy, drop-cap",2,2010-08-01 17:55:11,False,22,0,0,14,0,True,78,0,7089827.93,6,44603,https://tex.stackexchange.com/questions/769/how-can-i-create-documents-in-latex-using-a-calligraphic-first-letter-for-chapte
2110,213,240866,moderator,0,0,0,False,79.0,"big-list, latex-misc",2,2010-08-21 00:02:23,False,114,0,0,8,0,False,78,0,6071447.2,48,9872,https://tex.stackexchange.com/questions/2110/most-significant-reasons-that-led-us-to-latex
13865,4322,10357,registered,0,0,0,True,100.0,online,1,2011-03-19 11:20:17,False,29,0,0,6,0,True,78,0,,1,32612,https://tex.stackexchange.com/questions/13865/how-to-use-latex-on-blogspot
26771,179,76634,registered,0,0,0,True,93.0,"big-list, key-value, xkeyval",3,2011-08-28 18:59:11,False,36,0,0,7,0,False,78,3,5.55,23,11509,https://tex.stackexchange.com/questions/26771/a-big-list-of-every-keyval-package
31334,2036,11746,registered,0,0,0,False,90.0,"pdf, chapters",2,2011-10-12 16:51:32,False,109,0,0,9,0,True,78,0,,9,51427,https://tex.stackexchange.com/questions/31334/how-to-create-individual-chapter-pdfs-from-included-texs
37366,8141,5255,registered,0,0,0,True,92.0,latex-misc,1,2011-12-06 23:10:23,False,137,0,0,7,0,True,78,0,,6,1834,https://tex.stackexchange.com/questions/37366/how-do-package-authors-find-the-time
37828,7410,2015,registered,0,0,0,False,78.0,"bibliographies, accents",2,2011-12-10 19:38:35,False,57,0,0,13,0,False,78,0,,2,136432,https://tex.stackexchange.com/questions/37828/how-to-insert-slashed-o-%c3%b8-into-an-authors-name-in-my-bibliography
59517,15348,1313,registered,0,0,0,False,67.0,matrices,1,2012-06-12 02:51:56,False,85,1,0,7,0,False,78,0,2516.53,5,140188,https://tex.stackexchange.com/questions/59517/label-rows-of-a-matrix-by-characters
66118,6510,5741,registered,0,0,0,False,70.0,"macros, tex-core, best-practices, expansion",4,2012-08-07 00:19:13,False,157,0,3,7,0,False,78,0,5203166.8,4,3258,https://tex.stackexchange.com/questions/66118/advantages-and-disadvantages-of-fully-expandable-macros
68080,17450,1619,registered,0,0,0,False,90.0,"beamer, bibliographies",2,2012-08-21 18:42:15,False,55,0,0,3,0,False,78,0,,2,74087,https://tex.stackexchange.com/questions/68080/beamer-bibliography-icon
84748,12795,12796,registered,0,0,0,False,76.0,"formatting, wolfram-mathematica",2,2012-11-29 09:09:00,True,152,1,0,8,0,False,78,0,,4,49408,https://tex.stackexchange.com/questions/84748/fanciest-way-to-include-mathematica-code-in-latex
98134,10408,883,registered,0,0,0,True,,"floats, scaling",2,2013-02-14 00:43:25,False,56,2,0,8,0,True,78,0,89.4,3,306781,https://tex.stackexchange.com/questions/98134/is-it-possible-to-scale-an-entire-beginfigure
158827,45448,743,registered,0,0,0,True,,"macros, tex-core, expansion",3,2014-02-06 02:59:45,False,95,0,0,3,0,True,78,1,,4,8780,https://tex.stackexchange.com/questions/158827/what-is-expansion
173717,50612,1413,unregistered,0,0,0,False,100.0,"math-mode, brackets, delimiters, size",4,2014-04-27 06:25:49,False,43,0,0,9,0,True,78,1,,4,12553,https://tex.stackexchange.com/questions/173717/is-it-ever-bad-to-use-left-and-right
479395,Unknown,0,does_not_exist,0,0,0,True,,"tikz-pgf, fun, tikzducks, picture-mode, tikzlings",5,2019-03-14 03:51:31,True,177,2,5,10,0,True,78,10,426.75,25,12647,https://tex.stackexchange.com/questions/479395/welcoming-2019-pi-day-how-to-draw-the-letter-%cf%80
1378,660,1439,registered,0,0,0,False,100.0,"math-mode, symbols",2,2010-08-09 11:28:05,False,39,0,0,6,0,True,77,1,156.87,4,118614,https://tex.stackexchange.com/questions/1378/how-to-type-three-points-diagonally
2248,375,14229,registered,0,0,0,False,85.0,"fonts, units",2,2010-08-24 14:34:20,False,156,0,0,8,0,True,77,0,122.33,4,65937,https://tex.stackexchange.com/questions/2248/what-package-should-i-use-to-typeset-units
4456,10,13703,registered,0,0,0,False,95.0,"biblatex, bibliographies",2,2010-10-23 18:21:38,False,185,0,0,6,0,True,77,0,,3,197879,https://tex.stackexchange.com/questions/4456/how-do-you-cite-conference-proceedings
16199,951,33274,registered,0,0,0,True,94.0,"conditionals, babel, incompatibility, package-writing, french",5,2011-04-20 00:04:03,False,164,2,0,9,6,False,77,1,6786808.32,2,17297,https://tex.stackexchange.com/questions/16199/test-if-a-package-or-package-option-is-loaded
18144,5184,7043,registered,0,0,0,False,79.0,"errors, miktex, updating",3,2011-05-13 13:28:00,False,742,2,0,8,0,False,77,0,,4,82571,https://tex.stackexchange.com/questions/18144/miktex-2-8-update-error-windows-api-error-87
25742,3588,2433,registered,0,0,0,False,67.0,"cross-referencing, warnings",2,2011-08-15 13:25:07,False,114,1,0,15,0,True,77,0,,1,14140,https://tex.stackexchange.com/questions/25742/how-can-i-get-latex-to-warn-about-unreferenced-figures-and-unused-labels-in-gene
28109,Unknown,0,does_not_exist,0,0,0,True,,"two-column, abstract",2,2011-09-11 14:28:06,False,14,0,0,10,0,True,77,4,10.4,5,130711,https://tex.stackexchange.com/questions/28109/how-can-i-place-a-one-column-abstract-in-a-two-column-document
42734,9241,9174,registered,0,0,0,True,76.0,"programming, semantics",2,2012-01-30 01:06:31,False,50,0,0,9,0,True,77,1,452.2,8,12118,https://tex.stackexchange.com/questions/42734/does-tex-latex-give-a-headstart-with-other-programming-languages
43984,11612,1683,registered,0,0,0,True,,"miktex, windows, editors",3,2012-02-09 20:04:29,False,60,0,0,6,0,False,77,1,4742022.97,5,89890,https://tex.stackexchange.com/questions/43984/using-notepad-with-miktex-on-windows
46480,2634,17576,registered,0,0,0,False,99.0,boxes,1,2012-03-02 11:47:31,False,13,0,0,15,0,True,77,0,8.37,1,22812,https://tex.stackexchange.com/questions/46480/setbox-vs-sbox-and-savebox-what-are-the-differences-i-need-to-know-about
52722,13791,1694,registered,0,0,0,False,50.0,"diagrams, chemfig, chemistry",3,2012-04-20 21:34:46,True,14,0,0,8,0,True,77,0,,2,80849,https://tex.stackexchange.com/questions/52722/can-you-make-chemical-structure-diagrams-in-latex
53073,10827,9571,registered,0,0,0,True,98.0,"two-column, wrap, circles",3,2012-04-24 05:09:43,True,43,0,0,5,0,False,77,0,,2,7543,https://tex.stackexchange.com/questions/53073/two-column-text-with-circular-insert
58042,1782,5403,registered,0,0,0,False,92.0,tex-core,1,2012-05-31 21:05:33,False,21,0,0,9,0,True,77,0,,9,10676,https://tex.stackexchange.com/questions/58042/are-there-any-disadvantages-of-tex-being-turing-complete
84384,15390,2704,registered,0,0,0,False,,"languages, books, tutorials, learning",4,2012-11-27 00:48:42,False,74,0,1,7,0,False,77,0,0.0,3,11659,https://tex.stackexchange.com/questions/84384/latex-introductions-in-languages-other-than-english
86500,243,38305,registered,0,0,0,False,91.0,"graphics, pdf, transparency",3,2012-12-11 10:31:31,False,41,0,0,4,0,False,77,0,5422811.13,2,102866,https://tex.stackexchange.com/questions/86500/includegraphics-set-image-opacity
325695,36371,1331,registered,0,0,0,False,91.0,"line-spacing, quoting",2,2016-08-20 16:30:59,False,38,1,0,4,0,True,77,2,16.77,4,145454,https://tex.stackexchange.com/questions/325695/how-to-style-blockquote
53,76,3803,registered,0,0,0,False,84.0,"tex-core, programming, learning",3,2010-07-26 22:47:58,False,80,0,0,8,0,True,76,0,12032.47,10,14616,https://tex.stackexchange.com/questions/53/what-is-the-best-way-to-learn-tex
565,169,65149,registered,0,0,0,False,93.0,"equations, indentation",2,2010-07-29 14:23:33,False,79,1,0,10,0,True,76,0,,4,52807,https://tex.stackexchange.com/questions/565/how-can-i-get-rid-of-indentation-after-an-equation
3892,501,863,registered,0,0,0,True,,"tikz-pgf, diagrams, xy-pic",3,2010-10-08 07:32:29,False,78,0,1,15,0,True,76,0,7757498.2,7,21675,https://tex.stackexchange.com/questions/3892/how-do-you-draw-the-snake-arrow-for-the-connecting-homomorphism-in-the-snake-l
4461,982,913,registered,0,0,0,False,,"bibtex, cross-referencing, sorting",3,2010-10-23 21:41:45,False,54,0,0,9,0,True,76,0,4493004.05,7,66818,https://tex.stackexchange.com/questions/4461/how-to-sort-bibtex-references-in-reverse-chronological-order
4705,117,14162,registered,0,0,0,False,82.0,"spacing, typography, frenchspacing",3,2010-10-30 13:40:54,False,171,0,1,4,0,False,76,3,,11,45464,https://tex.stackexchange.com/questions/4705/double-space-between-sentences
5957,1639,1441,registered,0,0,0,False,83.0,"bibtex, bibliographies",2,2010-11-25 19:06:05,False,191,1,2,8,0,False,76,0,,1,224096,https://tex.stackexchange.com/questions/5957/bibtex-entry-for-white-papers-and-technical-reports
6143,1940,15343,registered,0,0,0,False,80.0,"conditionals, page-numbering",2,2010-11-29 12:12:06,False,24,1,0,7,0,False,76,0,,6,34273,https://tex.stackexchange.com/questions/6143/if-then-else-for-odd-page-even-page
6282,701,2381,registered,0,0,0,False,86.0,symbols,1,2010-12-01 01:19:16,False,40,0,0,11,0,True,76,0,,2,141604,https://tex.stackexchange.com/questions/6282/how-do-i-make-the-such-that-symbol-from-set-theory
25137,Unknown,0,does_not_exist,0,0,0,True,,"color, backgrounds",2,2011-08-08 03:05:52,False,46,0,0,11,0,True,76,0,,3,77558,https://tex.stackexchange.com/questions/25137/how-to-change-the-background-color-only-for-the-current-page
31548,2552,238515,registered,0,0,0,True,85.0,"tikz-pgf, 3d, tikz-3dplot",3,2011-10-14 12:42:25,True,291,1,0,6,0,False,76,0,568.2,3,29615,https://tex.stackexchange.com/questions/31548/drawing-simple-3d-cylinders-in-tikz
36480,8918,13935,registered,0,0,0,False,88.0,"packages, workflow",2,2011-11-29 10:05:55,False,114,0,0,9,0,False,76,0,,12,5472,https://tex.stackexchange.com/questions/36480/reducing-the-time-it-takes-to-write-a-document
57673,8303,6837,registered,0,0,0,True,100.0,fontsize,1,2012-05-29 00:29:42,False,32,1,0,10,0,True,76,0,3826505.78,5,169012,https://tex.stackexchange.com/questions/57673/how-to-get-an-even-smaller-font-size-than-tiny
88387,4049,1673,registered,0,0,0,False,100.0,"document-classes, multicol",2,2012-12-28 13:36:15,False,45,1,0,7,1,False,76,1,7089669.48,2,191396,https://tex.stackexchange.com/questions/88387/disable-two-column-mode-for-separate-part
89989,24178,863,registered,0,0,0,False,,"graphics, tiff",2,2013-01-09 13:05:57,False,56,1,0,5,0,False,76,0,16.45,3,250197,https://tex.stackexchange.com/questions/89989/add-tif-image-to-latex
119919,32451,1063,unregistered,0,0,0,False,,"spacing, lists, enumerate",3,2013-06-19 10:27:23,False,41,1,0,7,0,False,76,0,,4,186094,https://tex.stackexchange.com/questions/119919/no-spacing-between-enumerated-items-with-usepackageenumerate
122491,14613,1703,registered,0,0,0,True,100.0,"math-mode, amsmath",2,2013-07-04 22:44:18,False,20,2,0,4,0,False,76,0,,2,45561,https://tex.stackexchange.com/questions/122491/difference-of-the-dots
180510,48028,13477,registered,0,0,0,True,80.0,"fonts, symbols",2,2014-05-27 00:29:31,True,1863,6,16,8,15,True,76,5,,2,3330,https://tex.stackexchange.com/questions/180510/how-to-get-intersection-points-of-two-glyphs
208516,14349,863,registered,0,0,0,False,,"line-breaking, typography, knuth",3,2014-10-22 22:34:15,False,82,0,1,12,0,True,76,0,,2,4143,https://tex.stackexchange.com/questions/208516/was-the-knuth-plass-line-breaking-output-ever-subjected-to-a-blind-experiment
266881,87462,761,unregistered,0,0,0,False,,"tikz-pgf, decorations",2,2015-09-10 14:05:32,True,70,1,2,11,0,True,76,4,,4,4736,https://tex.stackexchange.com/questions/266881/how-can-i-add-stippling-to-elements-of-my-tikz-diagrams
100,Unknown,0,does_not_exist,0,0,0,True,,"tools, sourcecode, cleanup",3,2010-07-26 23:05:44,False,75,0,0,5,0,False,75,1,,5,15050,https://tex.stackexchange.com/questions/100/tool-for-cleaning-latex-code
133,93,32669,registered,0,0,0,False,100.0,"tables, page-breaking, longtable",3,2010-07-26 23:30:24,False,53,0,0,14,0,True,75,1,5846728.23,5,87884,https://tex.stackexchange.com/questions/133/how-can-i-make-a-table-that-takes-up-more-than-a-single-page
917,83,92989,registered,0,0,0,False,90.0,diagrams,1,2010-08-03 21:11:05,False,99,0,2,3,0,False,75,2,5998772.55,3,18927,https://tex.stackexchange.com/questions/917/wordle-like-word-clouds
1742,808,851,registered,0,0,0,False,,"math-mode, brackets",2,2010-08-15 12:14:12,False,94,0,0,5,0,False,75,1,5664915.75,9,24494,https://tex.stackexchange.com/questions/1742/automatic-left-and-right-commands
3070,100,21873,registered,0,0,0,False,77.0,"pdf, margins, ebook",3,2010-09-14 17:10:32,False,309,0,0,7,0,False,75,0,,10,12228,https://tex.stackexchange.com/questions/3070/preparing-pdf-files-for-ebook-readers-etc
3936,Unknown,0,does_not_exist,0,0,0,True,,symbols,1,2010-10-09 06:51:43,False,35,0,0,5,0,False,75,1,18.37,8,310125,https://tex.stackexchange.com/questions/3936/logic-operators-in-latex-xor
6135,459,14815,registered,0,0,0,False,97.0,"tikz-pgf, beamer, overlays",3,2010-11-29 09:23:46,False,95,1,0,8,0,False,75,1,8244469.63,3,27760,https://tex.stackexchange.com/questions/6135/how-to-make-beamer-overlays-with-tikz-node
6805,2182,2440,registered,0,0,0,False,88.0,"bibliographies, biblatex, external-files",3,2010-12-09 14:53:47,False,116,0,0,14,0,False,75,1,33.75,8,80347,https://tex.stackexchange.com/questions/6805/bib-library-file-in-a-different-directory-how-to-use-mendeley-centralised-b
12565,3565,853,registered,0,0,0,False,,"xetex, fontspec",2,2011-03-03 17:58:34,False,193,2,1,8,2,False,75,1,2604099.65,2,50858,https://tex.stackexchange.com/questions/12565/load-fonts-that-are-in-a-fonts-directory
17886,5365,2047,registered,0,0,0,False,100.0,"macros, sourcecode",2,2011-05-10 18:26:07,False,55,2,0,12,0,True,75,0,874533.73,5,10592,https://tex.stackexchange.com/questions/17886/how-can-i-see-the-implementation-of-protected-commands-such-as-latex
19766,5922,853,registered,0,0,0,False,,"floats, positioning",2,2011-06-03 11:25:38,False,62,1,1,8,0,True,75,2,32.7,1,291872,https://tex.stackexchange.com/questions/19766/how-to-control-the-position-of-floating-images
22252,6520,851,registered,0,0,0,False,,math-mode,1,2011-07-04 10:48:29,False,29,0,0,5,0,False,75,3,35.75,7,114010,https://tex.stackexchange.com/questions/22252/how-to-typeset-function-restrictions
22314,3555,5237,registered,0,0,0,True,93.0,"tikz-pgf, nodes, labels",3,2011-07-04 19:51:14,False,89,1,0,9,0,False,75,0,,3,33395,https://tex.stackexchange.com/questions/22314/tikz-bend-text-so-that-it-follows-a-line
25810,412,23548,registered,0,0,0,False,77.0,"math-mode, spacing, typography",3,2011-08-16 12:07:47,False,39,0,0,9,0,False,75,0,389.33,4,60649,https://tex.stackexchange.com/questions/25810/when-one-should-use-spacing-line-quad-or
29834,3800,4241,registered,0,0,0,False,97.0,"math-mode, macros, symbols",3,2011-09-29 00:30:04,True,147,1,1,4,5,False,75,0,7236915.57,6,29479,https://tex.stackexchange.com/questions/29834/closed-square-root-symbol
29905,2634,17576,registered,0,0,0,False,99.0,"tex-core, conditionals",2,2011-09-29 15:17:57,False,55,1,0,11,0,True,75,0,2638614.43,9,36291,https://tex.stackexchange.com/questions/29905/how-to-form-if-or-then-conditionals-in-tex
40028,10477,751,unregistered,0,0,0,False,,"math-mode, matrices, framed, highlighting",4,2012-01-04 15:52:30,True,78,1,0,5,0,False,75,0,4187652.95,13,48130,https://tex.stackexchange.com/questions/40028/highlight-elements-in-the-matrix
53978,4068,3227,registered,0,0,0,False,83.0,"numbering, theorems",2,2012-05-01 19:21:16,False,113,1,0,3,0,False,75,0,18.0,5,78131,https://tex.stackexchange.com/questions/53978/custom-theorem-numbering
60079,15669,1421,registered,0,0,0,False,71.0,"spacing, environments, optional-arguments",3,2012-06-16 15:07:56,False,115,1,0,8,1,False,75,0,,3,54487,https://tex.stackexchange.com/questions/60079/creating-a-new-environment-with-one-optional-argument
61051,14810,1171,registered,0,0,0,False,100.0,"beamer, titles, themes",3,2012-06-24 19:41:31,False,48,2,0,6,3,False,75,1,,2,124275,https://tex.stackexchange.com/questions/61051/logo-in-the-first-page-only
69662,17670,4872,registered,0,0,0,False,89.0,"spacing, equations",2,2012-09-01 14:44:11,False,32,0,0,8,0,True,75,0,8.6,2,54844,https://tex.stackexchange.com/questions/69662/how-to-globally-change-the-spacing-around-equations
78167,21063,751,unregistered,0,0,0,False,,"lists, indentation, itemize",3,2012-10-18 16:37:35,False,50,1,0,5,0,False,75,0,,1,332560,https://tex.stackexchange.com/questions/78167/indentation-within-an-itemized-list
79434,10953,1207,registered,0,0,0,False,75.0,"math-mode, math-operators",2,2012-10-28 17:59:05,True,34,1,1,5,0,False,75,2,3140581.27,4,173610,https://tex.stackexchange.com/questions/79434/double-perpendicular-symbol-for-independence
94414,20940,1674,registered,0,0,0,False,86.0,"texmaker, document-configuration",2,2013-01-18 22:27:50,False,201,1,1,15,4,True,75,0,,4,73406,https://tex.stackexchange.com/questions/94414/how-to-best-use-and-compile-multiple-tex-files-as-part-of-same-final-document
110039,9367,855,registered,0,0,0,True,,paper-size,1,2013-04-22 16:25:46,False,30,1,0,7,0,True,75,0,,2,216744,https://tex.stackexchange.com/questions/110039/how-to-use-a4-instead-of-letterpaper
133804,36264,1243,registered,0,0,0,True,,"tables, multirow",2,2013-09-18 00:49:23,True,126,1,0,10,0,False,75,0,,1,61198,https://tex.stackexchange.com/questions/133804/losing-the-vertical-line-on-my-table-when-using-multicolumn
182569,38587,4761,registered,0,0,0,True,93.0,hyphenation,1,2014-06-01 14:05:23,False,48,0,0,9,0,True,75,10,11.3,2,140279,https://tex.stackexchange.com/questions/182569/how-to-manually-set-where-a-word-is-split
208442,Unknown,0,does_not_exist,0,0,0,True,,line-breaking,1,2014-10-16 11:46:43,False,20,0,0,7,0,False,75,4,,3,147767,https://tex.stackexchange.com/questions/208442/how-to-put-two-newlines-in-latex
229289,72360,879,registered,0,0,0,False,,"symbols, arrows",2,2015-02-20 20:22:10,False,54,0,0,4,0,False,75,5,2996427.4,3,255549,https://tex.stackexchange.com/questions/229289/arrow-in-text-mode
346292,65500,1167,registered,0,0,0,False,,"header-footer, footnotes, acm, doi",4,2016-12-29 23:18:01,False,93,2,0,11,0,True,75,2,160.33,1,72970,https://tex.stackexchange.com/questions/346292/how-to-remove-conference-information-from-the-acm-2017-sigconf-template
471532,106804,2867,registered,0,0,0,True,80.0,"macros, packages, best-practices, package-writing, physics",5,2019-01-23 18:37:32,False,339,0,3,5,0,False,75,8,1488003.82,2,15330,https://tex.stackexchange.com/questions/471532/alternatives-to-the-physics-package
640588,202877,821,registered,0,0,0,False,,"symbols, stix, iso",3,2022-04-13 01:55:05,False,138,0,3,5,0,True,75,8,131.95,2,20163,https://tex.stackexchange.com/questions/640588/what-is-%e2%8d%bc-used-for
220,62,4087,registered,0,0,0,False,100.0,"installing, mac",2,2010-07-27 03:05:18,False,48,0,0,14,0,True,74,1,3442402.1,8,196547,https://tex.stackexchange.com/questions/220/i-want-to-start-using-latex-on-mac-os-x-where-do-i-start
2644,3860,7605,registered,0,0,0,False,69.0,"lists, page-breaking",2,2010-09-01 17:50:41,False,39,1,0,10,0,True,74,0,,6,27796,https://tex.stackexchange.com/questions/2644/how-to-prevent-a-page-break-before-an-itemize-list
3336,987,1808,registered,0,0,0,False,100.0,"tex-core, catcodes",2,2010-09-21 04:26:11,False,53,0,0,5,0,True,74,0,,1,11924,https://tex.stackexchange.com/questions/3336/is-it-catcode-or-catcode
6776,2359,201,registered,0,0,0,False,,"tex-core, latex-misc",2,2010-12-09 05:04:31,False,186,0,0,5,0,True,74,1,7695023.13,6,8687,https://tex.stackexchange.com/questions/6776/what-are-tex-and-latex
11897,Unknown,0,does_not_exist,0,0,0,True,,"arrows, text-decorations, cancel, strikeout",4,2011-02-24 01:20:41,False,40,0,0,15,0,False,74,0,,1,31977,https://tex.stackexchange.com/questions/11897/draw-a-diagonal-arrow-across-an-expression-in-a-formula-to-show-that-it-vanishes
20425,215,76886,registered,0,0,0,False,98.0,tikz-pgf,1,2011-06-10 20:54:10,False,146,1,0,3,0,False,74,1,7.67,3,17646,https://tex.stackexchange.com/questions/20425/z-level-in-tikz
22346,5879,1617,registered,0,0,0,False,25.0,"beamer, titles",2,2011-07-05 07:15:32,False,71,0,0,6,0,True,74,0,6382420.9,2,93224,https://tex.stackexchange.com/questions/22346/how-to-customize-titlepage-in-beamer
41608,4011,30293,registered,0,0,0,False,72.0,"tikz-pgf, technical-drawing",2,2012-01-19 18:14:24,True,58,2,0,5,0,False,74,0,4058420.63,7,45327,https://tex.stackexchange.com/questions/41608/draw-mechanical-springs-in-tikz
42401,11171,977,registered,0,0,0,False,,tikz-pgf,1,2012-01-26 22:25:11,True,82,1,0,5,2,True,74,0,,1,35837,https://tex.stackexchange.com/questions/42401/transparent-node-with-opaque-text
42905,11327,843,registered,0,0,0,False,,"lists, enumerate, brackets",3,2012-01-31 13:37:01,False,39,2,0,5,0,False,74,0,6283395.97,5,134434,https://tex.stackexchange.com/questions/42905/enumerated-list-with-square-brackets
43657,2473,3198,registered,0,0,0,False,100.0,"punctuation, siunitx",2,2012-02-07 07:48:02,False,38,0,1,8,0,True,74,1,7.17,1,37900,https://tex.stackexchange.com/questions/43657/can-i-change-the-range-punctuation-in-siunitx
52988,1442,12673,registered,0,0,0,False,62.0,"compiling, automation, logging, terminal-output",4,2012-04-23 15:17:18,False,64,1,0,13,0,False,74,0,34.77,2,5748,https://tex.stackexchange.com/questions/52988/avoid-linebreaks-in-latex-console-log-output-or-increase-columns-in-terminal
54140,14172,823,registered,0,0,0,False,,"sourcecode, wrap",2,2012-05-02 23:44:47,False,109,0,0,18,0,True,74,0,,12,11163,https://tex.stackexchange.com/questions/54140/what-are-the-pros-and-cons-of-using-hard-wrapping-and-why-is-it-so-common-with
66152,16391,2933,registered,0,0,0,False,100.0,"math-mode, theorems",2,2012-08-07 06:49:24,False,96,0,0,9,0,False,74,0,668757.68,8,59985,https://tex.stackexchange.com/questions/66152/pushing-qed-to-the-right-within-a-displayed-formula
79839,9668,5657,registered,0,0,0,False,,"amsmath, arrows",2,2012-10-31 14:30:53,False,37,0,0,7,0,True,74,0,,1,73688,https://tex.stackexchange.com/questions/79839/is-there-a-left-handed-equivalent-of-implies
89821,13190,9441,registered,0,0,0,False,64.0,circles,1,2013-01-08 11:56:04,False,34,0,0,7,0,True,74,1,1543878.53,5,164561,https://tex.stackexchange.com/questions/89821/how-to-draw-a-solid-colored-circle
120821,32129,962,registered,0,0,0,False,75.0,fun,1,2013-06-24 17:33:27,False,94,0,0,6,0,False,74,2,538.98,8,5318,https://tex.stackexchange.com/questions/120821/tex-latex-in-pop-culture
130415,34083,6885,registered,0,0,0,False,60.0,"paragraphs, sections-paragraphs",2,2013-08-28 07:09:59,False,36,0,0,3,0,False,74,0,,1,133725,https://tex.stackexchange.com/questions/130415/par-vs-paragraph
179778,Unknown,0,does_not_exist,0,0,0,True,,"xetex, ubuntu",2,2014-05-22 19:51:47,False,47,0,0,3,0,False,74,1,150.13,1,87670,https://tex.stackexchange.com/questions/179778/xelatex-under-ubuntu
223177,70504,913,unregistered,0,0,0,False,,context,1,2015-01-14 21:08:02,False,223,0,1,11,0,True,74,5,1006894.08,4,24448,https://tex.stackexchange.com/questions/223177/what-is-the-mindset-to-take-when-using-context-vs-latex
394616,117820,611,registered,0,0,0,False,0.0,fonts,1,2017-10-05 02:26:44,True,34,0,0,6,0,False,74,6,621.07,7,13656,https://tex.stackexchange.com/questions/394616/soviet-union-postal-code-style-digits-in-latex
1408,117,14162,registered,0,0,0,False,82.0,"titles, document-classes",2,2010-08-09 20:24:10,True,81,1,0,11,1,True,73,0,,3,202000,https://tex.stackexchange.com/questions/1408/where-to-put-the-institute-information-in-the-article-document-class
5815,1861,4307,registered,0,0,0,False,,"vertical-alignment, two-column, multicol",3,2010-11-23 08:52:41,False,160,1,0,8,0,True,73,1,1449230.0,7,114193,https://tex.stackexchange.com/questions/5815/how-to-balance-last-page-of-two-column-layout
5941,2117,2162,registered,0,0,0,False,20.0,"beamer, horizontal-alignment, lists, indentation, itemize",5,2010-11-25 15:07:48,False,106,3,0,9,0,False,73,0,,2,50969,https://tex.stackexchange.com/questions/5941/changing-left-margin-in-itemize-environment-of-beamer-class
11168,879,1245,registered,0,0,0,False,,"beamer, lists, formatting, enumerate, itemize",5,2011-02-15 23:24:28,True,71,0,1,7,0,False,73,0,,4,133723,https://tex.stackexchange.com/questions/11168/change-bullet-style-formatting-in-beamer
11311,3316,15175,registered,0,0,0,False,93.0,include,1,2011-02-17 17:43:30,False,78,1,0,8,0,True,73,1,,5,142417,https://tex.stackexchange.com/questions/11311/how-to-include-a-document-into-another-document
15314,4754,831,registered,0,0,0,False,,"pdf, forms",2,2011-04-08 16:52:34,False,42,0,0,12,0,True,73,0,5067594.47,13,32485,https://tex.stackexchange.com/questions/15314/how-can-i-superimpose-latex-tex-output-over-a-pdf-file
21356,3984,3597,registered,0,0,0,False,86.0,"beamer, graphics, titles",3,2011-06-22 14:33:39,False,52,0,0,6,0,False,73,0,,2,126684,https://tex.stackexchange.com/questions/21356/adding-custom-image-in-title-slide
21983,6457,833,registered,0,0,0,False,,"page-breaking, paragraphs, e-tex",3,2011-06-30 16:25:48,False,49,0,0,6,0,True,73,0,,3,37858,https://tex.stackexchange.com/questions/21983/how-to-avoid-page-breaks-inside-paragraphs
25116,344,28741,registered,0,0,0,False,92.0,"package-writing, documentclass-writing, ctan",3,2011-08-07 22:19:07,False,157,0,0,10,0,True,73,0,,4,3160,https://tex.stackexchange.com/questions/25116/what-is-good-practice-when-preparing-a-package-for-ctan
27351,2909,1303,registered,0,0,0,False,75.0,"beamer, compiling",2,2011-09-03 19:10:42,False,90,1,0,5,2,False,73,1,5530044.1,8,20843,https://tex.stackexchange.com/questions/27351/speed-up-beamer-compile-time
31276,8524,833,registered,0,0,0,False,,"pgfplots, formatting, punctuation",3,2011-10-12 04:00:18,False,35,0,0,5,0,False,73,0,,2,63755,https://tex.stackexchange.com/questions/31276/number-format-in-pgfplots-axis
40794,10371,927,registered,0,0,0,True,,best-practices,1,2012-01-11 21:32:36,False,67,0,0,8,0,True,73,0,4532757.78,6,136170,https://tex.stackexchange.com/questions/40794/when-should-cdot-be-used-to-indicate-multiplication
54205,4736,32422,registered,0,0,0,True,90.0,"tables, sectioning, emacs, draft, org-mode",5,2012-05-03 12:38:30,False,215,0,3,7,0,True,73,0,,2,19293,https://tex.stackexchange.com/questions/54205/org-mode-export-to-latex-temptation-or-nuisance
57788,3242,3783,registered,0,0,0,False,83.0,"macros, conditionals, latex-base",3,2012-05-29 19:47:55,False,45,1,1,2,0,False,73,0,,3,17451,https://tex.stackexchange.com/questions/57788/understanding-ifnextchar
60477,15765,3101,registered,0,0,0,False,0.0,"spacing, floats",2,2012-06-20 02:09:03,False,55,0,0,7,0,False,73,0,5213253.7,5,214060,https://tex.stackexchange.com/questions/60477/remove-space-after-figure-and-before-text
60601,6382,832,registered,0,0,0,False,,tables,1,2012-06-20 22:30:29,True,127,1,0,4,0,False,73,0,4738427.13,5,118304,https://tex.stackexchange.com/questions/60601/evenly-distributing-column-widths
62296,579,91449,registered,0,0,0,True,50.0,"page-breaking, warnings, primitives",3,2012-07-05 17:03:07,False,263,1,2,12,0,True,73,0,,3,116029,https://tex.stackexchange.com/questions/62296/how-to-suppress-underfull-vbox-badness-10000-while-output-is-active
62725,2707,46056,registered,0,0,0,False,91.0,"xetex, pdftex, luatex",3,2012-07-09 18:06:27,False,306,2,0,6,0,False,73,0,24977.8,1,2954,https://tex.stackexchange.com/questions/62725/the-notation-in-various-engines
75284,19100,13229,registered,0,0,0,False,100.0,math-mode,1,2012-10-04 14:36:45,False,18,0,0,9,0,True,73,1,15.77,4,90361,https://tex.stackexchange.com/questions/75284/how-do-i-write-a-repeating-decimal-in-latex
75764,16635,2414,registered,0,0,0,False,75.0,"formatting, equations, amsmath",3,2012-10-08 03:11:13,False,42,1,0,8,1,True,73,0,,2,540493,https://tex.stackexchange.com/questions/75764/how-do-you-make-numbered-equations-in-latex
86372,17049,16476,registered,0,0,0,False,86.0,"tikz-pgf, typography",2,2012-12-10 16:07:24,True,148,0,3,7,0,False,73,1,,2,6672,https://tex.stackexchange.com/questions/86372/torn-paper-matching-up-the-torn-edges
87155,4012,56727,registered,0,0,0,False,93.0,"xetex, packages, luatex",3,2012-12-15 20:49:07,False,144,0,4,8,0,False,73,0,,1,8733,https://tex.stackexchange.com/questions/87155/frequently-loaded-packages-differences-between-xelatex-and-lualatex
88400,16166,5109,registered,0,0,0,True,85.0,"table-of-contents, hyperref, color",3,2012-12-28 16:12:59,False,50,0,0,8,0,False,73,0,,2,37860,https://tex.stackexchange.com/questions/88400/hyperref-changing-the-linkcolor-locally-in-the-toc
96256,14996,22685,registered,0,0,0,False,83.0,compiling,1,2013-02-01 02:17:12,False,71,0,0,8,0,False,73,0,5620697.02,7,58343,https://tex.stackexchange.com/questions/96256/compiling-only-a-page-range-or-page-selection
101595,16930,4951,registered,0,0,0,False,46.0,"line-breaking, captions",2,2013-03-09 05:19:29,False,39,1,0,11,0,False,73,2,3619383.93,6,138344,https://tex.stackexchange.com/questions/101595/how-to-add-line-break-to-caption-without-using-caption-package
101858,26760,1159,registered,0,0,0,False,100.0,"graphics, vertical-alignment, scaling",3,2013-03-10 23:34:53,True,77,1,0,6,0,False,73,1,3881917.1,5,108237,https://tex.stackexchange.com/questions/101858/make-two-figures-aligned-at-top
146716,38058,2081,registered,0,0,0,False,100.0,"tables, import, csv",3,2013-11-24 16:48:43,False,276,2,0,8,4,False,73,3,14.28,6,245734,https://tex.stackexchange.com/questions/146716/importing-csv-file-into-latex-as-a-table
153506,43721,997,registered,0,0,0,False,,line-breaking,1,2014-01-11 13:29:15,False,116,3,0,7,0,False,73,5,524.2,5,478393,https://tex.stackexchange.com/questions/153506/insert-a-new-line-without-newline-command
251642,36887,3827,registered,0,0,0,False,100.0,tikz-pgf,1,2015-06-23 08:13:35,False,96,2,0,6,2,False,73,0,,1,272897,https://tex.stackexchange.com/questions/251642/draw-arrows-between-nodes-with-tikz
1858,490,5162,registered,0,0,0,False,100.0,"beamer, vertical-alignment, columns",3,2010-08-17 02:07:37,False,184,1,0,7,0,False,72,0,8394521.6,5,91225,https://tex.stackexchange.com/questions/1858/stable-vertical-alignment-of-columns-in-beamer
3327,Unknown,0,does_not_exist,0,0,0,True,,"numbering, memoir, sectioning",3,2010-09-20 23:38:00,False,49,0,0,6,0,False,72,0,,3,30676,https://tex.stackexchange.com/questions/3327/turn-on-subsection-numbering-in-memoir
3535,988,1128,registered,0,0,0,False,100.0,"fonts, math-mode, symbols, bold",4,2010-09-27 21:29:27,False,94,0,1,13,0,True,72,0,,4,98703,https://tex.stackexchange.com/questions/3535/bold-math-automatic-choice-between-mathbf-and-boldsymbol-for-latin-and-greek
7556,2244,3049,registered,0,0,0,False,100.0,tikz-pgf,1,2010-12-22 09:32:24,False,107,0,0,6,0,False,72,0,,1,68339,https://tex.stackexchange.com/questions/7556/shifting-0-0-to-new-coordinate-tikz
9464,3076,1143,registered,0,0,0,False,,"beamer, graphics",2,2011-01-22 16:30:46,False,45,0,0,8,0,False,72,0,4549116.87,2,170732,https://tex.stackexchange.com/questions/9464/beamer-text-and-image-on-the-same-slide
12010,136,10884,registered,0,0,0,False,65.0,tikz-pgf,1,2011-02-25 10:45:04,False,185,2,0,9,2,True,72,0,5917256.08,8,17616,https://tex.stackexchange.com/questions/12010/how-can-i-invert-a-clip-selection-within-tikz
15984,1149,1559,registered,0,0,0,False,50.0,symbols,1,2011-04-17 10:43:07,False,35,0,0,9,0,True,72,1,,1,246566,https://tex.stackexchange.com/questions/15984/what-symbol-should-one-use-for-a-set-complement
18200,5469,3241,registered,0,0,0,False,,"tikz-pgf, nodes",2,2011-05-14 04:23:39,True,144,1,0,11,0,False,72,1,6849450.85,2,39091,https://tex.stackexchange.com/questions/18200/draw-edges-and-paths-in-the-background-of-nodes-in-tikz
26836,5110,21077,registered,0,0,0,False,86.0,"beamer, minipage",2,2011-08-29 12:40:06,False,54,1,0,14,0,True,72,2,,2,237718,https://tex.stackexchange.com/questions/26836/how-to-split-a-frame-of-beamer-into-2-parts-minipage-side-by-side
31705,2155,3172,registered,0,0,0,False,91.0,"margins, titles, geometry",3,2011-10-16 08:00:30,False,77,1,0,5,0,False,72,0,,3,120113,https://tex.stackexchange.com/questions/31705/different-margins-for-title-page
42594,8499,14392,registered,0,0,0,False,74.0,"tools, books, distributions, tex-history",4,2012-01-28 18:19:14,True,269,0,5,5,0,True,72,4,,3,5041,https://tex.stackexchange.com/questions/42594/tex-family-tree-with-timeline
44361,10109,79906,registered,0,0,0,True,100.0,"fonts, hyphenation, typewriter",3,2012-02-13 09:40:23,False,61,0,0,6,0,True,72,0,5485796.13,3,15435,https://tex.stackexchange.com/questions/44361/how-to-automatically-hyphenate-within-texttt
53061,10553,1243,registered,0,0,0,False,,"tables, graphics, lists",3,2012-04-24 02:06:37,True,128,1,0,7,0,False,72,0,21.65,2,353633,https://tex.stackexchange.com/questions/53061/insert-image-and-list-inside-a-table
58152,510,258210,registered,0,0,0,True,98.0,"biblatex, bibtex",2,2012-06-01 18:56:01,True,316,1,4,17,1,True,72,0,,1,33839,https://tex.stackexchange.com/questions/58152/how-to-emulate-the-traditional-bibtex-styles-plain-abbrv-unsrt-alpha-as-clo
79623,16391,2933,registered,0,0,0,False,100.0,pdf,1,2012-10-29 23:57:41,False,56,0,0,7,0,False,72,0,1619654.0,5,59413,https://tex.stackexchange.com/questions/79623/quickly-extracting-individual-pages-from-a-document
101056,1235,39641,registered,0,0,0,False,88.0,"math-mode, punctuation, best-practices, kerning",4,2013-03-05 22:03:01,True,148,1,1,14,0,True,72,0,,2,1533,https://tex.stackexchange.com/questions/101056/is-it-always-best-practice-to-not-include-text-punctuation-in-inline-math-mode
107489,17423,27801,registered,0,0,0,False,86.0,"metapost, metafont",2,2013-04-08 10:39:48,False,124,0,1,11,0,True,72,0,,3,18424,https://tex.stackexchange.com/questions/107489/what-is-metapost-metafont-and-how-can-i-get-started-using-it
118244,10995,112954,registered,0,0,0,False,98.0,"xetex, best-practices, unicode-math, mathspec",4,2013-06-08 15:51:51,False,83,0,0,8,0,True,72,0,,3,32851,https://tex.stackexchange.com/questions/118244/what-is-the-difference-between-unicode-math-and-mathspec
130818,30495,1423,registered,0,0,0,False,80.0,"tables, rules",2,2013-08-30 17:16:02,True,76,1,0,13,0,False,72,0,68.7,2,168986,https://tex.stackexchange.com/questions/130818/how-to-draw-a-double-hline-in-a-table-without-interrupting-vertical-lines
155896,16835,2741,registered,0,0,0,True,71.0,fontsize,1,2014-01-25 17:21:38,False,10,0,0,10,0,True,72,0,,3,62093,https://tex.stackexchange.com/questions/155896/what-is-the-default-font-size-of-a-latex-document
222286,10995,112954,registered,0,0,0,False,98.0,"xetex, pdftex, luatex, tex-core",4,2015-01-08 18:06:28,True,482,4,4,9,0,True,72,1,104.48,3,5042,https://tex.stackexchange.com/questions/222286/what-are-the-incompatibilities-of-pdftex-xetex-and-luatex
231738,61449,2577,registered,0,0,0,False,90.0,graphics,1,2015-03-06 20:39:31,False,130,1,1,4,1,True,72,0,,2,69655,https://tex.stackexchange.com/questions/231738/example-images-in-latex
269841,88649,849,registered,0,0,0,True,,"math-mode, kerning",2,2015-09-28 00:52:56,True,195,1,1,19,0,True,72,3,51.48,7,281127,https://tex.stackexchange.com/questions/269841/1-5e-10-style-scientific-notation-looks-ugly-in-latex-math-mode-how-can-i-forma
279100,75452,859,registered,0,0,0,False,,"unicode, characters, fun",3,2015-11-20 02:38:20,False,91,0,0,5,0,False,72,5,,5,873982,https://tex.stackexchange.com/questions/279100/typeset-the-shrug-%c2%af-%e3%83%84-%c2%af-emoji
291307,96760,1475,registered,0,0,0,True,96.0,table-of-contents,1,2016-02-05 16:41:32,False,29,0,0,10,0,True,72,6,17.68,1,126605,https://tex.stackexchange.com/questions/291307/how-to-hide-show-section-levels-in-the-table-of-contents
337351,117872,1415,registered,0,0,0,True,60.0,"equations, line-breaking",2,2016-11-03 19:24:40,True,95,1,1,10,0,False,72,1,,1,442483,https://tex.stackexchange.com/questions/337351/multiple-lines-one-side-of-equation-with-a-curly-bracket
2839,1133,813,registered,0,0,0,False,,"context, books, tutorials, resources",4,2010-09-07 13:22:00,False,161,0,0,7,0,False,71,4,4295309.47,8,6252,https://tex.stackexchange.com/questions/2839/where-can-i-find-good-context-documentation
9633,2895,885,unregistered,0,0,0,False,,"spacing, cross-referencing, line-breaking, citing",4,2011-01-24 23:00:53,False,26,0,0,10,0,True,71,0,,2,44604,https://tex.stackexchange.com/questions/9633/why-should-i-put-a-before-ref-or-cite
16586,4488,945,registered,0,0,0,False,,symbols,1,2011-04-25 18:40:09,False,36,0,0,6,0,False,71,0,6186084.78,5,175249,https://tex.stackexchange.com/questions/16586/symbol-for-phone-number-in-resume
33703,5566,11738,registered,0,0,0,False,78.0,tikz-pgf,1,2011-11-05 00:50:12,False,109,1,0,10,0,False,71,1,50.03,5,27715,https://tex.stackexchange.com/questions/33703/extract-x-y-coordinate-of-an-arbitrary-point-in-tikz
33841,9104,729,registered,0,0,0,False,,"spacing, table-of-contents",2,2011-11-06 16:00:33,False,28,0,0,18,0,True,71,0,3226239.43,3,32528,https://tex.stackexchange.com/questions/33841/how-to-modify-the-space-between-the-numbers-and-text-of-sectioning-titles-in-the
36955,8918,13935,registered,0,0,0,False,88.0,macros,1,2011-12-03 06:08:33,False,81,0,0,5,0,False,71,0,,3,19228,https://tex.stackexchange.com/questions/36955/display-source-for-a-command
38091,9999,643,registered,0,0,0,False,,"packages, templates, document-classes",3,2011-12-13 01:54:57,False,34,0,1,6,0,False,71,0,4161763.8,5,22895,https://tex.stackexchange.com/questions/38091/document-class-for-a-restaurant-menu
41995,5701,37533,registered,0,0,0,False,98.0,"best-practices, journal-publishing",2,2012-01-23 13:49:24,False,146,0,1,6,0,False,71,1,3416359.17,7,28726,https://tex.stackexchange.com/questions/41995/efficient-ways-to-anonymize-a-document
52729,13794,813,registered,0,0,0,False,,"page-numbering, ieeetran",2,2012-04-20 22:42:45,False,35,0,0,5,0,False,71,0,2902295.67,3,57705,https://tex.stackexchange.com/questions/52729/forcing-page-numbers-with-ieeetran
61033,15903,1087,registered,0,0,0,False,80.0,table-of-contents,1,2012-06-24 16:11:04,False,57,1,0,5,0,False,71,0,,1,91134,https://tex.stackexchange.com/questions/61033/setting-toc-depth-not-working
61303,Unknown,0,does_not_exist,0,0,0,True,,"footnotes, titles",2,2012-06-26 22:32:36,True,72,1,0,9,0,False,71,1,,1,156021,https://tex.stackexchange.com/questions/61303/using-author-and-thanks-for-authors-with-common-affiliations
66820,17492,2129,registered,0,0,0,False,100.0,"boxes, highlighting",2,2012-08-12 05:02:41,True,23,0,0,7,0,True,71,0,3658072.43,7,43846,https://tex.stackexchange.com/questions/66820/how-to-create-highlight-boxes-in-latex
86650,13009,853,registered,0,0,0,False,,"beamer, captions, footnotes",3,2012-12-12 06:01:22,False,62,1,0,14,0,True,71,0,5416344.93,4,178391,https://tex.stackexchange.com/questions/86650/how-to-display-the-footnote-in-the-bottom-of-the-slide-while-using-columns
88740,23686,5741,registered,0,0,0,False,100.0,"compiling, shell-escape",2,2012-12-31 12:36:21,False,39,0,0,4,0,True,71,0,,1,37566,https://tex.stackexchange.com/questions/88740/what-does-shell-escape-do
193555,59688,749,registered,0,0,0,False,100.0,"tikz-pgf, graphics",2,2014-07-28 11:56:05,False,52,1,0,6,0,False,71,0,,4,19839,https://tex.stackexchange.com/questions/193555/crop-jpeg-into-circular-tikz-node
301882,1871,14872,registered,0,0,0,False,83.0,"packages, fun, ctan",3,2016-04-01 06:35:50,True,59,0,2,4,0,True,71,16,,4,5746,https://tex.stackexchange.com/questions/301882/what-is-ctan-org-now
1418,45,1577,registered,0,0,0,False,75.0,"typography, line-spacing, grid-typesetting",3,2010-08-09 22:44:09,False,87,0,3,4,0,False,70,2,,4,15496,https://tex.stackexchange.com/questions/1418/grid-system-in-latex
4790,169,65149,registered,0,0,0,False,93.0,"macros, documentation, latex-base",3,2010-11-01 17:47:36,False,59,0,3,6,0,True,70,0,,2,7620,https://tex.stackexchange.com/questions/4790/documentation-reference-for-latex-internal-commands
19587,4434,8303,registered,0,0,0,False,97.0,"packages, amsmath, warnings",3,2011-06-01 09:48:53,False,63,2,0,10,0,True,70,1,55.6,1,42456,https://tex.stackexchange.com/questions/19587/why-does-amsmath-print-a-warning-about-a-foreign-command
22371,4990,3689,registered,0,0,0,False,89.0,"math-mode, symbols, relation-symbols",3,2011-07-05 15:28:38,True,182,3,0,9,4,False,70,0,17.92,7,17302,https://tex.stackexchange.com/questions/22371/subseteq-circ-as-a-single-symbol-open-subset
26338,3316,15175,registered,0,0,0,False,93.0,"bibtex, characters, german",3,2011-08-23 16:13:51,False,42,1,0,9,0,False,70,0,,1,168321,https://tex.stackexchange.com/questions/26338/how-to-code-%c3%9f-german-sharp-s-in-bibtex
27843,7728,937,registered,0,0,0,False,75.0,"fonts, bold",2,2011-09-08 12:34:43,False,59,0,0,4,0,True,70,2,3637803.55,6,122100,https://tex.stackexchange.com/questions/27843/level-of-boldness-changeable
30483,8406,1066,registered,0,0,0,True,100.0,"macros, conditionals",2,2011-10-04 22:41:09,False,124,2,0,15,0,True,70,2,109.45,6,33200,https://tex.stackexchange.com/questions/30483/how-can-i-check-in-latex-or-plain-tex-whether-a-command-exists-by-name
36443,9656,925,registered,0,0,0,False,,"formatting, lists, itemize, nesting",4,2011-11-29 01:26:07,False,82,3,0,8,0,True,70,0,,2,201382,https://tex.stackexchange.com/questions/36443/how-to-change-the-nested-itemize-bullet-characters
39285,4012,56727,registered,0,0,0,False,93.0,"punctuation, editors, automation, quoting, csquotes",5,2011-12-25 12:22:36,False,116,0,1,13,0,True,70,0,,2,68481,https://tex.stackexchange.com/questions/39285/whats-the-advantage-of-using-csquotes-over-using-an-editors-auto-replacement-f
50637,9757,30704,registered,0,0,0,False,99.0,"formatting, text-decorations",2,2012-04-03 23:14:18,False,40,0,0,2,0,False,70,0,,1,35912,https://tex.stackexchange.com/questions/50637/closer-underline
53300,2090,6619,registered,0,0,0,False,67.0,hyperref,1,2012-04-25 18:19:32,False,147,0,3,8,0,True,70,1,,4,60612,https://tex.stackexchange.com/questions/53300/how-to-disable-links-completely-using-hyperref-package
53962,1183,20745,registered,0,0,0,False,91.0,"typography, urls, typewriter",3,2012-05-01 17:22:35,False,108,0,0,9,0,True,70,1,3897075.17,6,34753,https://tex.stackexchange.com/questions/53962/why-are-urls-typeset-with-monospace-fonts-by-default
57441,4423,1197,registered,0,0,0,False,100.0,"beamer, pdf",2,2012-05-26 17:37:29,False,50,0,0,10,0,True,70,0,,3,69700,https://tex.stackexchange.com/questions/57441/how-to-include-existing-pdf-slides-into-my-beamer-presentation
58702,10898,31282,registered,0,0,0,False,68.0,tikz-pgf,1,2012-06-06 01:54:41,True,123,1,2,4,0,False,70,0,3046497.45,11,12562,https://tex.stackexchange.com/questions/58702/creating-gears-in-tikz
78842,21298,803,registered,0,0,0,False,,"lists, numbering, enumerate, nesting",4,2012-10-24 00:26:16,False,73,3,0,3,0,False,70,0,,1,127296,https://tex.stackexchange.com/questions/78842/nested-enumeration-numbering
83888,19042,2566,registered,0,0,0,False,92.0,"tikz-pgf, pgfplots, plot, csv, csvsimple",5,2012-11-23 03:41:01,False,80,3,0,12,1,True,70,0,3151871.83,5,132352,https://tex.stackexchange.com/questions/83888/how-to-plot-data-from-a-csv-file-using-tikz-and-csvsimple
89447,24023,801,registered,0,0,0,False,,math-operators,1,2013-01-04 04:27:32,False,100,2,0,4,0,False,70,0,,1,580536,https://tex.stackexchange.com/questions/89447/latex-adjusting-sum-limits
111790,30004,803,registered,0,0,0,False,,"bibtex, citing, natbib",3,2013-05-01 19:43:20,True,84,2,0,5,0,False,70,2,,2,78650,https://tex.stackexchange.com/questions/111790/natbib-in-text-citation-displays-author
114321,21930,27818,registered,0,0,0,True,87.0,"arrows, vector, kpfonts",3,2013-05-15 02:10:25,True,131,1,0,5,0,False,70,0,234904.62,4,164349,https://tex.stackexchange.com/questions/114321/extensible-vec-instead-of-overrightarrow
123211,20929,6533,registered,0,0,0,False,89.0,"math-mode, symbols, lyx, hyphenation",4,2013-07-09 09:58:01,False,76,0,0,7,0,False,70,1,4637633.57,6,106992,https://tex.stackexchange.com/questions/123211/a-short-hyphen-in-a-math-formula
127375,3670,3201,registered,0,0,0,True,93.0,"tikz-pgf, pgfplots, diagrams",3,2013-08-08 23:05:50,True,288,2,1,10,0,False,70,0,3264614.7,4,16552,https://tex.stackexchange.com/questions/127375/replicate-the-fourier-transform-time-frequency-domains-correspondence-illustrati
132646,35449,2433,registered,0,0,0,True,,"bibtex, bibliographies",2,2013-09-10 21:16:19,False,78,1,2,6,0,False,70,0,3209284.92,5,136235,https://tex.stackexchange.com/questions/132646/how-to-remove-the-references-title
153490,39366,2097,registered,0,0,0,False,89.0,"math-mode, amsmath",2,2014-01-11 11:41:34,False,58,0,0,9,0,False,70,0,,1,130799,https://tex.stackexchange.com/questions/153490/atop-vs-substack-for-multiple-lines-under-a-sum
154096,13450,20238,registered,0,0,0,False,95.0,"graphics, pdf",2,2014-01-14 22:18:22,False,268,0,0,11,0,True,70,0,,3,8448,https://tex.stackexchange.com/questions/154096/is-the-filename-of-an-image-preserved-in-the-final-pdf
199211,42912,9374,registered,0,0,0,False,100.0,"indexing, xindy",2,2014-09-03 05:47:00,False,59,0,0,5,0,False,70,0,5050.33,1,9319,https://tex.stackexchange.com/questions/199211/differences-between-xindy-and-makeindex
339191,118759,803,registered,0,0,0,False,,symbols,1,2016-11-15 01:09:49,False,50,1,0,12,1,True,70,5,14.43,1,991384,https://tex.stackexchange.com/questions/339191/is-it-possible-to-write-the-symbol-in-text-in-latex
361547,101651,76078,registered,0,0,0,True,99.0,fun,1,2017-04-01 08:26:30,True,338,1,5,5,0,True,70,9,3317.48,14,8091,https://tex.stackexchange.com/questions/361547/how-to-draw-a-fish
476,93,32669,registered,0,0,0,False,100.0,"macros, spacing",2,2010-07-28 17:29:14,False,18,0,0,12,0,True,69,0,15.97,1,32658,https://tex.stackexchange.com/questions/476/what-if-anything-is-the-advantage-of-bigskip-and-friends-over-vspace
1687,759,2986,registered,0,0,0,True,67.0,"hyperref, citing, biblatex",3,2010-08-14 00:23:08,False,96,1,0,5,0,False,69,1,,3,25668,https://tex.stackexchange.com/questions/1687/hyperlink-name-with-biblatex-authoryear
2541,737,4640,registered,0,0,0,False,100.0,"beamer, numbering, page-numbering, appendices",4,2010-08-30 21:45:54,False,243,1,0,5,1,False,69,4,364472.58,7,63458,https://tex.stackexchange.com/questions/2541/beamer-frame-numbering-in-appendix
4420,1259,311,registered,0,0,0,False,,"learning, tutorials",2,2010-10-22 17:29:42,False,80,0,0,6,0,True,69,0,,10,31863,https://tex.stackexchange.com/questions/4420/best-way-to-start-using-latex-tex
5396,677,1553,registered,0,0,0,False,100.0,"pdftex, xetex, animations, gif",4,2010-11-15 12:11:13,False,51,0,0,10,0,True,69,0,,2,72338,https://tex.stackexchange.com/questions/5396/is-there-any-way-to-include-an-animated-gif-directly
6104,1877,1933,registered,0,0,0,False,71.0,"numbering, formatting",2,2010-11-28 19:59:03,False,32,0,0,10,0,True,69,0,1175803.62,6,55772,https://tex.stackexchange.com/questions/6104/how-to-display-numbers-using-comma-as-a-thousands-separator
11622,3732,2822,registered,0,0,0,True,100.0,"beamer, spacing, paragraphs",3,2011-02-21 13:13:09,False,109,1,0,6,0,False,69,1,293.28,5,138103,https://tex.stackexchange.com/questions/11622/add-space-between-paragraphs-in-beamer
15994,3628,5467,registered,0,0,0,False,29.0,"tikz-pgf, context",2,2011-04-17 13:07:28,False,54,1,0,5,0,True,69,0,24.98,1,42044,https://tex.stackexchange.com/questions/15994/setting-unit-length-in-tikz
33120,1308,3710,registered,0,0,0,False,73.0,"math-mode, typography, italic",3,2011-10-30 16:30:39,False,74,0,0,7,0,True,69,4,35.45,6,22532,https://tex.stackexchange.com/questions/33120/should-subscripts-in-math-mode-be-upright
34301,9192,831,registered,0,0,0,False,,"packages, formatting, typography",3,2011-11-10 05:25:50,False,180,0,0,11,0,True,69,0,,7,12909,https://tex.stackexchange.com/questions/34301/how-to-add-some-visual-style-and-pizzazz-to-course-notes
36297,9608,853,registered,0,0,0,False,,"tikz-pgf, pgfplots, margins, scaling",4,2011-11-27 13:58:10,False,303,1,1,8,1,True,69,0,,4,50713,https://tex.stackexchange.com/questions/36297/pgfplots-how-can-i-scale-to-text-width
37452,14599,1005,registered,0,0,0,False,,"floats, cross-referencing",2,2011-12-07 16:40:28,False,79,4,1,4,1,False,69,0,,1,126964,https://tex.stackexchange.com/questions/37452/referencing-figures-doesnt-work
39225,8918,13935,registered,0,0,0,False,88.0,math-mode,1,2011-12-24 05:24:59,False,21,0,0,5,0,False,69,0,,3,132788,https://tex.stackexchange.com/questions/39225/differences-between-stackrel-and-stackbin
42329,8918,13935,registered,0,0,0,False,88.0,"margins, book-design, overlays",3,2012-01-26 07:22:46,False,62,0,2,4,0,False,69,0,3.32,3,37213,https://tex.stackexchange.com/questions/42329/displaying-page-construction-guides
58067,13262,5177,registered,0,0,0,False,68.0,"math-mode, best-practices",2,2012-06-01 01:34:13,False,154,0,2,12,0,True,69,0,4342.1,8,129347,https://tex.stackexchange.com/questions/58067/how-to-best-typeset-special-constants-complex-unit-i-eulers-number-e
58628,14212,3888,registered,0,0,0,False,57.0,"macros, optional-arguments",2,2012-06-05 14:02:32,False,82,0,1,4,0,True,69,0,,1,79388,https://tex.stackexchange.com/questions/58628/optional-argument-for-newcommand
60491,2595,17759,registered,0,0,0,False,63.0,debugging,1,2012-06-20 04:40:37,False,110,1,1,4,0,True,69,0,6139691.5,2,15596,https://tex.stackexchange.com/questions/60491/latex-tracing-commands-list
66562,13190,9441,registered,0,0,0,False,64.0,page-numbering,1,2012-08-10 05:08:25,False,72,0,2,9,0,True,69,0,,1,180901,https://tex.stackexchange.com/questions/66562/how-to-set-page-counter-by-skipping-first-page
82155,19287,13647,registered,0,0,0,True,94.0,"math-mode, symbols, typography",3,2012-11-10 13:37:51,False,119,3,0,9,1,True,69,1,,2,249169,https://tex.stackexchange.com/questions/82155/star-vs-ast-in-formulas-which-one-to-use
98203,24985,3485,registered,0,0,0,False,88.0,"conditionals, external-files",2,2013-02-14 15:08:47,False,31,1,0,7,0,True,69,3,3803920.63,2,26313,https://tex.stackexchange.com/questions/98203/can-i-test-if-a-file-exists
124049,9955,2577,registered,0,0,0,False,75.0,"packages, package-options",2,2013-07-15 11:23:15,False,45,0,0,6,0,False,69,0,,2,23329,https://tex.stackexchange.com/questions/124049/applying-options-to-already-loaded-package
141166,29639,13608,registered,0,0,0,True,100.0,tex-core,1,2013-10-28 21:18:55,False,281,2,0,7,0,False,69,1,,5,4244,https://tex.stackexchange.com/questions/141166/let-foo-bar-vs-let-foo-bar-let-with-equals-sign
208219,8283,1989,registered,0,0,0,True,79.0,"texmaker, texstudio, editors",3,2014-10-21 12:42:48,False,150,0,3,9,0,True,69,0,491728.42,6,164822,https://tex.stackexchange.com/questions/208219/what-are-the-main-differences-between-texmaker-and-texstudio
235313,28377,1626,registered,0,0,0,False,95.0,"texworks, spelling",2,2015-03-27 03:14:45,False,35,0,0,7,0,False,69,0,2626234.55,4,104258,https://tex.stackexchange.com/questions/235313/how-to-add-spell-checker-to-texworks
254785,Unknown,0,does_not_exist,0,0,0,True,,"math-mode, math-operators",2,2015-07-11 06:03:25,False,87,0,0,6,0,False,69,4,,1,413261,https://tex.stackexchange.com/questions/254785/e-vs-exp-in-display-mode
390683,124577,34369,registered,0,0,0,True,98.0,"templates, best-practices",2,2017-09-10 10:51:56,False,96,0,1,7,0,True,69,2,1581.37,8,8255,https://tex.stackexchange.com/questions/390683/why-should-you-avoid-using-complex-templates
441977,166730,2647,registered,0,0,0,True,,tikz-pgf,1,2018-07-17 08:00:43,True,252,1,2,3,0,True,69,3,251.2,2,5027,https://tex.stackexchange.com/questions/441977/voltameter-in-tex
203,93,32669,registered,0,0,0,False,100.0,"footnotes, verbatim, errors",3,2010-07-27 01:41:01,False,59,2,0,8,0,True,68,1,16.02,6,23499,https://tex.stackexchange.com/questions/203/how-to-obtain-verbatim-text-in-a-footnote
468,169,65149,registered,0,0,0,False,93.0,"packages, logic",2,2010-07-28 15:34:16,True,43,0,0,11,0,True,68,0,20.37,9,35180,https://tex.stackexchange.com/questions/468/what-is-the-best-package-out-there-to-typeset-proof-trees
741,142,3297,registered,0,0,0,False,100.0,"page-numbering, roman-numerals, front-matter",3,2010-07-31 23:30:07,False,48,0,0,11,0,True,68,0,,3,89277,https://tex.stackexchange.com/questions/741/how-to-have-roman-numerals-at-the-beginning-of-the-document
2416,177,7381,registered,0,0,0,True,88.0,"package-writing, tutorials, documentclass-writing",3,2010-08-27 14:47:21,False,137,0,1,10,0,False,68,2,380.82,4,14859,https://tex.stackexchange.com/questions/2416/reference-guide-to-begin-writing-a-class-and-or-a-package
5148,1660,3589,registered,0,0,0,False,100.0,"math-mode, equations, fontsize",3,2010-11-09 18:58:24,False,114,0,0,10,0,True,68,0,68.35,4,129489,https://tex.stackexchange.com/questions/5148/how-can-i-change-the-font-size-in-math-equations
14620,1871,14872,registered,0,0,0,False,83.0,"graphics, hyperref, pdf, links, pax",5,2011-03-31 03:52:25,False,96,0,0,7,0,True,68,1,4715962.32,6,25540,https://tex.stackexchange.com/questions/14620/how-to-preserve-hyperlinks-in-included-pdf
20962,1488,5871,registered,0,0,0,False,85.0,"spacing, siunitx, units",3,2011-06-17 06:58:19,False,45,0,0,11,0,True,68,0,16.15,4,97519,https://tex.stackexchange.com/questions/20962/should-i-put-a-space-between-a-number-and-its-unit
21909,3984,3597,registered,0,0,0,False,86.0,"packages, document-classes",2,2011-06-29 17:22:53,False,24,0,0,7,0,True,68,0,2269521.28,3,16650,https://tex.stackexchange.com/questions/21909/classes-and-packages-whats-the-difference
26318,6200,1969,registered,0,0,0,False,100.0,"bibliographies, urls, ieeetran",3,2011-08-23 12:17:34,False,121,2,1,4,0,False,68,0,3233196.75,15,91801,https://tex.stackexchange.com/questions/26318/disabling-urls-in-bibliography
30757,8067,1647,registered,0,0,0,False,73.0,"chapters, naming",2,2011-10-07 02:08:02,False,24,1,0,7,0,False,68,0,4250443.27,4,102870,https://tex.stackexchange.com/questions/30757/change-the-word-chapter-to-something-else
32127,1308,3710,registered,0,0,0,False,73.0,"tikz-pgf, xetex, preview",3,2011-10-20 12:16:41,False,107,0,2,3,0,False,68,0,,3,59015,https://tex.stackexchange.com/questions/32127/standalone-tikz-pictures
32701,2224,1755,registered,0,0,0,False,100.0,"equations, positioning, amsmath, align",4,2011-10-25 22:56:03,False,64,3,0,7,0,False,68,1,,4,176658,https://tex.stackexchange.com/questions/32701/side-by-side-equations-with-equation-numbers-for-each
48400,11984,7873,registered,0,0,0,False,98.0,"biblatex, hyperref, urls, doi",4,2012-03-17 22:10:59,False,171,1,1,9,1,False,68,0,,3,13316,https://tex.stackexchange.com/questions/48400/biblatex-make-title-hyperlink-to-dois-url-or-isbn
49890,12130,1457,registered,0,0,0,False,,"math-mode, equations, delimiters",3,2012-03-29 06:59:13,False,82,1,0,5,0,False,68,1,,2,84479,https://tex.stackexchange.com/questions/49890/linebreak-between-left-and-right
53235,13192,8616,registered,0,0,0,False,83.0,"bibtex, compiling",2,2012-04-25 11:47:13,False,67,1,1,11,0,True,68,1,,1,17809,https://tex.stackexchange.com/questions/53235/why-does-latex-bibtex-need-three-passes-to-clear-up-all-warnings
62020,16207,805,unregistered,0,0,0,False,,"theorems, amsthm, naming",3,2012-07-03 05:46:09,False,50,2,0,10,0,True,68,0,,1,49064,https://tex.stackexchange.com/questions/62020/how-to-change-the-word-proof-in-the-proof-environment
69997,18246,1289,registered,0,0,0,False,100.0,matrices,1,2012-09-01 02:58:16,False,62,2,0,8,0,True,68,1,3990876.42,5,648301,https://tex.stackexchange.com/questions/69997/how-to-write-an-m%e2%a8%89n-matrix-in-latex
79493,16227,9259,registered,0,0,0,False,88.0,"compiling, automation, latexmk, preamble, format-files",5,2012-10-29 02:34:15,False,150,3,1,4,3,False,68,1,32273.1,3,17922,https://tex.stackexchange.com/questions/79493/ultrafast-pdflatex-with-precompiling
96340,18833,1629,registered,0,0,0,False,90.0,"tikz-pgf, nodes, labels",3,2013-02-01 17:05:35,False,83,2,0,12,1,False,68,0,,3,97760,https://tex.stackexchange.com/questions/96340/how-to-place-a-textnode-at-the-center-of-a-drawn-rectangle
98406,1235,39641,registered,0,0,0,False,88.0,"math-mode, best-practices, subscripts",3,2013-02-15 22:44:42,False,232,0,13,11,0,True,68,0,37.55,2,12688,https://tex.stackexchange.com/questions/98406/which-command-should-i-use-for-textual-subscripts-in-math-mode
99316,8732,1950,registered,0,0,0,False,,"hyperref, symbols",2,2013-02-21 22:13:52,False,106,0,0,4,0,False,68,2,31492.85,7,59384,https://tex.stackexchange.com/questions/99316/symbol-for-external-links
102596,21963,12019,registered,0,0,0,False,88.0,"listings, minted",2,2013-03-15 11:25:10,False,76,0,4,5,0,False,68,0,,2,12383,https://tex.stackexchange.com/questions/102596/minted-vs-texments-vs-verbments
121841,6870,3855,registered,0,0,0,False,90.0,"tabu, obsolete",2,2013-06-30 17:20:21,False,101,0,1,5,0,True,68,1,51.32,2,29360,https://tex.stackexchange.com/questions/121841/is-the-tabu-package-obsolete
219138,69419,981,registered,0,0,0,False,83.0,"captions, longtable",2,2014-12-22 22:13:52,False,92,1,0,9,0,True,68,1,,3,96696,https://tex.stackexchange.com/questions/219138/how-to-have-a-caption-on-top-of-longtable
241983,84461,2139,registered,0,0,0,False,71.0,indentation,1,2015-05-03 22:11:51,True,38,0,0,5,0,False,68,0,,3,120785,https://tex.stackexchange.com/questions/241983/remove-indent-when-using-enumerate
244082,28581,1409,registered,0,0,0,False,80.0,tex-history,1,2015-05-10 09:07:23,False,57,0,0,5,0,True,68,6,,6,10938,https://tex.stackexchange.com/questions/244082/typesetting-before-tex-and-computers
245635,38475,2401,registered,0,0,0,False,97.0,"tex-core, e-tex",2,2015-05-19 04:02:15,False,78,0,0,7,0,False,68,3,,1,45317,https://tex.stackexchange.com/questions/245635/formal-syntax-rules-of-dimexpr-numexpr-glueexpr
257418,47328,792,registered,0,0,0,False,,"errors, pandoc",2,2015-07-28 11:29:36,False,69,1,0,9,0,False,68,4,,3,35778,https://tex.stackexchange.com/questions/257418/error-tightlist-converting-md-file-into-pdf-using-pandoc
343163,62633,1544,registered,0,0,0,False,89.0,bibliographies,1,2016-12-09 08:39:46,False,356,3,0,7,0,False,68,2,10.48,1,74757,https://tex.stackexchange.com/questions/343163/error-in-bib-entry-too-many-commas
274,93,32669,registered,0,0,0,False,100.0,"footnotes, minipage",2,2010-07-27 07:58:52,False,89,1,0,13,0,True,67,0,6520532.23,2,27267,https://tex.stackexchange.com/questions/274/can-i-get-a-normal-footnote-in-a-minipage-environment-in-latex-how
558,86,161292,registered,0,0,0,True,79.0,"tex-core, debugging, lengths",3,2010-07-29 12:43:04,False,55,0,0,6,0,True,67,0,,2,13724,https://tex.stackexchange.com/questions/558/is-there-a-show-for-lengths
1351,564,8541,registered,0,0,0,False,96.0,"packages, koma-script, document-classes, big-list",4,2010-08-08 18:28:37,False,132,0,2,5,0,True,67,0,,3,27804,https://tex.stackexchange.com/questions/1351/most-useful-additions-in-koma-script
2681,Unknown,0,does_not_exist,0,0,0,True,,"symbols, punctuation, csquotes",3,2010-09-02 20:52:19,False,45,1,0,4,6,False,67,0,269550.9,6,107395,https://tex.stackexchange.com/questions/2681/guillemets-in-latex
3490,1235,39641,registered,0,0,0,False,88.0,"fonts, spacing, italic, italic-correction",4,2010-09-26 17:16:35,True,392,0,0,8,0,False,67,1,115.28,3,9659,https://tex.stackexchange.com/questions/3490/bad-spacing-of-math-letters-within-italic-text
3851,745,929,registered,0,0,0,False,,"tables, calculations",2,2010-10-07 09:35:49,False,159,1,0,10,0,True,67,0,6142832.45,6,39071,https://tex.stackexchange.com/questions/3851/how-can-i-automatically-calculate-sums-in-a-latex-table
3852,1399,773,registered,0,0,0,False,,templates,1,2010-10-07 09:42:26,False,144,0,0,10,0,True,67,0,,2,129117,https://tex.stackexchange.com/questions/3852/latex-template-for-a-technical-reference-manual-user-guide
8851,375,14229,registered,0,0,0,False,85.0,"beamer, listings, highlighting",3,2011-01-13 02:23:52,False,130,0,1,9,0,True,67,0,251.65,7,49322,https://tex.stackexchange.com/questions/8851/how-can-i-highlight-some-lines-from-source-code
10919,215,76886,registered,0,0,0,False,98.0,"tex-core, auxiliary-files, tutorials",3,2011-02-12 18:04:41,False,279,1,0,12,1,True,67,0,,2,9952,https://tex.stackexchange.com/questions/10919/what-is-the-basic-mechanism-for-writing-something-to-an-aux-file
12171,3762,5633,registered,0,0,0,False,90.0,"formatting, best-practices, sourcecode, latex-misc",4,2011-02-27 04:31:46,False,132,0,2,8,0,True,67,1,,2,13316,https://tex.stackexchange.com/questions/12171/styleguide-for-latex-similar-to-the-google-styleguides
13622,4270,1179,registered,0,0,0,False,80.0,cross-referencing,1,2011-03-16 15:28:27,False,25,2,0,4,0,False,67,0,20.6,9,259946,https://tex.stackexchange.com/questions/13622/chapter-ref-with-latex
13933,2233,1779,registered,0,0,0,False,,"tikz-pgf, diagrams, engineering",3,2011-03-20 15:53:21,True,65,0,1,5,0,False,67,0,,5,43248,https://tex.stackexchange.com/questions/13933/drawing-mechanical-systems-in-latex
18152,4668,1013,registered,0,0,0,False,100.0,"spacing, pgfplots, legend",3,2011-05-13 16:08:36,False,38,0,0,12,0,True,67,0,,1,27610,https://tex.stackexchange.com/questions/18152/how-can-i-adjust-the-horizontal-spacing-between-legend-entries-in-pgfplots
23075,1997,8763,registered,0,0,0,False,100.0,"graphics, packages",2,2011-07-14 22:52:44,False,19,1,0,4,0,False,67,0,5116676.47,4,40345,https://tex.stackexchange.com/questions/23075/packages-graphics-vs-graphicx
24561,951,33274,registered,0,0,0,True,94.0,"spacing, two-column, multicol",3,2011-07-31 18:30:08,False,23,0,0,10,0,False,67,1,6.38,3,67830,https://tex.stackexchange.com/questions/24561/setting-the-column-gap-in-a-twocolumn-or-multicol-document
26002,7025,2526,registered,0,0,0,False,100.0,"formatting, fontsize, boxes, minipage, automation",5,2011-08-18 02:01:57,True,588,2,2,9,0,False,67,0,6005661.18,9,26268,https://tex.stackexchange.com/questions/26002/fit-text-into-given-box-by-adjusting-the-fontsize
29227,8009,1054,registered,0,0,0,False,,"graphics, xetex, pdf, color",4,2011-09-23 00:51:47,False,91,0,1,9,0,True,67,0,,4,90830,https://tex.stackexchange.com/questions/29227/can-includegraphics-be-used-to-change-an-image-color
30122,5184,7043,registered,0,0,0,False,79.0,"sectioning, table-of-contents, starred-version",3,2011-10-01 08:22:07,False,53,1,0,12,0,False,67,0,4275939.63,4,132106,https://tex.stackexchange.com/questions/30122/generate-table-of-contents-when-section-sections-without-numbering-has-been
43464,10825,1259,registered,0,0,0,False,83.0,"equations, align",2,2012-02-05 07:48:14,True,99,1,0,4,0,False,67,0,,1,70489,https://tex.stackexchange.com/questions/43464/multiple-alignment-in-equations
45612,7128,8269,registered,0,0,0,False,65.0,"beamer, overlays",2,2012-02-24 12:50:51,False,51,0,1,7,0,False,67,0,,1,113030,https://tex.stackexchange.com/questions/45612/which-only-or-onslide-beamer
45709,4585,6595,registered,0,0,0,False,62.0,"positioning, two-column, quoting, wrap",4,2012-02-25 03:47:01,True,96,0,1,6,0,True,67,0,,5,7647,https://tex.stackexchange.com/questions/45709/how-do-you-create-pull-quotes
52503,3874,9988,registered,0,0,0,False,90.0,"symbols, addresses",2,2012-04-19 06:00:36,True,47,1,0,6,0,False,67,1,,2,54996,https://tex.stackexchange.com/questions/52503/sign-in-international-phone-numbers
56448,2595,17759,registered,0,0,0,False,63.0,"spacing, debugging",2,2012-05-19 02:51:29,True,924,1,4,11,18,True,67,0,913.42,4,5517,https://tex.stackexchange.com/questions/56448/why-does-vspace-after-section-heading-sometimes-jump-snap-in-discrete-steps
59101,14042,866,registered,0,0,0,False,,"lists, wrapfigure",2,2012-06-08 21:34:12,False,140,0,1,14,0,True,67,6,,5,21977,https://tex.stackexchange.com/questions/59101/will-it-ever-be-possible-to-use-wrapfig-with-an-enumerate-or-itemize-environment
61805,5325,3226,registered,0,0,0,False,95.0,"tikz-pgf, nodes, foreach, node-connections",4,2012-07-01 11:22:04,True,188,1,0,8,9,False,67,0,5676933.57,4,97652,https://tex.stackexchange.com/questions/61805/tikz-using-loop-to-draw-grid-of-nodes
66052,16865,8570,registered,0,0,0,False,93.0,"pdftex, typography, microtype",3,2012-08-06 15:19:03,False,69,0,0,6,0,True,67,0,,2,31262,https://tex.stackexchange.com/questions/66052/should-i-load-microtype-with-pdflatex
69439,5366,7359,registered,0,0,0,False,68.0,tikz-pgf,1,2012-08-30 15:45:03,False,106,2,1,8,0,False,67,0,94284.08,1,121123,https://tex.stackexchange.com/questions/69439/how-can-i-achieve-relative-positioning-in-tikz
74529,13623,1318,registered,0,0,0,False,60.0,"sectioning, numbering",2,2012-09-28 18:56:14,False,50,0,0,7,0,False,67,0,,1,140144,https://tex.stackexchange.com/questions/74529/sections-indexed-with-numbers-subsections-with-letters
74805,18466,805,registered,0,0,0,False,,"beamer, color",2,2012-10-01 02:01:34,False,100,2,0,7,0,False,67,2,4630611.15,3,50946,https://tex.stackexchange.com/questions/74805/latex-error-option-clash-for-package-xcolor
79141,19100,13229,registered,0,0,0,False,100.0,math-mode,1,2012-10-26 10:05:17,True,89,0,0,12,0,True,67,0,184.47,8,249723,https://tex.stackexchange.com/questions/79141/is-there-a-designated-symbol-for-the-negative-sign-in-say-16
83509,21930,27818,registered,0,0,0,True,87.0,"math-mode, horizontal-alignment",2,2012-11-20 15:06:16,False,224,2,0,4,0,False,67,0,32.48,5,63018,https://tex.stackexchange.com/questions/83509/hfill-in-math-mode
87010,12974,1985,registered,0,0,0,False,88.0,include,1,2012-12-14 13:17:09,False,112,3,0,15,0,False,67,0,,1,39045,https://tex.stackexchange.com/questions/87010/correct-way-to-use-include-and-includeonly-when-writing-a-large-document-like-a
107252,Unknown,0,does_not_exist,0,0,0,True,,"symbols, equations",2,2013-04-06 20:33:20,False,32,0,0,3,0,False,67,1,1809.07,4,136009,https://tex.stackexchange.com/questions/107252/double-square-brackets
118164,14996,22685,registered,0,0,0,False,83.0,boxes,1,2013-06-08 00:43:21,False,45,0,2,5,0,False,67,0,,1,76402,https://tex.stackexchange.com/questions/118164/differentiating-between-hbox-and-mbox
150503,42914,781,registered,0,0,0,True,,"lyx, tools, open-office",3,2013-12-18 10:04:12,False,46,0,1,7,0,True,67,1,6370576.53,2,106965,https://tex.stackexchange.com/questions/150503/how-to-insert-latex-formulas-in-libreoffice
187938,3627,1195,registered,0,0,0,False,29.0,"equations, amsmath",2,2014-07-04 07:13:52,False,396,0,4,7,0,True,67,6,4520682.43,3,23736,https://tex.stackexchange.com/questions/187938/whats-the-difference-between-split-and-aligned
299969,95770,1089,registered,0,0,0,False,,"texlive, titlesec",2,2016-03-20 14:20:32,True,93,1,2,10,3,False,67,3,,2,21605,https://tex.stackexchange.com/questions/299969/titlesec-loss-of-section-numbering-with-the-new-update-2016-03-15
336768,39222,266158,registered,0,0,0,True,64.0,"tikz-pgf, pstricks, metapost, fun, big-list",5,2016-10-31 04:52:54,True,554,1,4,7,0,False,67,7,,11,7872,https://tex.stackexchange.com/questions/336768/seasonal-challenge-contributions-from-texing-dead-welcome
69667,1744,15055,registered,0,0,0,False,72.0,"sectioning, page-breaking",2,2009-02-04 21:43:09,False,73,1,0,14,0,True,66,1,59.2,9,34666,https://tex.stackexchange.com/questions/69667/how-can-one-keep-a-section-from-being-at-the-end-of-a-page
576,137,13037,registered,0,0,0,False,100.0,"pdf, publishing, archiving, pdf-a",4,2010-07-29 18:10:03,False,38,0,1,6,0,True,66,2,74761.38,6,25071,https://tex.stackexchange.com/questions/576/how-to-generate-pdf-a-and-pdf-x
867,230,1336,registered,0,0,0,False,,"listings, packages, highlighting, minted, syntax",5,2010-08-03 10:38:58,False,38,0,0,4,0,False,66,1,8221507.58,7,25379,https://tex.stackexchange.com/questions/867/syntax-coloring-in-latex
3174,45,1577,registered,0,0,0,False,75.0,"macros, expansion",2,2010-09-17 00:31:29,False,91,0,0,3,0,False,66,0,,7,18849,https://tex.stackexchange.com/questions/3174/latex-macro-expander
4889,931,1127,registered,0,0,0,False,100.0,input,1,2010-11-03 23:07:15,False,74,1,0,6,0,False,66,1,,4,21643,https://tex.stackexchange.com/questions/4889/input-only-part-of-a-file
5170,1560,1125,registered,0,0,0,False,,"math-mode, symbols",2,2010-11-10 02:35:20,False,68,0,0,3,0,False,66,2,,1,192221,https://tex.stackexchange.com/questions/5170/mapsto-vs-rightarrow
12963,963,122413,registered,0,0,0,False,93.0,"math-mode, brackets",2,2011-03-08 18:03:13,True,67,1,0,7,0,False,66,0,,5,38428,https://tex.stackexchange.com/questions/12963/how-to-have-overlapping-under-braces-and-over-braces
13463,4197,1313,registered,0,0,0,False,,"symbols, lists, itemize",3,2011-03-15 01:57:25,False,48,0,0,6,0,False,66,0,5228115.83,6,244701,https://tex.stackexchange.com/questions/13463/specifying-bullet-type-when-using-itemize
18472,5566,11738,registered,0,0,0,False,78.0,tikz-pgf,1,2011-05-17 21:56:05,False,59,0,0,4,0,True,66,0,,3,18212,https://tex.stackexchange.com/questions/18472/tikz-halo-around-text
22773,6626,4442,registered,0,0,0,True,92.0,math-mode,1,2011-07-11 16:59:28,False,24,1,0,5,0,False,66,0,10.05,3,279430,https://tex.stackexchange.com/questions/22773/making-a-big-summation-sign
26299,215,76886,registered,0,0,0,False,98.0,beamer,1,2011-08-22 20:32:38,False,152,0,0,6,0,True,66,0,,1,9976,https://tex.stackexchange.com/questions/26299/how-does-beamer-build-the-frame
36351,8918,13935,registered,0,0,0,False,88.0,"pdf, comparison",2,2011-11-28 03:47:05,False,97,0,0,6,0,False,66,0,4713715.15,9,16928,https://tex.stackexchange.com/questions/36351/comparing-the-output-of-two-pdfs
40977,10748,927,registered,0,0,0,False,57.0,"tex-core, boxes, lengths, strut",4,2012-01-13 15:44:47,False,65,0,0,7,0,False,66,0,317.77,5,12057,https://tex.stackexchange.com/questions/40977/confused-with-tex-terminology-height-depth-width
44528,10646,2563,registered,0,0,0,False,92.0,symbols,1,2012-02-14 15:00:51,True,81,0,0,10,0,False,66,0,,11,108779,https://tex.stackexchange.com/questions/44528/how-to-make-the-correct-hash-symbol-in-c-sharp-c
63390,16630,945,registered,0,0,0,False,,"spacing, sectioning, chapters, titlesec",4,2012-07-15 17:01:34,False,150,2,0,7,0,True,66,0,4200681.32,2,123512,https://tex.stackexchange.com/questions/63390/how-to-decrease-spacing-before-chapter-title
70824,18521,661,unregistered,0,0,0,False,,"memoir, templates",2,2012-09-09 18:22:15,False,51,0,0,5,0,False,66,0,,4,82188,https://tex.stackexchange.com/questions/70824/painless-memoir-class-book-template
78278,17812,799,registered,0,0,0,False,,"margins, geometry, afterpage",3,2012-10-19 10:08:46,False,343,3,0,10,8,True,66,8,6069821.18,2,95508,https://tex.stackexchange.com/questions/78278/how-to-set-page-geometry-for-a-single-page-only
84469,16923,2783,registered,0,0,0,False,95.0,"math-mode, pdftex, unicode, degrees",4,2012-11-27 13:45:21,False,304,3,0,12,0,False,66,1,,6,188609,https://tex.stackexchange.com/questions/84469/unicode-degree-symbol-in-math-formulas-textdegree-invalid-in-math-mode
116709,31458,785,registered,0,0,0,False,,"macros, tex-core, context, latex-misc",4,2013-05-29 17:55:34,False,172,0,0,14,0,True,66,0,,2,2337,https://tex.stackexchange.com/questions/116709/if-latex-is-only-a-macro-package-why-does-it-have-its-own-executable
136900,15673,1042,registered,0,0,0,False,20.0,"graphics, covers",2,2013-10-08 06:12:15,False,25,0,0,5,0,False,66,1,,6,126101,https://tex.stackexchange.com/questions/136900/insert-a-full-page-image
147504,36272,993,registered,0,0,0,True,0.0,landscape,1,2013-11-29 08:50:12,False,118,1,0,8,2,True,66,0,3639368.93,2,160792,https://tex.stackexchange.com/questions/147504/how-to-make-a-latex-document-in-landscape
165508,47954,663,unregistered,0,0,0,False,,subfloats,1,2014-03-14 14:55:11,True,66,0,0,11,0,True,66,0,3965018.93,5,155388,https://tex.stackexchange.com/questions/165508/remove-a-b-from-subfigure-numbering-but-keep-the-subfigure-caption
196653,60125,705,registered,0,0,0,True,,"floats, subfloats, plot",3,2014-08-16 19:10:33,False,101,1,0,16,0,True,66,0,54.72,4,267427,https://tex.stackexchange.com/questions/196653/how-do-i-stack-two-figures-on-top-of-each-other-rather-than-side-to-side
208426,64899,1061,registered,0,0,0,False,80.0,"math-mode, fontsize, typography",3,2014-10-22 06:57:06,False,117,0,0,9,0,True,66,8,585.02,5,7598,https://tex.stackexchange.com/questions/208426/how-do-i-display-pi-in-latex-like-don
250472,80192,763,registered,0,0,0,True,,"pdf, texniccenter, adobe",3,2015-06-16 03:37:06,True,45,0,0,5,0,False,66,5,43838.58,6,128367,https://tex.stackexchange.com/questions/250472/texniccenter-adobe-reader-dc
494059,7880,18393,registered,0,0,0,False,90.0,big-list,1,2019-06-04 00:51:22,False,61,0,0,11,0,True,66,6,6.9,16,6668,https://tex.stackexchange.com/questions/494059/what-ways-have-you-found-to-get-edits-from-non-latex-users
518695,51153,1626,registered,0,0,0,False,100.0,"tex-core, plain-tex, comparison",3,2019-11-30 18:50:24,False,22,0,0,6,0,True,66,4,493.23,4,10538,https://tex.stackexchange.com/questions/518695/when-is-tex-better-than-latex
55,77,8013,registered,0,0,0,False,100.0,"fonts, computer-modern, illustrator",3,2010-07-26 22:48:39,False,70,0,0,15,0,True,65,0,5879207.63,8,134363,https://tex.stackexchange.com/questions/55/where-can-i-find-computer-modern-fonts-for-use-in-other-programs-e-g-adobe-ill
77,84,4389,registered,0,0,0,False,100.0,"packages, preamble",2,2010-07-26 22:56:13,False,74,0,0,9,0,False,65,0,13.07,5,18544,https://tex.stackexchange.com/questions/77/how-to-make-a-standard-preamble-into-a-package
165,121,753,registered,0,0,0,False,,"graphics, diagrams, printing",3,2010-07-27 00:04:59,False,60,0,0,14,0,True,65,0,152.58,4,30402,https://tex.stackexchange.com/questions/165/how-do-i-insert-an-image-in-latex-so-it-looks-good-on-print
4693,512,19051,registered,0,0,0,True,98.0,"templates, business-cards",2,2010-10-29 19:49:33,False,10,0,0,10,0,True,65,0,,5,26226,https://tex.stackexchange.com/questions/4693/is-there-a-good-document-template-for-making-business-cards
4756,142,3297,registered,0,0,0,False,100.0,"math-mode, symbols",2,2010-10-31 22:15:44,True,94,0,0,5,0,True,65,1,,9,134026,https://tex.stackexchange.com/questions/4756/typesetting-of-negative-versus-minus
5248,1357,1184,registered,0,0,0,True,50.0,"bibtex, citing",2,2010-11-12 03:18:41,False,213,0,0,11,0,True,65,0,4727890.57,4,11918,https://tex.stackexchange.com/questions/5248/can-a-bibtex-entry-be-given-more-than-one-reference-name
9323,411,43653,registered,0,0,0,False,71.0,"knuth, fun",2,2011-01-20 08:33:18,False,117,0,0,6,0,True,65,0,5178807.88,4,6795,https://tex.stackexchange.com/questions/9323/are-there-any-latex-easter-eggs
12467,3921,833,registered,0,0,0,False,,tables,1,2011-03-02 16:18:12,False,32,0,0,8,0,False,65,0,,3,48090,https://tex.stackexchange.com/questions/12467/tabular-make-a-column-or-a-row-emphasized
13874,4323,363,registered,0,0,0,False,,"book-design, typography, books",3,2011-03-19 15:49:44,False,45,0,0,9,0,True,65,0,18.75,5,10549,https://tex.stackexchange.com/questions/13874/are-there-any-good-general-typesetting-books-references
14679,2628,2227,unregistered,0,0,0,False,89.0,"spacing, amsmath, align",3,2011-03-31 17:43:24,False,60,1,0,5,0,False,65,0,,1,92331,https://tex.stackexchange.com/questions/14679/amsmath-align-environment-row-spacing
16207,Unknown,0,does_not_exist,0,0,0,True,,"floats, positioning",2,2011-04-20 04:38:08,False,81,1,0,8,0,True,65,1,5792612.78,3,368944,https://tex.stackexchange.com/questions/16207/image-from-includegraphics-showing-up-in-wrong-location
23432,Unknown,0,does_not_exist,0,0,0,True,,"math-mode, math-operators",2,2011-07-18 17:01:35,False,37,0,0,9,0,True,65,1,,5,21867,https://tex.stackexchange.com/questions/23432/how-to-create-my-own-math-operator-with-limits
24035,4009,12888,registered,0,0,0,False,92.0,"fonts, math-mode, sans-serif",3,2011-07-25 12:36:14,True,102,1,0,8,0,True,65,3,6600036.8,8,97320,https://tex.stackexchange.com/questions/24035/typeset-mathematical-symbols-also-in-sans-serif-font
34155,9131,935,registered,0,0,0,False,,"cross-referencing, listings, capitalization",3,2011-11-08 21:33:14,False,41,5,0,14,0,False,65,0,35.38,7,51645,https://tex.stackexchange.com/questions/34155/autoref-does-not-capitalize-initial-character-in-sentence-when-referencing-labe
37154,298,11956,registered,0,0,0,False,98.0,"latexmk, rubber",2,2011-12-05 09:53:16,False,29,0,1,8,0,True,65,0,,3,6916,https://tex.stackexchange.com/questions/37154/what-are-the-differences-between-latexmk-and-rubber
40558,10529,1655,unregistered,0,0,0,False,78.0,"header-footer, page-numbering, titles",3,2012-01-09 22:01:05,False,28,1,0,6,0,False,65,0,,3,78806,https://tex.stackexchange.com/questions/40558/suppress-page-numbers-in-article-documentclass
44065,11045,3563,registered,0,0,0,False,75.0,"positioning, boxes",2,2012-02-10 07:12:05,True,370,1,1,11,0,True,65,0,,5,5907,https://tex.stackexchange.com/questions/44065/is-there-no-easier-way-to-float-objects-and-set-margins
49140,4598,1691,registered,0,0,0,False,100.0,biblatex,1,2012-03-23 18:13:16,False,35,0,0,6,0,False,65,0,,1,17811,https://tex.stackexchange.com/questions/49140/get-full-name-twice-in-bibliography
61039,8306,11638,registered,0,0,0,False,85.0,pgfplots,1,2012-06-24 17:01:25,False,362,1,0,11,0,False,65,0,,2,35613,https://tex.stackexchange.com/questions/61039/how-to-keep-a-11-scale-with-x-and-y-axis
67248,16071,2899,registered,0,0,0,False,75.0,"biblatex, tools, wysiwyg",3,2012-08-15 14:41:48,False,174,0,0,8,0,True,65,1,,1,3390,https://tex.stackexchange.com/questions/67248/is-there-a-wysiwyg-editor-for-biblatex-styles
79058,21353,755,registered,0,0,0,False,,"input, paths",2,2012-10-25 16:36:25,False,55,0,1,12,0,True,65,0,3715044.35,2,20727,https://tex.stackexchange.com/questions/79058/can-a-default-path-be-set-globally-for-input-akin-to-graphicspath
79185,9293,875,registered,0,0,0,False,,"floats, errors, debugging",3,2012-10-26 18:29:38,False,102,0,0,12,0,False,65,4,,8,67575,https://tex.stackexchange.com/questions/79185/how-to-find-the-lost-text-part-when-having-floats-lost-error
88895,13241,8405,registered,0,0,0,True,86.0,"sectioning, memoir, chapters",3,2013-01-02 01:01:41,True,112,1,0,5,9,False,65,1,9958.45,4,10509,https://tex.stackexchange.com/questions/88895/bringhurst-chapter-style-in-memoir
99123,19153,969,registered,0,0,0,False,,"conversion, journal-publishing",2,2013-02-20 19:56:14,False,154,0,3,5,0,True,65,0,,1,12752,https://tex.stackexchange.com/questions/99123/what-software-do-publishers-use
103286,18829,1769,registered,0,0,0,False,75.0,"sectioning, fontsize, titlesec",3,2013-03-19 18:48:15,False,57,1,0,6,0,True,65,2,,1,359478,https://tex.stackexchange.com/questions/103286/how-to-change-section-subsection-font-size
118602,32058,759,registered,0,0,0,False,,"graphics, wrap",2,2013-06-11 09:38:25,False,21,0,0,7,0,False,65,1,129172.78,2,209226,https://tex.stackexchange.com/questions/118602/how-to-text-wrap-an-image-in-latex
139463,24167,3327,registered,0,0,0,False,72.0,"macros, cross-referencing, highlighting, soul",4,2013-10-18 20:44:30,False,103,1,0,12,0,True,65,1,5470304.37,3,112842,https://tex.stackexchange.com/questions/139463/how-to-make-hl-highlighting-to-automatically-place-incompatible-commands-in
378548,91109,929,registered,0,0,0,False,80.0,"vertical-alignment, minipage",2,2017-07-06 22:27:47,True,86,2,2,5,0,False,65,2,4041966.68,3,60057,https://tex.stackexchange.com/questions/378548/vertical-alignment-of-side-by-side-minipages
28258,10860,741,registered,0,0,0,True,,"tikz-pgf, captions",2,2010-02-09 07:31:07,False,181,1,1,9,0,True,64,0,,3,142060,https://tex.stackexchange.com/questions/28258/what-is-the-correct-way-to-caption-a-tikzpicture
275,154,947,registered,0,0,0,False,75.0,"margins, two-column",2,2010-07-27 08:13:18,False,77,1,1,8,0,True,64,0,,2,42198,https://tex.stackexchange.com/questions/275/how-to-find-the-textwidth-in-two-column-mode
397,137,13037,registered,0,0,0,False,100.0,"expl3, latex-project",2,2010-07-27 19:03:05,False,32,0,0,20,0,True,64,0,,1,6456,https://tex.stackexchange.com/questions/397/what-new-bits-have-already-been-implemented-in-latex3-will-my-current-documents
3506,1293,553,registered,0,0,0,False,,"graphics, pdf, context, metapost",4,2010-09-27 00:24:04,False,192,0,0,7,0,True,64,0,,9,20245,https://tex.stackexchange.com/questions/3506/is-anybody-using-tex-for-business-reporting
8641,2404,2476,registered,0,0,0,False,96.0,"tikz-pgf, tikz-external",2,2011-01-10 17:37:30,False,49,0,0,5,0,False,64,0,,1,57021,https://tex.stackexchange.com/questions/8641/export-eps-figures-from-tikz
10255,3316,15175,registered,0,0,0,False,93.0,"listings, xml",2,2011-02-04 17:00:13,False,58,1,0,3,0,False,64,0,,5,91002,https://tex.stackexchange.com/questions/10255/xml-syntax-highlighting
11702,3205,743,registered,0,0,0,False,,"math-mode, math-operators",2,2011-02-22 11:48:01,False,50,1,1,6,0,False,64,0,,6,59041,https://tex.stackexchange.com/questions/11702/how-to-present-a-vertical-multiplication-addition
12001,396,19732,registered,0,0,0,False,90.0,"sectioning, environments",2,2011-02-25 07:40:48,False,237,1,0,12,0,True,64,0,,4,81047,https://tex.stackexchange.com/questions/12001/is-it-a-bad-idea-to-use-beginsection-endsection-in-latex
15361,3935,6247,registered,0,0,0,True,80.0,"fonts, macros, formatting, obsolete",4,2011-04-09 06:31:45,False,202,0,1,15,0,True,64,3,562.25,6,20372,https://tex.stackexchange.com/questions/15361/will-two-letter-font-style-commands-bf-it-ever-be-resurrected-in-latex
16010,963,122413,registered,0,0,0,False,93.0,line-numbering,1,2011-04-17 19:38:02,False,37,0,0,5,0,False,64,0,13.73,2,127176,https://tex.stackexchange.com/questions/16010/number-every-line-of-pages
19922,2099,50663,registered,0,0,0,False,93.0,"macros, comments",2,2011-06-05 08:34:10,False,120,3,0,14,8,True,64,0,,3,3029,https://tex.stackexchange.com/questions/19922/where-are-the-necessary-places-to-be-appended-with-to-remove-unwanted-spaces
21243,3321,743,registered,0,0,0,False,,"tables, numbering",2,2011-06-21 14:46:11,False,48,2,0,4,1,False,64,1,5.42,6,39722,https://tex.stackexchange.com/questions/21243/automatic-table-row-numbers
25928,7293,1023,registered,0,0,0,False,,"tikz-pgf, pstricks, asymptote, metapost",4,2011-08-17 14:01:30,False,52,1,0,14,0,False,64,0,115.3,9,21055,https://tex.stackexchange.com/questions/25928/how-to-draw-tangent-line-of-an-arbitrary-point-on-a-path-in-tikz
28730,298,11956,registered,0,0,0,False,98.0,"luatex, latexmk",2,2011-09-17 14:39:08,False,67,0,0,6,0,True,64,0,6192425.82,5,24348,https://tex.stackexchange.com/questions/28730/is-there-latexmk-functionality-for-luatex
30674,1371,10725,registered,0,0,0,False,94.0,"cross-referencing, compiling",2,2011-10-06 14:27:13,False,122,0,0,6,0,True,64,1,561624.87,6,4611,https://tex.stackexchange.com/questions/30674/document-requiring-infinitely-many-compiler-passes
33468,7978,11941,registered,0,0,0,False,92.0,"errors, big-list, tutorials",3,2011-11-02 17:53:00,False,91,0,0,5,0,False,64,1,27.28,6,14826,https://tex.stackexchange.com/questions/33468/documents-with-typical-latex-errors
37094,8850,1145,registered,0,0,0,False,75.0,macros,1,2011-12-04 19:49:26,False,81,2,0,18,0,True,64,1,,8,61067,https://tex.stackexchange.com/questions/37094/what-is-the-recommended-way-to-assign-a-value-to-a-variable-and-retrieve-it-for
43555,Unknown,0,does_not_exist,0,0,0,True,,"beamer, hyperref, conditionals",3,2012-02-06 06:06:53,False,190,0,0,5,0,False,64,0,4475104.43,3,64252,https://tex.stackexchange.com/questions/43555/conditionally-hidden-slides-in-beamer
49502,9092,6230,registered,0,0,0,False,,"xetex, small-caps, ligatures, oldstylenums, copy-paste",5,2012-03-26 14:25:05,False,698,7,1,13,0,True,64,3,,1,6238,https://tex.stackexchange.com/questions/49502/small-caps-old-style-numbers-and-some-ligatures-produce-odd-symbols-in-pdf-cop
50070,13115,743,registered,0,0,0,False,,"floats, landscape",2,2012-03-30 13:35:41,False,177,1,1,4,0,False,64,0,3729917.43,3,222808,https://tex.stackexchange.com/questions/50070/landscape-figure-in-latex
56951,15,3135,registered,0,0,0,True,100.0,bibliographies,1,2012-05-22 22:43:07,False,118,3,0,10,0,True,64,0,,1,90012,https://tex.stackexchange.com/questions/56951/what-does-warning-entry-type-for-isnt-style-file-defined-mean
76015,18144,863,registered,0,0,0,False,,"horizontal-alignment, moderncv, letters",3,2012-10-09 19:33:01,True,84,1,0,6,1,False,64,0,4141620.6,6,53136,https://tex.stackexchange.com/questions/76015/justify-text-in-moderncv-cover-letter
85200,21792,3179,registered,0,0,0,False,71.0,input,1,2012-12-02 15:07:10,True,61,1,0,6,0,False,64,2,,3,133786,https://tex.stackexchange.com/questions/85200/include-data-from-a-txt-verbatim
86504,23104,793,registered,0,0,0,False,,"math-mode, lyx, best-practices",3,2012-12-11 12:33:40,False,164,1,0,7,0,False,64,1,406.4,8,14861,https://tex.stackexchange.com/questions/86504/writing-readable-latex-code-for-math-formulas
87520,23321,769,registered,0,0,0,False,,"xetex, installing, android",3,2012-12-18 17:27:03,False,40,0,1,7,0,True,64,0,,7,43148,https://tex.stackexchange.com/questions/87520/how-to-install-tex-on-android-phones
88991,11002,52979,registered,0,0,0,True,86.0,"fonts, tex-core, lengths, font-metrics",4,2013-01-02 21:58:45,False,15,0,0,5,0,False,64,0,,1,10129,https://tex.stackexchange.com/questions/88991/what-do-different-fontdimennum-mean
95162,18511,3553,registered,0,0,0,True,55.0,"matrices, columns",2,2013-01-24 13:14:41,False,53,1,0,10,0,False,64,0,5029982.18,2,50509,https://tex.stackexchange.com/questions/95162/how-to-create-a-matrix-with-20-columns-in-latex
98388,6324,10632,registered,0,0,0,False,92.0,"tables, color, rotating",3,2013-02-15 19:56:49,True,296,1,1,10,5,False,64,1,4259109.5,4,62292,https://tex.stackexchange.com/questions/98388/how-to-make-table-with-rotated-table-headers-in-latex
98595,26063,857,registered,0,0,0,False,,"citing, ieeetran",2,2013-02-16 21:38:36,False,112,6,0,4,0,False,64,0,,2,265797,https://tex.stackexchange.com/questions/98595/multiple-references-in-latex
119513,6993,3352,registered,0,0,0,False,89.0,"cross-referencing, appendices, cleveref",3,2013-06-17 14:00:15,False,88,1,1,8,0,False,64,0,11994.13,3,17835,https://tex.stackexchange.com/questions/119513/cleveref-and-appendix-packages-appendix-referenced-as-section
119602,8306,11638,registered,0,0,0,False,85.0,"tikz-pgf, pstricks",2,2013-06-17 21:13:39,True,101,1,0,8,0,True,64,1,,6,8392,https://tex.stackexchange.com/questions/119602/how-to-create-a-sierpinski-triangle-in-latex
119719,31004,821,registered,0,0,0,False,,"table-of-contents, tufte",2,2013-06-18 13:53:28,False,39,0,0,8,0,False,64,0,,1,117135,https://tex.stackexchange.com/questions/119719/add-an-item-in-the-table-of-contents
122314,27081,19107,registered,0,0,0,False,93.0,"floats, subfloats",2,2013-07-03 21:42:35,False,136,2,1,10,0,False,64,0,97.42,2,218578,https://tex.stackexchange.com/questions/122314/figures-what-is-the-difference-between-using-subfig-or-subfigure
155518,37492,835,registered,0,0,0,True,,"pdfcomment, fancytooltips, tooltips",3,2014-01-23 07:30:33,False,72,0,0,7,0,False,64,5,62209.08,2,29025,https://tex.stackexchange.com/questions/155518/tooltip-that-works-with-all-pdf-readers
156753,13877,2251,registered,0,0,0,False,94.0,"macros, best-practices, sourcecode",3,2014-01-31 00:06:27,False,143,0,0,6,0,True,64,10,,4,7502,https://tex.stackexchange.com/questions/156753/defining-custom-commands-is-bad-style
174257,50117,1281,registered,0,0,0,False,100.0,"beamer, block",2,2014-04-29 18:06:01,True,53,1,0,3,0,False,64,0,2877590.55,3,379950,https://tex.stackexchange.com/questions/174257/blocks-in-beamer
174806,5645,19669,registered,0,0,0,False,87.0,"tikz-pgf, fun",2,2014-05-02 12:45:22,True,203,1,2,10,9,True,64,4,,5,7241,https://tex.stackexchange.com/questions/174806/how-can-i-create-a-template-for-2048-game-situations
187281,21309,1929,registered,0,0,0,True,94.0,"math-mode, equations, amsmath",3,2014-06-30 13:31:41,False,82,0,0,5,0,False,64,3,,4,76167,https://tex.stackexchange.com/questions/187281/big-forward-slash-in-math
199789,Unknown,0,does_not_exist,0,0,0,True,,math-mode,1,2014-09-06 09:58:22,False,35,0,0,8,0,True,64,3,,3,105531,https://tex.stackexchange.com/questions/199789/which-bold-style-is-recommended-for-matrix-notation
239461,16097,4865,registered,0,0,0,False,83.0,color,1,2015-04-19 18:48:30,False,35,1,0,4,0,False,64,2,,1,161342,https://tex.stackexchange.com/questions/239461/color-rgb-in-latex
255234,39222,266158,registered,0,0,0,True,64.0,tikz-pgf,1,2015-07-14 04:01:54,True,285,2,1,12,0,True,64,13,92.07,6,56950,https://tex.stackexchange.com/questions/255234/how-does-one-pick-control-points-to-control-b%c3%a9zier-curves-in-tikz
258617,83164,775,registered,0,0,0,True,,pdftex,1,2015-08-04 15:44:38,False,94,2,0,9,0,False,64,6,,1,162577,https://tex.stackexchange.com/questions/258617/undefined-control-sequence-at-beginning-of-any-simple-document
331716,91036,775,registered,0,0,0,False,,"tables, line-breaking, multirow",3,2016-09-28 12:11:39,True,98,1,2,4,0,False,64,1,,3,65536,https://tex.stackexchange.com/questions/331716/newline-in-multirow-environment
480768,125871,52774,registered,0,0,0,False,,"math-mode, symbols, math-operators",3,2019-03-21 22:27:48,True,145,0,4,10,0,True,64,3,0.0,4,3967,https://tex.stackexchange.com/questions/480768/how-do-you-make-your-own-symbol-when-detexify-fails
1460,512,19051,registered,0,0,0,True,98.0,"tikz-pgf, automation",2,2010-08-10 09:23:04,False,15,0,1,6,0,False,63,0,188.78,5,30947,https://tex.stackexchange.com/questions/1460/script-to-automate-externalizing-tikz-graphics
1979,83,92989,registered,0,0,0,False,90.0,keyboard,1,2010-08-18 21:50:23,False,122,0,0,6,0,False,63,1,5598662.57,15,20797,https://tex.stackexchange.com/questions/1979/good-keyboard-layouts-for-typing-latex
2433,375,14229,registered,0,0,0,False,85.0,"macros, conditionals",2,2010-08-27 21:05:23,False,85,1,0,9,3,True,63,0,,4,27667,https://tex.stackexchange.com/questions/2433/how-to-conditionally-define-a-new-command-in-latex
10670,3182,5131,registered,0,0,0,False,100.0,punctuation,1,2011-02-09 14:19:39,False,60,0,1,4,0,True,63,0,,3,271141,https://tex.stackexchange.com/questions/10670/quotes-in-latex
15728,4738,811,registered,0,0,0,False,,"hyperref, cross-referencing",2,2011-04-13 15:12:34,False,124,1,0,4,0,False,63,0,,1,31257,https://tex.stackexchange.com/questions/15728/multiple-references-with-autoref
16447,510,258210,registered,0,0,0,True,98.0,"beamer, lists, vertical-alignment, columns",4,2011-04-23 14:00:45,False,217,1,0,7,3,False,63,0,,3,103932,https://tex.stackexchange.com/questions/16447/beamer-top-aligning-columns-within-a-top-aligned-frame
17218,4012,56727,registered,0,0,0,False,93.0,"hyperref, metadata",2,2011-05-03 00:06:00,False,81,0,1,8,0,False,63,0,,2,17930,https://tex.stackexchange.com/questions/17218/make-hyperref-take-pdfinfo-from-title-and-author
17360,5283,7171,registered,0,0,0,True,88.0,"spacing, biblatex",2,2011-05-04 14:14:37,False,68,3,0,6,0,False,63,0,4898004.45,4,94862,https://tex.stackexchange.com/questions/17360/reduce-spacing-in-bibliography-using-biblatex
18848,1998,6330,registered,0,0,0,False,93.0,"bibliographies, biblatex",2,2011-05-23 13:27:07,False,41,0,0,4,0,True,63,0,,4,14739,https://tex.stackexchange.com/questions/18848/workflow-for-managing-references
19080,5506,823,registered,0,0,0,False,,"tables, vertical-alignment",2,2011-05-26 12:00:28,False,85,1,0,15,0,False,63,0,4350272.08,8,86052,https://tex.stackexchange.com/questions/19080/how-to-vertically-center-text-with-an-image-in-the-same-row-of-a-table
19111,100,21873,registered,0,0,0,False,77.0,macros,1,2011-05-26 14:35:35,False,223,0,0,4,0,False,63,0,4093069.05,8,10949,https://tex.stackexchange.com/questions/19111/short-names-for-macros
21795,3661,3671,registered,0,0,0,False,85.0,"floats, captions, floatrow",3,2011-06-28 15:28:00,False,70,1,0,5,0,True,63,0,275533.2,2,183321,https://tex.stackexchange.com/questions/21795/how-to-remove-figure-label
74279,Unknown,0,does_not_exist,0,0,0,True,,"lists, description",2,2011-08-08 15:43:29,False,52,1,0,7,0,True,63,0,3294576.38,4,493951,https://tex.stackexchange.com/questions/74279/how-to-add-bullets-to-description-lists
31517,2707,46056,registered,0,0,0,False,91.0,"errors, tex-core",2,2011-10-14 03:50:47,False,28,1,0,6,0,False,63,0,517.13,6,13276,https://tex.stackexchange.com/questions/31517/shortest-code-causing-emergency-stop-error
34414,3039,1203,registered,0,0,0,False,100.0,"citing, typography, punctuation",3,2011-11-10 23:57:19,False,119,0,0,8,0,True,63,0,,2,69503,https://tex.stackexchange.com/questions/34414/should-you-put-citations-before-or-after-interpunction
42743,11103,4307,registered,0,0,0,False,95.0,"math-mode, symbols",2,2012-01-30 04:51:38,False,51,0,1,8,0,True,63,0,22.28,2,194797,https://tex.stackexchange.com/questions/42743/what-is-the-command-for-not-modularly-congruent
52987,13371,793,registered,0,0,0,False,,"tikz-pgf, graphics, pgfplots, matlab, import",5,2012-04-23 15:17:06,True,33,0,0,4,0,False,63,0,999571.67,7,26549,https://tex.stackexchange.com/questions/52987/3-dimensional-histogram-in-pgfplots
53082,8918,13935,registered,0,0,0,False,88.0,"big-list, tex-general",2,2012-04-24 08:03:08,False,67,0,1,10,0,True,63,0,,14,4152,https://tex.stackexchange.com/questions/53082/in-what-ways-can-tex-be-used-beyond-document-production
56079,13262,5177,registered,0,0,0,False,68.0,"tikz-pgf, errors, captions",3,2012-05-16 16:52:46,False,103,3,0,6,0,False,63,0,7404443.77,2,10424,https://tex.stackexchange.com/questions/56079/using-tikz-inside-a-figure-caption
56145,885,7215,registered,0,0,0,True,95.0,"footnotes, endnotes",2,2012-05-17 01:06:38,False,18,0,0,14,0,True,63,2,3508909.2,3,57456,https://tex.stackexchange.com/questions/56145/is-there-a-way-to-move-all-footnotes-to-the-end-of-the-document
61503,8289,1977,registered,0,0,0,False,86.0,"macros, package-writing, documentclass-writing",3,2012-06-28 05:08:30,False,45,0,0,3,0,False,63,0,3573637.9,3,20361,https://tex.stackexchange.com/questions/61503/newcommand-vs-declarerobustcommand
64448,11685,993,registered,0,0,0,False,75.0,"errors, pdftex, acrobat",3,2012-07-24 00:45:56,False,376,2,0,11,21,True,63,2,,3,30567,https://tex.stackexchange.com/questions/64448/how-to-overcome-acrobat-reader-error-131-with-a-pdflatex-doc
64525,16550,66740,registered,0,0,0,True,100.0,"typography, languages",2,2012-07-24 16:51:43,False,189,0,0,6,0,False,63,1,208.55,10,4405,https://tex.stackexchange.com/questions/64525/comparing-typographic-traditions-for-different-languages
80505,5365,2047,registered,0,0,0,False,100.0,paper-size,1,2012-11-05 13:38:50,False,49,0,0,7,0,True,63,0,4678788.0,3,66546,https://tex.stackexchange.com/questions/80505/how-to-make-document-custom-page-dimensions
91678,21591,19664,registered,0,0,0,False,91.0,"fun, recursion",2,2013-01-14 01:44:33,False,35,0,0,3,0,False,63,0,,5,4598,https://tex.stackexchange.com/questions/91678/self-replicating-latex-document
95120,10906,1251,registered,0,0,0,False,100.0,"tikz-pgf, nodes, labels, tikz-styles",4,2013-01-24 02:43:14,True,306,1,2,6,2,True,63,0,,1,95916,https://tex.stackexchange.com/questions/95120/comprehensive-list-of-tikz-style-options
95369,25012,741,registered,0,0,0,True,,"tex-core, tex-history, web",3,2013-01-25 20:46:09,False,29,0,1,6,0,True,63,0,9.58,2,11081,https://tex.stackexchange.com/questions/95369/what-language-is-tex-implemented-in
100024,26536,869,registered,0,0,0,True,33.0,best-practices,1,2013-02-26 18:10:34,False,146,0,1,13,0,True,63,0,,21,10618,https://tex.stackexchange.com/questions/100024/do-you-use-tex-for-writing-your-thesis-or-only-for-its-composition
104058,18561,7649,registered,0,0,0,False,71.0,"text-decorations, emphasis, ulem",3,2013-03-24 13:42:50,False,39,0,0,8,0,False,63,0,2396974.82,2,25463,https://tex.stackexchange.com/questions/104058/getting-emph-back-to-normal-after-loading-ulem
112396,22137,13469,registered,0,0,0,False,85.0,"texmaker, texstudio, revision-control, git",4,2013-05-04 18:10:30,False,69,0,0,5,0,False,63,0,3575978.45,7,32062,https://tex.stackexchange.com/questions/112396/texstudio-texmaker-and-github
121865,28450,885,registered,0,0,0,False,,"hyperref, cross-referencing, numbering",3,2013-06-30 20:53:34,False,100,1,0,10,0,False,63,0,3654226.03,3,79605,https://tex.stackexchange.com/questions/121865/nameref-how-to-display-section-name-and-its-number
131689,19356,38063,registered,0,0,0,True,98.0,"tikz-pgf, diagrams, pstricks, metapost, asymptote",5,2013-09-05 13:34:41,True,158,2,0,11,0,True,63,0,,7,12483,https://tex.stackexchange.com/questions/131689/how-to-automatically-draw-tree-diagram-of-prime-factorization-with-latex
147642,38587,4761,registered,0,0,0,True,93.0,"macros, optional-arguments",2,2013-11-30 01:15:19,False,56,0,0,8,0,True,63,0,,6,132157,https://tex.stackexchange.com/questions/147642/how-to-create-new-commands-with-multiple-arguments
152358,41557,1356,registered,0,0,0,True,100.0,"pdf, animations",2,2014-01-04 06:29:58,False,74,0,3,3,0,False,63,2,,6,78741,https://tex.stackexchange.com/questions/152358/animations-in-latex
234786,74846,733,registered,0,0,0,True,,"fonts, xetex, luatex, pandoc, markdown",5,2015-03-24 13:15:50,False,142,1,0,8,0,True,63,1,58.7,4,77526,https://tex.stackexchange.com/questions/234786/how-to-set-a-font-family-with-pandoc
329198,109209,1253,registered,0,0,0,False,67.0,"bibliographies, pdftex, arxiv, bbl",4,2016-09-12 15:59:02,False,157,0,0,15,0,True,63,2,19.62,3,87535,https://tex.stackexchange.com/questions/329198/how-to-obtain-and-use-the-bbl-file-in-my-tex-document-for-arxiv-submission
498814,171789,1203,registered,0,0,0,False,,"equations, presentations, powerpoint",3,2019-07-06 00:32:49,False,148,0,1,12,0,True,63,9,135.37,11,317638,https://tex.stackexchange.com/questions/498814/whats-the-best-and-quickest-way-to-insert-latex-equations-into-powerpoint
851,27,1586,registered,0,0,0,True,83.0,"math-mode, spacing",2,2010-08-03 01:59:32,False,34,0,0,7,0,False,62,0,,4,65764,https://tex.stackexchange.com/questions/851/removing-spaces-between-words-in-math-mode
855,63,4047,registered,0,0,0,False,83.0,music,1,2010-08-03 03:42:43,False,9,0,0,7,0,True,62,1,408.63,6,45362,https://tex.stackexchange.com/questions/855/can-i-create-music-sheets-with-latex
1232,371,17519,registered,0,0,0,False,99.0,"math-mode, brackets, delimiters",3,2010-08-06 19:42:26,False,24,0,0,5,0,False,62,1,60.85,2,29463,https://tex.stackexchange.com/questions/1232/difference-between-big-and-bigl
2628,237,1500,registered,0,0,0,False,,"bibliographies, document-classes, apa6",3,2010-09-01 10:56:45,False,133,0,3,6,0,True,62,0,,7,89923,https://tex.stackexchange.com/questions/2628/how-to-apa-6th-in-latex
2705,412,23548,registered,0,0,0,False,77.0,"math-mode, macros, matrices, vector",4,2010-09-03 16:40:05,False,77,1,0,3,0,False,62,1,173.92,10,257182,https://tex.stackexchange.com/questions/2705/typesetting-column-vector
13048,4086,1732,registered,0,0,0,True,83.0,"fonts, punctuation, typography, italic, embrac",5,2011-03-09 15:41:04,False,153,0,1,5,0,False,62,0,,5,9846,https://tex.stackexchange.com/questions/13048/upright-parentheses-in-italic-text
16765,5156,723,registered,0,0,0,False,,"biblatex, citing, brackets",3,2011-04-27 19:59:34,False,74,0,0,4,0,False,62,0,350329.65,6,63483,https://tex.stackexchange.com/questions/16765/biblatex-author-year-square-brackets
18326,1683,20534,registered,0,0,0,True,,"math-mode, graphics, fun",3,2011-05-16 09:53:05,True,48,1,0,2,0,False,62,0,,9,16707,https://tex.stackexchange.com/questions/18326/latex-math-jokes
18483,1686,1852,registered,0,0,0,False,60.0,"xetex, pdf, small-caps",3,2011-05-17 23:56:53,False,198,3,0,15,0,True,62,2,7863585.25,2,4238,https://tex.stackexchange.com/questions/18483/is-it-possible-to-provide-alternative-text-to-use-when-copying-text-from-the-pdf
21813,6406,801,registered,0,0,0,False,,"math-mode, footnotes",2,2011-06-28 17:55:42,False,76,2,0,4,0,False,62,1,8.92,3,69529,https://tex.stackexchange.com/questions/21813/footnote-in-math-mode
26278,483,2599,registered,0,0,0,False,100.0,"beamer, environments",2,2011-08-22 15:25:22,False,94,1,0,5,0,False,62,0,7309866.78,6,104390,https://tex.stackexchange.com/questions/26278/beamer-block-environment-without-title
44965,11698,1403,registered,0,0,0,False,92.0,pgfplots,1,2012-02-18 17:39:20,False,109,1,0,7,0,False,62,0,,1,95197,https://tex.stackexchange.com/questions/44965/removing-x-and-y-ticks-in-pgfplot
49452,14,28103,registered,0,0,0,False,100.0,"math-mode, symbols",2,2012-03-26 02:16:03,False,134,0,1,14,0,True,62,0,,1,54041,https://tex.stackexchange.com/questions/49452/is-there-a-difference-between-ge-and-geq-or-equivalentely-between-le-and-leq
52179,5700,1076,registered,0,0,0,True,67.0,"emacs, auctex, big-list",3,2012-04-17 01:47:10,False,126,0,0,8,0,True,62,0,503.93,7,16916,https://tex.stackexchange.com/questions/52179/what-is-your-favorite-emacs-and-or-auctex-command-trick
54946,14317,845,registered,0,0,0,False,,"hyperref, line-breaking, urls",3,2012-05-08 18:19:41,False,68,1,0,6,0,False,62,1,29.75,5,104120,https://tex.stackexchange.com/questions/54946/how-to-break-a-long-url
55860,11846,1195,registered,0,0,0,False,100.0,"horizontal-alignment, boxes, paragraphs",3,2012-05-15 01:18:00,False,195,2,0,8,0,True,62,0,,2,70609,https://tex.stackexchange.com/questions/55860/any-way-to-center-text-within-a-parbox
55943,14617,735,registered,0,0,0,False,,graphics,1,2012-05-15 18:50:04,False,38,0,0,7,0,False,62,0,,1,9426,https://tex.stackexchange.com/questions/55943/a-way-to-draw-a-lab-apparatus
59340,2620,2237,registered,0,0,0,False,88.0,"color, boxes, paragraphs, highlighting",4,2012-06-10 22:22:37,False,59,0,0,6,0,True,62,0,50.47,3,50517,https://tex.stackexchange.com/questions/59340/how-to-highlight-an-entire-paragraph
61437,1852,1085,registered,0,0,0,True,100.0,tikz-pgf,1,2012-06-27 18:54:42,True,164,1,1,4,0,False,62,0,164.0,6,7692,https://tex.stackexchange.com/questions/61437/penrose-tiling-in-tikz
61598,15114,1131,registered,0,0,0,False,100.0,"macros, conditionals",2,2012-06-28 23:36:46,False,57,0,0,9,0,False,62,0,,5,37249,https://tex.stackexchange.com/questions/61598/new-command-with-cases-conditionals-if-thens
61896,7478,5973,registered,0,0,0,True,66.0,graphics,1,2012-07-02 04:34:33,False,38,0,0,5,0,False,62,1,5759785.2,7,25411,https://tex.stackexchange.com/questions/61896/latex-photo-with-rounded-corners
62583,2693,227255,registered,0,0,0,False,89.0,"package-writing, latex-base",2,2012-07-08 07:50:30,False,109,0,2,15,0,True,62,0,16.88,3,15981,https://tex.stackexchange.com/questions/62583/is-it-really-bad-to-use-makeatletter-and-makeatother-in-a-package-or-class-fil
66094,5950,4576,registered,0,0,0,True,69.0,tikz-pgf,1,2012-08-06 21:15:34,False,65,1,0,5,0,False,62,0,,1,15303,https://tex.stackexchange.com/questions/66094/tikz-dash-dash-plus-plus
66154,15089,1478,registered,0,0,0,True,79.0,"color, boxes",2,2012-08-07 07:28:40,False,38,1,0,9,0,False,62,0,416956.62,4,104903,https://tex.stackexchange.com/questions/66154/how-to-construct-a-coloured-box-with-rounded-corners
69901,4011,30293,registered,0,0,0,False,72.0,greek,1,2012-09-03 13:48:13,False,110,0,0,5,0,False,62,0,5660606.92,6,50834,https://tex.stackexchange.com/questions/69901/how-to-typeset-greek-letters
98382,19095,2297,registered,0,0,0,False,93.0,"symbols, theorems",2,2013-02-15 19:31:01,False,44,1,0,7,0,False,62,0,,2,219553,https://tex.stackexchange.com/questions/98382/solid-black-box-in-the-proof-environment
109969,24817,3884,registered,0,0,0,False,90.0,best-practices,1,2013-04-22 06:12:01,False,89,0,0,4,0,True,62,1,,13,12292,https://tex.stackexchange.com/questions/109969/how-to-practice-latex
110501,26861,857,registered,0,0,0,False,,"packages, installing, miktex, texlive, linux",5,2013-04-24 17:19:53,False,83,0,0,5,0,False,62,0,2957981.77,4,74982,https://tex.stackexchange.com/questions/110501/auto-package-download-for-texlive
119914,12135,8300,registered,0,0,0,False,85.0,tikz-pgf,1,2013-06-19 09:01:19,True,62,1,0,10,4,True,62,0,201296.98,7,32877,https://tex.stackexchange.com/questions/119914/can-we-mirror-a-part-in-tikz-axial-symmetry-reflection
154594,14886,6286,registered,0,0,0,False,90.0,"cross-referencing, warnings",2,2014-01-17 18:45:32,False,301,1,1,10,0,True,62,0,2620606.25,2,19862,https://tex.stackexchange.com/questions/154594/how-to-diagnose-a-permanent-labels-may-have-changed-warning
202046,52486,2505,registered,0,0,0,False,84.0,"captions, width",2,2014-09-19 18:11:08,False,44,0,0,7,0,False,62,2,,3,147086,https://tex.stackexchange.com/questions/202046/width-of-the-caption-of-a-figure
214904,66759,1487,registered,0,0,0,False,53.0,"symbols, amsmath, ieeetran",3,2014-12-02 02:21:06,False,24,1,0,8,0,True,62,5,,2,127895,https://tex.stackexchange.com/questions/214904/what-is-the-latex-convention-for-sign-function
229605,14470,1260,registered,0,0,0,False,100.0,"pdf, compiling, security",3,2015-02-23 01:16:50,False,132,2,1,15,0,False,62,9,678218.62,4,5164,https://tex.stackexchange.com/questions/229605/reproducible-latex-builds-compile-to-a-file-which-always-hashes-to-the-same-va
348640,81548,3345,registered,0,0,0,True,100.0,"table-of-contents, symbols, lists, thesis",4,2017-01-14 04:46:37,True,158,1,2,10,0,True,62,7,143549.62,1,111454,https://tex.stackexchange.com/questions/348640/how-to-effectively-use-list-of-symbols-for-a-thesis
364024,130823,591,registered,0,0,0,True,,macron,1,2017-04-10 13:15:27,True,357,2,10,12,0,True,62,8,2826187.6,4,8988,https://tex.stackexchange.com/questions/364024/scots-irish-american-surnames-how-to-achieve-aesthetically-appealing-raised-c-w
389191,101651,76078,registered,0,0,0,True,99.0,"listings, minted, comparison",3,2017-08-31 15:24:55,False,177,0,5,6,0,False,62,12,150.12,5,21054,https://tex.stackexchange.com/questions/389191/minted-vs-listings-pros-and-cons
843,90,773,registered,0,0,0,False,,calendar,1,2010-08-02 23:30:20,False,97,0,3,8,0,True,61,0,693.55,6,47002,https://tex.stackexchange.com/questions/843/latex-classes-or-styles-for-schedules-and-or-calendars
1656,546,1742,registered,0,0,0,False,75.0,"numbering, footnotes, counters",3,2010-08-13 16:41:34,False,17,0,0,10,0,False,61,0,18.73,3,26044,https://tex.stackexchange.com/questions/1656/footnote-counter-would-like-to-restart-from-1-each-page
2396,93,32669,registered,0,0,0,False,100.0,"indentation, lengths, quoting",3,2010-08-27 06:24:13,False,43,0,0,13,0,True,61,0,,5,32238,https://tex.stackexchange.com/questions/2396/how-can-i-change-the-indentation-in-quote-and-quotation-environments-and-command
7650,1312,1352,registered,0,0,0,False,100.0,"equations, amsmath, align, horizontal-alignment",4,2010-12-23 16:57:53,True,90,1,0,8,0,False,61,0,,3,45153,https://tex.stackexchange.com/questions/7650/centering-vdots-in-a-system-of-many-equations
8750,2036,11746,registered,0,0,0,False,90.0,package-writing,1,2011-01-11 23:21:24,False,46,0,0,5,0,False,61,0,33.23,2,42832,https://tex.stackexchange.com/questions/8750/make-your-own-sty-files
13460,4197,1313,registered,0,0,0,False,,"graphics, scaling",2,2011-03-15 01:13:11,False,83,0,0,7,0,False,61,2,,2,232642,https://tex.stackexchange.com/questions/13460/scalebox-knowing-how-much-it-scales
28229,2634,17576,registered,0,0,0,False,99.0,"listings, languages, keywords",3,2011-09-12 18:49:24,False,94,0,0,6,0,True,61,0,3512577.1,5,61483,https://tex.stackexchange.com/questions/28229/extend-a-language-with-additional-keywords
32930,8887,611,unregistered,0,0,0,False,,"biblatex, bibtex",2,2011-10-28 01:29:20,False,159,0,0,13,0,True,61,0,,2,20109,https://tex.stackexchange.com/questions/32930/is-it-possible-to-suppress-a-specific-field-from-bibtex-bbl-in-biblatex
41159,5626,13805,registered,0,0,0,False,68.0,"graphics, color, decorations",3,2012-01-15 17:17:19,False,131,0,0,13,0,True,61,0,7137966.65,5,14580,https://tex.stackexchange.com/questions/41159/does-anybody-know-a-good-source-of-free-ornaments-decorations-frames-backgr
41539,10827,9571,registered,0,0,0,True,98.0,"hyperref, cross-referencing",2,2012-01-19 04:27:48,False,93,0,0,6,0,True,61,0,3274860.53,6,24075,https://tex.stackexchange.com/questions/41539/does-hyperref-work-between-two-files
57732,15065,719,registered,0,0,0,False,,"floats, two-column, multicol",3,2012-05-29 13:15:55,True,248,3,0,6,0,False,61,1,,4,246025,https://tex.stackexchange.com/questions/57732/placing-figures-inside-a-two-column-document
62611,16390,785,registered,0,0,0,False,,"hyperref, cross-referencing, babel",3,2012-07-08 16:54:03,False,162,1,2,9,0,True,61,0,14.85,1,89358,https://tex.stackexchange.com/questions/62611/how-to-make-ref-references-include-the-word-figure
70901,10038,20895,registered,0,0,0,True,90.0,"page-breaking, tex-core, typography",3,2012-09-10 11:04:09,False,165,0,3,4,0,False,61,1,868.0,5,5364,https://tex.stackexchange.com/questions/70901/typesetting-limitations-of-latex
83085,4147,3715,registered,0,0,0,False,77.0,"listings, punctuation, json",3,2012-11-17 16:22:04,False,140,1,0,8,0,True,61,0,2907254.85,2,112139,https://tex.stackexchange.com/questions/83085/how-to-improve-listings-display-of-json-files
91440,18511,3553,registered,0,0,0,True,55.0,"include, pdfpages",2,2013-01-12 14:28:16,True,54,1,0,7,0,False,61,0,7.25,6,153838,https://tex.stackexchange.com/questions/91440/how-to-include-multiple-pages-in-latex
110586,26134,38876,registered,0,0,0,True,81.0,"errors, knuth, tex-history",3,2013-04-25 04:09:27,False,96,0,0,4,0,False,61,4,,3,8636,https://tex.stackexchange.com/questions/110586/327-68-knuth-reward-check
110836,243,38305,registered,0,0,0,False,91.0,"tex-core, plain-tex, books, knuth",4,2013-04-26 10:58:57,False,65,0,0,5,0,True,61,2,4333972.08,3,10553,https://tex.stackexchange.com/questions/110836/electronic-version-of-knuths-texbook
130109,35750,713,registered,0,0,0,True,,"beamer, listings",2,2013-08-25 18:47:43,False,73,2,0,7,1,False,61,0,,1,84436,https://tex.stackexchange.com/questions/130109/cant-insert-code-in-my-beamer-slide
147346,22736,1011,registered,0,0,0,False,,"compiling, linux",2,2013-11-28 09:02:28,False,66,0,0,6,0,True,61,0,,3,50088,https://tex.stackexchange.com/questions/147346/how-can-one-stop-latex-compilation
400825,124935,713,registered,0,0,0,False,,"fontspec, overleaf",2,2017-11-11 20:12:30,False,115,1,0,4,0,False,61,2,569.08,2,163749,https://tex.stackexchange.com/questions/400825/fontspec-cannot-use-pdftex-on-overleaf
472,93,32669,registered,0,0,0,False,100.0,"indexing, subdividing",2,2010-07-28 16:16:22,False,44,0,0,9,0,True,60,0,47.5,6,23373,https://tex.stackexchange.com/questions/472/how-can-i-have-two-or-more-distinct-indexes
3266,1235,39641,registered,0,0,0,False,88.0,"math-mode, symbols, positioning",3,2010-09-19 18:15:37,True,127,1,1,13,0,True,60,0,4948594.33,3,91026,https://tex.stackexchange.com/questions/3266/how-do-i-use-a-circle-as-a-math-accent-larger-than-mathring
3306,475,2033,registered,0,0,0,False,100.0,"macros, errors, compiling, warnings, error-writing",5,2010-09-20 13:02:39,False,41,0,0,10,0,True,60,0,60.18,3,19502,https://tex.stackexchange.com/questions/3306/is-there-any-way-to-generate-custom-errors-warnings-in-latex
7627,1545,2017,registered,0,0,0,False,,"sectioning, cross-referencing, sections-paragraphs",3,2010-12-23 13:13:17,False,65,1,0,4,0,True,60,1,,4,81554,https://tex.stackexchange.com/questions/7627/how-to-reference-paragraph
8877,2786,11543,registered,0,0,0,False,92.0,"cross-referencing, warnings",2,2011-01-13 13:32:22,False,73,1,0,5,0,False,60,0,,4,61088,https://tex.stackexchange.com/questions/8877/warning-there-were-multiply-defined-labels
12913,4047,601,unregistered,0,0,0,False,,"environments, theorems",2,2011-03-08 05:49:33,False,142,1,0,3,0,False,60,0,,6,73992,https://tex.stackexchange.com/questions/12913/customizing-theorem-name
13423,3087,2651,registered,0,0,0,False,,"beamer, hyperref",2,2011-03-14 20:36:15,False,122,1,0,10,2,False,60,0,3743395.17,2,46836,https://tex.stackexchange.com/questions/13423/how-to-change-the-color-of-href-links-for-real
15009,4173,2551,registered,0,0,0,True,,"macros, spacing, acronyms, xspace",4,2011-04-05 15:48:33,False,141,1,1,4,0,False,60,1,4134313.45,3,15131,https://tex.stackexchange.com/questions/15009/macros-for-common-abbreviations
19738,5871,1025,registered,0,0,0,False,,"sectioning, header-footer, chapters, page-numbering",4,2011-06-03 00:12:03,False,52,1,0,11,0,True,60,0,4301816.65,5,67763,https://tex.stackexchange.com/questions/19738/why-doesnt-pagestyleempty-work-on-the-first-page-of-a-chapter
20987,6189,601,unregistered,0,0,0,False,,"languages, babel",2,2011-06-17 12:55:20,False,52,0,0,7,0,False,60,0,,1,73359,https://tex.stackexchange.com/questions/20987/changing-babel-package-inside-a-single-chapter
22751,3661,3671,registered,0,0,0,False,85.0,"tables, floats, positioning, captions",4,2011-07-11 10:06:48,False,80,1,0,7,0,True,60,0,3568390.32,4,236240,https://tex.stackexchange.com/questions/22751/how-to-force-table-caption-on-top
30930,929,12622,registered,0,0,0,False,83.0,"formatting, counters",2,2011-10-08 17:35:43,False,57,1,1,8,0,True,60,0,,6,18723,https://tex.stackexchange.com/questions/30930/how-to-output-a-counter-with-leading-zeros
32295,2693,227255,registered,0,0,0,False,89.0,"pdftex, luatex",2,2011-10-22 02:05:12,False,130,0,2,7,0,False,60,4,,4,12619,https://tex.stackexchange.com/questions/32295/using-luatex-as-a-replacement-for-pdftex
33476,861,6063,registered,0,0,0,True,60.0,"pdf, ligatures",2,2011-11-02 19:03:44,False,42,0,0,12,0,True,60,0,36.18,4,27969,https://tex.stackexchange.com/questions/33476/why-cant-fi-be-separated-when-being-copied-from-a-compiled-pdf
33823,2975,271889,registered,0,0,0,True,81.0,"macros, conditionals",2,2011-11-06 12:48:42,False,77,1,0,5,2,True,60,0,,2,15843,https://tex.stackexchange.com/questions/33823/what-does-ifx-1-stand-for
36176,3573,1545,registered,0,0,0,False,100.0,page-breaking,1,2011-11-25 21:15:21,True,88,2,1,7,0,False,60,0,,2,61702,https://tex.stackexchange.com/questions/36176/include-puts-everything-on-a-new-page
42800,2963,5105,registered,0,0,0,True,91.0,tikz-pgf,1,2012-01-30 17:10:49,False,172,2,2,9,1,False,60,0,,1,20788,https://tex.stackexchange.com/questions/42800/global-variables-for-all-tikz-drawings-in-a-document
46850,12321,703,registered,0,0,0,False,,"tikz-pgf, pdftex, 3d, asymptote",4,2012-03-05 11:46:17,True,192,1,2,17,17,True,60,1,5287649.33,7,17888,https://tex.stackexchange.com/questions/46850/how-can-i-draw-an-arc-from-point-a-b-on-a-3d-sphere-in-tikz
50182,2956,8963,registered,0,0,0,False,67.0,titles,1,2012-03-31 15:09:25,False,11,0,0,5,0,True,60,0,3566322.95,4,263765,https://tex.stackexchange.com/questions/50182/subtitle-with-the-maketitle-page
52368,13468,2780,registered,0,0,0,False,69.0,bibliographies,1,2012-04-18 10:15:54,False,69,1,0,11,0,True,60,3,371.4,2,165662,https://tex.stackexchange.com/questions/52368/how-can-i-insert-by-bib-file-into-my-tex-file
58624,15313,751,registered,0,0,0,False,,conditionals,1,2012-06-05 13:37:44,False,84,0,0,8,0,False,60,0,4528784.07,3,52290,https://tex.stackexchange.com/questions/58624/variables-for-hiding-or-showing-text-in-latex
58901,12839,889,registered,0,0,0,False,,"beamer, symbols",2,2012-06-07 14:25:06,False,51,0,0,5,0,False,60,0,4207461.15,9,47794,https://tex.stackexchange.com/questions/58901/something-between-frownie-and-smiley
62346,16315,1791,registered,0,0,0,False,100.0,letterspacing,1,2012-07-06 00:51:57,False,60,1,1,5,0,False,60,0,,2,67558,https://tex.stackexchange.com/questions/62346/enlarging-tracking-letter-spacing
67720,8289,1977,registered,0,0,0,False,86.0,"horizontal-alignment, lists, enumitem, description",4,2012-08-18 20:35:34,False,84,2,1,5,3,False,60,0,3509642.0,2,38256,https://tex.stackexchange.com/questions/67720/description-list-with-aligned-descriptions
70090,18359,719,registered,0,0,0,False,,"tikz-pgf, pstricks, 3d, asymptote, pst-solides3d",5,2012-09-04 16:44:36,True,72,0,0,6,0,False,60,1,6840457.92,6,9791,https://tex.stackexchange.com/questions/70090/3d-helix-torus-with-hidden-lines
85553,22886,3551,registered,0,0,0,False,86.0,"errors, urls, undefined",3,2012-12-05 00:49:35,False,29,1,0,5,0,False,60,8,5749747.28,1,57851,https://tex.stackexchange.com/questions/85553/undefined-control-sequence-url-error
108447,14996,22685,registered,0,0,0,False,83.0,"packages, installing, miktex, best-practices",4,2013-04-13 05:10:36,False,214,0,3,9,0,True,60,1,578.9,1,66216,https://tex.stackexchange.com/questions/108447/how-should-one-maintain-and-update-a-miktex-installation
132526,36454,755,registered,0,0,0,True,,"math-mode, brackets",2,2013-09-10 09:14:46,False,66,0,0,6,0,False,60,0,3.92,3,137803,https://tex.stackexchange.com/questions/132526/overbrace-and-underbrace-with-square-bracket
168312,38005,1173,registered,0,0,0,False,80.0,"bibliographies, citing, ieeetran, ieee-style",4,2014-03-29 02:20:35,False,353,3,1,4,1,False,60,2,91.22,3,357096,https://tex.stackexchange.com/questions/168312/latex-warning-citation-undefined
183046,26572,743,registered,0,0,0,False,,"diagrams, graphs, chronology",3,2014-06-04 08:15:47,True,135,1,0,8,0,True,60,2,4174814.4,4,24864,https://tex.stackexchange.com/questions/183046/how-do-i-develop-a-complex-time-line
183087,53964,895,registered,0,0,0,False,,"packages, pstricks, automation, database, pst-geo",5,2014-06-04 13:55:15,True,120,0,1,6,0,False,60,4,2063627.13,4,19215,https://tex.stackexchange.com/questions/183087/draw-colored-world-us-map-in-latex
199207,61773,789,registered,0,0,0,False,100.0,"floats, captions",2,2014-09-03 04:19:25,False,48,0,1,7,0,False,60,0,11.03,3,203582,https://tex.stackexchange.com/questions/199207/no-caption-number-for-figures-and-tables
208408,64956,3194,registered,0,0,0,True,100.0,"beamer, tikz-pgf",2,2014-10-21 23:27:53,False,192,2,0,5,0,False,60,1,,2,14482,https://tex.stackexchange.com/questions/208408/tikz-matrix-undefined-control-sequence
286094,27366,703,registered,0,0,0,False,,"code, inline",2,2016-01-05 15:39:19,True,48,0,1,4,0,False,60,1,,2,174616,https://tex.stackexchange.com/questions/286094/insert-code-keywords-inline
417,199,895,registered,0,0,0,False,,bibtex,1,2010-07-27 23:41:26,False,77,0,0,15,0,True,59,2,,9,9606,https://tex.stackexchange.com/questions/417/how-to-split-all-bibtex-referenced-entries-from-a-big-bibtex-database-to-a-copy
854,63,4047,registered,0,0,0,False,83.0,"macros, templates, contribute, ctan",4,2010-08-03 03:35:06,False,21,0,0,6,0,True,59,1,,2,2315,https://tex.stackexchange.com/questions/854/how-can-i-contribute-to-ctan
8212,647,65430,registered,0,0,0,False,92.0,"documentation, latex-base, output-routine",3,2011-01-04 03:39:13,False,216,0,0,6,0,False,59,0,11035.73,1,3875,https://tex.stackexchange.com/questions/8212/an-explanation-of-latexs-output-routine
12428,3912,755,registered,0,0,0,False,,"floats, page-breaking, highlighting, minted, code",5,2011-03-01 21:46:51,False,114,2,0,11,0,False,59,0,608460.6,4,24395,https://tex.stackexchange.com/questions/12428/code-spanning-over-two-pages-with-minted-inside-listing-with-caption
14158,3588,2433,registered,0,0,0,False,67.0,"biblatex, bibliographies, citing, counters",4,2011-03-24 15:37:01,False,112,0,1,11,0,True,59,1,4300919.83,4,5021,https://tex.stackexchange.com/questions/14158/can-i-count-the-number-of-times-each-reference-is-cited
14429,4343,817,registered,0,0,0,False,,"pdftex, pdf, file-size",3,2011-03-28 18:50:01,False,101,0,1,7,0,True,59,0,,3,82229,https://tex.stackexchange.com/questions/14429/pdftex-reduce-pdf-size-reduce-image-quality
14506,4419,2287,registered,0,0,0,False,91.0,"tikz-pgf, pgfplots, legend",3,2011-03-29 16:30:25,False,142,1,1,9,1,False,59,0,,2,30503,https://tex.stackexchange.com/questions/14506/pgfplots-prevent-single-plot-from-being-listed-in-legend
14683,510,258210,registered,0,0,0,True,98.0,environments,1,2011-03-31 21:16:27,False,215,2,2,10,6,True,59,0,,1,5910,https://tex.stackexchange.com/questions/14683/defining-environments-based-on-other-ones-whats-the-right-way
17745,5391,1471,registered,0,0,0,False,0.0,tables,1,2011-05-08 18:13:56,True,67,1,0,5,0,False,59,2,75.17,6,49724,https://tex.stackexchange.com/questions/17745/diagonal-lines-in-table-cell
19237,2356,2242,registered,0,0,0,False,68.0,"pdf, paper-size",2,2011-05-27 22:56:46,False,68,0,0,5,0,False,59,0,4865192.2,4,7728,https://tex.stackexchange.com/questions/19237/automatically-increase-pdf-page-height
23102,993,5049,registered,0,0,0,False,91.0,"include, input",2,2011-07-15 08:24:02,False,102,0,0,5,0,True,59,0,405.72,6,16694,https://tex.stackexchange.com/questions/23102/endinput-what-is-it-for
23727,3094,45273,registered,0,0,0,False,100.0,"beamer, conversion, animations, gif",4,2011-07-21 20:32:40,True,50,0,1,6,0,False,59,1,,4,8563,https://tex.stackexchange.com/questions/23727/converting-beamer-slides-to-animated-images
31373,8546,4823,registered,0,0,0,False,76.0,"bibliographies, natbib",2,2011-10-12 19:46:06,False,112,1,0,7,0,False,59,0,4233933.57,9,70517,https://tex.stackexchange.com/questions/31373/citations-with-no-bibliography-at-the-end
31951,8218,1473,registered,0,0,0,False,,"cross-referencing, amsmath, cases",3,2011-10-18 21:06:55,False,63,1,0,4,0,False,59,0,1372336.62,4,43079,https://tex.stackexchange.com/questions/31951/separate-labels-in-cases
34921,375,14229,registered,0,0,0,False,85.0,"beamer, graphics",2,2011-11-15 16:29:10,False,125,3,0,8,0,True,59,0,,3,77113,https://tex.stackexchange.com/questions/34921/how-to-overlap-images-in-a-beamer-slide
36542,9660,665,unregistered,0,0,0,False,,"symbols, unicode, characters, linguistics, tipa",5,2011-11-29 18:37:00,False,80,0,0,8,0,False,59,0,24.27,3,61930,https://tex.stackexchange.com/questions/36542/how-to-use-phonetic-ipa-characters-in-latex
36552,223,16338,registered,0,0,0,False,78.0,fonts,1,2011-11-29 19:28:06,False,69,0,1,7,0,False,59,1,4721731.15,4,14082,https://tex.stackexchange.com/questions/36552/blur-the-text-so-its-not-readable
39278,5317,5397,registered,0,0,0,False,88.0,"tikz-pgf, positioning, arrows",3,2011-12-25 08:59:46,False,40,0,0,5,0,False,59,1,,2,28354,https://tex.stackexchange.com/questions/39278/tikz-arrowheads-in-the-center
40542,7417,17854,registered,0,0,0,False,95.0,"tables, typography, best-practices, rules",4,2012-01-09 17:46:24,False,55,0,1,9,0,True,59,0,,3,58908,https://tex.stackexchange.com/questions/40542/why-not-use-vertical-lines-in-a-tabular
43692,7128,8269,registered,0,0,0,False,65.0,"numbering, footnotes",2,2012-02-07 15:51:34,False,131,3,0,8,1,False,59,1,3350781.35,4,71461,https://tex.stackexchange.com/questions/43692/footnotetext-numbering-for-many-footnotemark-automatic-solution
44040,11623,793,registered,0,0,0,False,,"biblatex, miktex, texmaker, biber",4,2012-02-10 01:38:08,False,259,1,0,7,8,False,59,1,4654092.65,4,117843,https://tex.stackexchange.com/questions/44040/biblatex-biber-texmaker-miktex
44775,11818,593,registered,0,0,0,False,,packages,1,2012-02-16 17:38:49,False,19,0,0,8,0,True,59,0,,2,26557,https://tex.stackexchange.com/questions/44775/how-to-create-a-crossword-puzzle-in-latex
46798,Unknown,0,does_not_exist,0,0,0,True,,"tikz-pgf, technical-drawing, fun",3,2012-03-04 22:33:28,True,123,0,0,8,0,False,59,0,3592755.87,7,5460,https://tex.stackexchange.com/questions/46798/how-do-we-draw-a-bird-in-latex
55780,9263,9323,registered,0,0,0,False,93.0,"biblatex, datetime",2,2012-05-14 14:04:21,False,119,0,0,5,0,True,59,0,,2,23143,https://tex.stackexchange.com/questions/55780/disable-month-in-biblatex-bibliography
68940,13192,8616,registered,0,0,0,False,83.0,"context, latex-misc",2,2012-08-27 06:47:43,False,257,0,3,8,0,True,59,1,,5,4309,https://tex.stackexchange.com/questions/68940/separation-of-content-structure-and-style-in-latex
75237,11103,4307,registered,0,0,0,False,95.0,tilde,1,2012-10-04 02:30:27,False,78,0,2,9,0,True,59,0,5.5,2,221016,https://tex.stackexchange.com/questions/75237/how-do-i-draw-a-tilde-in-math-mode
88751,17049,16476,registered,0,0,0,False,86.0,"tikz-pgf, typography, fun",3,2012-12-31 14:42:10,True,89,0,1,4,0,False,59,1,,2,10316,https://tex.stackexchange.com/questions/88751/text-spirals-with-tikz
95617,25170,691,registered,0,0,0,False,,graphics,1,2013-01-27 21:38:06,False,115,4,0,10,0,False,59,2,2757369.15,6,215001,https://tex.stackexchange.com/questions/95617/includegraphics-file-not-found-even-when-in-same-directory
105635,27653,2693,registered,0,0,0,False,89.0,"horizontal-alignment, equations, align",3,2013-03-28 00:52:09,False,61,1,0,8,0,False,59,0,3608263.82,3,304628,https://tex.stackexchange.com/questions/105635/align-multiline-equation-with-expression-after-equal-sign
107340,27612,5907,registered,0,0,0,False,93.0,"tikz-pgf, graphics, include, landscape",4,2013-04-07 11:10:23,False,194,1,0,9,0,False,59,0,82.13,4,208500,https://tex.stackexchange.com/questions/107340/how-to-shift-graphics-adjust-placement-of-figure-with-includegraphics
110236,1377,1347,registered,0,0,0,False,,"lists, enumerate",2,2013-04-23 15:27:12,False,54,1,0,12,0,True,59,0,6412811.1,3,39528,https://tex.stackexchange.com/questions/110236/is-there-a-way-to-get-reverse-numbering-on-the-enumerate-environment
114520,25789,4355,registered,0,0,0,False,82.0,"spacing, horizontal-alignment, koma-script, minipage",4,2013-05-16 01:44:49,False,48,1,0,14,3,True,59,4,,1,143207,https://tex.stackexchange.com/questions/114520/how-to-put-two-minipages-side-by-side-which-use-100-of-the-text-width
148508,8323,7698,registered,0,0,0,False,88.0,fontsize,1,2013-12-05 15:57:41,True,68,1,1,4,0,True,59,3,,1,70059,https://tex.stackexchange.com/questions/148508/how-does-fontsize-work
164140,10332,1012,registered,0,0,0,True,,"floats, positioning",2,2014-03-07 03:58:32,False,77,0,0,14,0,True,59,4,3970402.15,3,70563,https://tex.stackexchange.com/questions/164140/how-to-tell-latex-to-place-all-figures-at-the-end-of-pdf-file
188147,56623,835,registered,0,0,0,False,,"pgfplots, legend",2,2014-07-06 00:10:09,False,200,1,1,7,11,True,59,2,312552.22,1,107932,https://tex.stackexchange.com/questions/188147/how-to-put-legend-below-the-chart
304534,103305,693,registered,0,0,0,False,,symbols,1,2016-04-16 02:14:27,False,43,0,0,12,0,True,59,6,633.0,1,70632,https://tex.stackexchange.com/questions/304534/what-does-the-var-prefix-stand-for-in-varphi-and-varepsilon-etc
412439,68941,1021,registered,0,0,0,True,80.0,"math-mode, math-operators, shorthands",3,2018-01-27 19:18:44,False,48,1,0,9,0,True,59,3,23.27,7,240298,https://tex.stackexchange.com/questions/412439/is-there-a-short-hand-command-to-write-derivatives
423820,93377,1194,registered,0,0,0,True,,"graphics, environments, starred-version",3,2018-03-29 12:12:41,False,74,2,0,15,0,False,59,4,1641143.25,1,29785,https://tex.stackexchange.com/questions/423820/what-is-the-difference-between-a-figure-environment-compared-to-a-figure-figur
525261,2388,360019,registered,0,0,0,True,61.0,hyperref,1,2020-01-22 18:23:49,True,249,1,4,6,13,False,59,15,334.08,7,15835,https://tex.stackexchange.com/questions/525261/better-default-colors-for-hyperref-links
3995,1183,20745,registered,0,0,0,False,91.0,"graphics, matlab",2,2010-10-11 16:41:05,False,26,0,0,9,0,True,58,0,,10,61739,https://tex.stackexchange.com/questions/3995/what-is-the-best-way-to-include-matlab-graphics
6098,42,41032,registered,0,0,0,False,84.0,"hyperref, counters",2,2010-11-28 18:38:57,False,138,1,0,6,0,False,58,0,,2,10681,https://tex.stackexchange.com/questions/6098/wrong-hyper-references-after-resetting-chapter-counter
6834,1236,5346,registered,0,0,0,False,100.0,"paper-size, geometry",2,2010-12-09 23:33:42,False,68,0,0,5,0,False,58,0,281557.33,3,48002,https://tex.stackexchange.com/questions/6834/change-paper-size-in-mid-document
8110,1191,3469,registered,0,0,0,False,100.0,"line-breaking, theorems",2,2011-01-02 08:04:00,True,175,4,0,12,1,True,58,0,4847591.6,8,19134,https://tex.stackexchange.com/questions/8110/is-it-possible-to-skip-the-first-line-in-a-theorem-environment
11954,320,3380,registered,0,0,0,True,96.0,"beamer, graphics",2,2011-02-24 18:23:07,False,147,2,0,9,0,False,58,0,,2,67033,https://tex.stackexchange.com/questions/11954/automatically-scale-big-and-small-graphics-for-beamer-presentations
12102,1868,2117,registered,0,0,0,False,,"packages, installing, texshop",3,2011-02-26 05:04:35,False,27,0,2,11,0,True,58,0,,1,139739,https://tex.stackexchange.com/questions/12102/how-do-i-install-ctan-packages-on-mac-os-with-texshop
13380,1053,57194,registered,0,0,0,False,96.0,"beamer, page-breaking",2,2011-03-14 15:22:30,False,52,0,0,6,0,False,58,0,,1,124302,https://tex.stackexchange.com/questions/13380/explicit-frame-break-with-beamer-class
14512,3316,15175,registered,0,0,0,False,93.0,"graphics, vertical-alignment, scaling",3,2011-03-29 18:37:39,False,35,0,0,15,0,True,58,0,3793944.12,3,15059,https://tex.stackexchange.com/questions/14512/how-to-define-a-figure-size-so-that-it-consumes-the-rest-of-a-page
16258,63,4047,registered,0,0,0,False,83.0,"tables, spacing, nesting",3,2011-04-20 18:03:57,False,43,0,0,10,0,True,58,0,25.57,2,59101,https://tex.stackexchange.com/questions/16258/how-can-the-margins-around-a-table-set-to-0pt
16268,4998,861,registered,0,0,0,False,100.0,"hyperref, footnotes, warnings",3,2011-04-20 19:34:58,False,184,1,0,11,0,False,58,0,,3,26131,https://tex.stackexchange.com/questions/16268/warning-with-footnotes-namehfootnote-xx-has-been-referenced-but-does-not-exi
17551,5194,3185,registered,0,0,0,False,83.0,"theorems, amsthm",2,2011-05-06 11:40:17,False,109,0,0,10,0,True,58,0,,1,20553,https://tex.stackexchange.com/questions/17551/amsthm-what-are-the-newtheoremstyle-parameters-for-the-default-styles
19856,4011,30293,registered,0,0,0,False,72.0,"tikz-pgf, emacs, auctex, tkz-collection",4,2011-06-04 12:43:23,False,57,0,0,4,0,False,58,0,,1,6679,https://tex.stackexchange.com/questions/19856/auctex-extension-for-tikz
23773,4107,1951,registered,0,0,0,True,84.0,symbols,1,2011-07-22 11:50:15,False,44,1,0,4,0,False,58,0,,1,587357,https://tex.stackexchange.com/questions/23773/a-centered-plus-minus-symbol
27171,245,2955,registered,0,0,0,False,100.0,tikz-pgf,1,2011-09-01 16:15:58,True,235,2,0,5,0,False,58,0,113.47,4,5619,https://tex.stackexchange.com/questions/27171/padded-boundary-of-convex-hull
29310,6832,8109,registered,0,0,0,False,97.0,viewers,1,2011-09-23 22:05:14,False,66,0,0,9,0,True,58,1,78.22,6,58321,https://tex.stackexchange.com/questions/29310/free-pdf-viewer-allowing-to-measure-in-a-document
31886,5764,628671,moderator,0,0,0,True,97.0,"packages, ctan, tex-history",3,2011-10-18 08:57:07,False,130,0,5,6,0,False,58,0,174.9,6,7647,https://tex.stackexchange.com/questions/31886/historical-stable-version-archive-of-packages
33538,9037,581,unregistered,0,0,0,False,,stacking-symbols,1,2011-11-03 14:21:29,False,47,0,0,8,0,False,58,0,,4,249453,https://tex.stackexchange.com/questions/33538/how-to-get-an-approximately-proportional-to-symbol
35782,9511,583,registered,0,0,0,False,,"sectioning, numbering",2,2011-11-22 16:48:36,False,39,0,0,10,0,False,58,0,32.97,1,102078,https://tex.stackexchange.com/questions/35782/how-to-split-a-latex-document-using-parts-and-chapters
39771,5094,4241,registered,0,0,0,False,100.0,"packages, installing, tools, ubuntu, linux",5,2012-01-01 11:59:03,False,131,0,1,8,0,False,58,0,,2,118435,https://tex.stackexchange.com/questions/39771/finding-a-ubuntu-package-for-a-sty-file
43002,11348,683,registered,0,0,0,False,,"spacing, minipage, lengths, parskip",4,2012-02-01 01:08:49,False,56,2,0,8,0,False,58,0,,2,12539,https://tex.stackexchange.com/questions/43002/how-to-preserve-the-same-parskip-in-minipage
43444,11456,581,unregistered,0,0,0,False,,"matrices, delimiters, mathjax",3,2012-02-05 01:16:04,False,23,0,1,7,0,True,58,0,,3,68804,https://tex.stackexchange.com/questions/43444/how-to-typeset-a-matrix-with-mathjax
45347,11929,1194,registered,0,0,0,False,80.0,tikz-pgf,1,2012-02-22 01:41:21,False,105,2,0,6,0,False,58,0,613594.18,4,22619,https://tex.stackexchange.com/questions/45347/vertical-and-horizontal-lines-in-pgf-tikz
54358,11637,6260,registered,0,0,0,False,72.0,tikz-pgf,1,2012-05-04 11:38:51,False,62,0,0,7,0,False,58,0,64735.57,2,34885,https://tex.stackexchange.com/questions/54358/custom-and-built-in-tikz-fill-patterns
55000,10739,1318,registered,0,0,0,False,90.0,"beamer, lists, enumerate",3,2012-05-09 03:55:15,True,216,1,1,5,2,False,58,0,3393771.52,4,67523,https://tex.stackexchange.com/questions/55000/continuing-enumerate-counters-in-beamer
55589,10060,1261,registered,0,0,0,False,86.0,"beamer, horizontal-alignment, presentations",3,2012-05-13 04:52:01,True,24,0,0,4,0,False,58,0,3563113.43,4,115388,https://tex.stackexchange.com/questions/55589/text-justify-in-beamer
57812,352,4346,registered,0,0,0,True,100.0,"pdftex, luatex, boxes",3,2012-05-30 01:14:16,True,134,0,0,5,0,False,58,0,2786168.33,4,6338,https://tex.stackexchange.com/questions/57812/bounding-box-for-each-letter
61877,16160,581,registered,0,0,0,False,,"citing, natbib",2,2012-07-02 00:37:54,False,245,0,0,7,0,False,58,0,5204840.23,5,117079,https://tex.stackexchange.com/questions/61877/natbib-sorting-and-citation-order-by-appearance
65291,Unknown,0,does_not_exist,0,0,0,True,,"formatting, code",2,2012-07-29 21:08:00,False,67,0,0,4,0,False,58,1,,2,130176,https://tex.stackexchange.com/questions/65291/code-snippet-in-text
102507,29796,741,registered,0,0,0,False,,"amsmath, incompatibility",2,2013-03-13 01:44:00,False,56,1,0,9,5,False,58,0,,2,27552,https://tex.stackexchange.com/questions/102507/how-to-fix-this-amsmath-warning-about-redefining-vec
108784,14264,985,registered,0,0,0,False,75.0,"algorithmicx, algorithmic",2,2013-04-15 08:29:06,False,26,0,0,5,0,False,58,0,6.72,1,307532,https://tex.stackexchange.com/questions/108784/else-if-in-algorithmic-package
110314,29548,683,registered,0,0,0,False,,"horizontal-alignment, indentation, verse, poetry",4,2013-04-23 20:51:20,True,122,1,0,8,0,False,58,0,3485871.1,9,6849,https://tex.stackexchange.com/questions/110314/starting-a-line-where-the-previous-line-finishes
113686,30523,1033,registered,0,0,0,False,14.0,"math-mode, errors",2,2013-05-11 11:44:45,False,29,0,0,3,0,False,58,7,,1,469726,https://tex.stackexchange.com/questions/113686/writing-multiplication-dots
116506,25356,14949,registered,0,0,0,False,82.0,"math-mode, amsmath, math-operators",3,2013-05-28 15:37:12,True,116,2,0,5,0,True,58,0,,3,13708,https://tex.stackexchange.com/questions/116506/how-are-big-operators-defined
179354,46640,1198,registered,0,0,0,True,50.0,"math-mode, amsmath, math-operators",3,2014-05-20 21:00:12,True,57,1,0,9,0,True,58,3,12.4,1,240924,https://tex.stackexchange.com/questions/179354/how-to-show-a-wide-bar-over-a-letter
199635,Unknown,0,does_not_exist,0,0,0,True,,"pdftex, minipage",2,2014-09-05 11:40:03,False,52,2,0,5,0,False,58,0,,1,229161,https://tex.stackexchange.com/questions/199635/underfull-hbox-badness-10000-message
207532,64434,681,registered,0,0,0,True,,"equations, numbering, counters",3,2014-10-16 22:57:42,False,62,3,0,6,0,False,58,5,,1,106668,https://tex.stackexchange.com/questions/207532/reset-equation-numbering-after-each-section
212263,37054,1007,registered,0,0,0,False,75.0,datetime,1,2014-11-14 20:36:01,False,49,0,0,4,0,False,58,2,303573.3,4,99475,https://tex.stackexchange.com/questions/212263/month-year-format-in-latex
222882,56310,933,registered,0,0,0,False,88.0,"tikz-pgf, pgfplots, diagrams, pstricks, metapost",5,2015-01-13 13:13:50,True,52,0,0,4,0,False,58,5,3038472.45,12,98724,https://tex.stackexchange.com/questions/222882/drawing-minimal-xy-axis
268419,81982,1679,registered,0,0,0,False,100.0,"symbols, footnotes, typography",3,2015-09-19 20:56:22,False,82,0,0,11,0,True,58,5,1565.95,4,97126,https://tex.stackexchange.com/questions/268419/why-is-a-cross-used-as-footnote-marker-for-people
283081,87887,847,registered,0,0,0,True,70.0,"math-mode, matrices",2,2015-12-14 23:10:37,False,94,1,0,12,0,True,58,8,2274726.93,12,23462,https://tex.stackexchange.com/questions/283081/is-there-a-way-to-automatically-transpose-a-matrix-written-in-latex
294150,49501,1225,registered,0,0,0,False,67.0,"horizontal-alignment, titles, minipage",3,2016-02-16 08:37:05,True,102,0,1,7,0,False,58,0,,5,149388,https://tex.stackexchange.com/questions/294150/left-and-right-aligned-on-same-line
338657,109706,711,registered,0,0,0,True,,"symbols, moderncv",2,2016-11-11 18:59:19,False,41,0,2,11,0,True,58,0,2112406.12,5,84118,https://tex.stackexchange.com/questions/338657/how-to-include-socials-icons-like-github-and-linkedin-in-moderncv
1725,267,1763,registered,0,0,0,False,,"packages, licensing",2,2010-08-15 02:35:58,False,89,1,1,8,1,True,57,0,215961.82,4,20790,https://tex.stackexchange.com/questions/1725/how-do-i-generate-creative-commons-license-information
6227,2188,901,unregistered,0,0,0,False,0.0,"sectioning, page-breaking, chapters, report, double-sided",5,2010-11-30 13:15:54,False,28,0,0,10,0,False,57,0,,1,56176,https://tex.stackexchange.com/questions/6227/how-to-start-new-chapters-on-the-right-hand-side
10192,3316,15175,registered,0,0,0,False,93.0,"lists, itemize, examples",3,2011-02-03 20:39:26,True,35,1,0,8,0,True,57,0,,3,106536,https://tex.stackexchange.com/questions/10192/how-to-define-a-list-with-custom-symbols
16793,4308,1491,registered,0,0,0,False,83.0,"beamer, spacing, lists, itemize",4,2011-04-28 01:18:18,False,76,0,2,11,0,False,57,1,3550617.95,8,84390,https://tex.stackexchange.com/questions/16793/global-setting-of-spacing-between-items-in-itemize-environment-for-beamer
17136,4784,703,registered,0,0,0,False,,"tikz-pgf, nodes",2,2011-05-02 03:56:15,False,77,2,0,13,0,True,57,0,,2,78868,https://tex.stackexchange.com/questions/17136/how-to-add-a-node-in-the-middle-of-the-line-with-tikz
18969,3094,45273,registered,0,0,0,False,100.0,"listings, color",2,2011-05-24 20:48:33,True,102,1,1,6,0,False,57,0,,1,5447,https://tex.stackexchange.com/questions/18969/creating-a-zebra-effect-using-listings
22905,1997,8763,registered,0,0,0,False,100.0,"sectioning, numbering, chapters",3,2011-07-13 00:57:06,False,65,1,0,4,0,False,57,0,,2,131922,https://tex.stackexchange.com/questions/22905/one-chapter-without-numeration
23921,6825,7439,registered,0,0,0,False,100.0,spacing,1,2011-07-23 20:37:46,False,88,2,0,6,0,True,57,0,,5,90249,https://tex.stackexchange.com/questions/23921/how-to-shorten-shrink-spaces-between-words
26332,6302,2825,registered,0,0,0,False,67.0,bibtex,1,2011-08-23 15:09:00,False,233,2,1,14,0,False,57,0,,3,13352,https://tex.stackexchange.com/questions/26332/bibtex-abbreviate-first-name-aka-given-name-to-2-or-3-letters-not-1
27780,7361,705,registered,0,0,0,False,,"line-breaking, typography",2,2011-09-07 18:25:44,False,201,4,1,7,0,False,57,1,5651771.65,7,26214,https://tex.stackexchange.com/questions/27780/one-letter-word-at-the-end-of-line
29429,379,6243,registered,0,0,0,False,99.0,"errors, algorithms, algorithmicx",3,2011-09-25 06:32:42,False,83,2,1,5,0,True,57,0,,2,104574,https://tex.stackexchange.com/questions/29429/how-to-use-algorithmicx-package
32112,4039,2590,registered,0,0,0,False,60.0,"page-breaking, margins",2,2011-10-20 09:23:26,False,69,0,0,8,0,False,57,0,,3,32453,https://tex.stackexchange.com/questions/32112/squeeze-some-more-lines-on-the-current-page
32951,963,122413,registered,0,0,0,False,93.0,"floats, positioning, footnotes",3,2011-10-28 10:47:36,True,192,3,0,13,3,True,57,0,,3,14965,https://tex.stackexchange.com/questions/32951/tables-below-footnotes-is-this-a-good-output-routine-algorithm-or-a-bug
41758,3068,1639,registered,0,0,0,False,88.0,"tables, rules",2,2012-01-20 20:24:33,True,124,1,0,9,0,True,57,0,5086948.87,3,121279,https://tex.stackexchange.com/questions/41758/how-can-i-reproduce-this-table-with-thick-lines
45393,10038,20895,registered,0,0,0,True,90.0,"macros, starred-version",2,2012-02-22 13:59:33,False,165,0,1,9,0,False,57,0,,2,30454,https://tex.stackexchange.com/questions/45393/meaning-of-an-asterisk-in-a-macro-name
51488,8890,1569,registered,0,0,0,False,91.0,"tikz-pgf, packages, color, incompatibility, package-options",5,2012-04-11 03:01:37,False,107,2,0,6,0,False,57,0,,2,32208,https://tex.stackexchange.com/questions/51488/option-clash-with-xcolor-and-tikz
52576,11396,1401,registered,0,0,0,False,80.0,"hyperref, warnings, bookmarks",3,2012-04-19 17:10:14,False,121,2,0,12,0,True,57,0,5897038.12,2,37992,https://tex.stackexchange.com/questions/52576/difference-between-bookmark-levels-greater-than-one-what-does-this-mean
56765,5876,692,registered,0,0,0,False,,"math-mode, math-operators",2,2012-05-21 15:34:03,False,91,3,0,11,0,False,57,0,22.98,2,287300,https://tex.stackexchange.com/questions/56765/getting-the-expectation-symbol-to-behave-like-sum-instead-of-sigma
56871,14633,2515,registered,0,0,0,False,100.0,algorithms,1,2012-05-22 06:35:14,False,82,0,0,11,0,False,57,1,104.82,5,370998,https://tex.stackexchange.com/questions/56871/how-to-format-for-loop-for-printing-a-pseudo-code-listing
59317,10646,2563,registered,0,0,0,False,92.0,"indexing, automation",2,2012-06-10 16:14:02,False,35,0,0,4,0,False,57,0,297.87,4,31637,https://tex.stackexchange.com/questions/59317/auto-generate-an-index
63545,16673,571,registered,0,0,0,False,,"symbols, mtpro",2,2012-07-16 23:20:18,False,27,0,0,5,0,False,57,0,5900802.83,5,118514,https://tex.stackexchange.com/questions/63545/big-tilde-in-math-mode
64567,3874,9988,registered,0,0,0,False,90.0,tikz-pgf,1,2012-07-24 23:12:06,False,54,2,0,11,0,True,57,1,,1,210625,https://tex.stackexchange.com/questions/64567/how-to-draw-circle-square-and-triangle-marks-in-tikz-picture
66958,5846,1866,registered,0,0,0,False,,"pdftex, warnings",2,2012-08-13 17:45:43,False,240,0,1,9,0,True,57,1,827799.8,2,32225,https://tex.stackexchange.com/questions/66958/how-do-you-suppress-specific-warnings-generated-by-pdflatex
71664,17670,4872,registered,0,0,0,False,89.0,"hyperref, footnotes, back-referencing, footmisc",4,2012-09-15 17:28:33,False,131,1,0,10,1,True,57,0,3741649.68,3,28792,https://tex.stackexchange.com/questions/71664/why-are-all-of-my-footnotes-hyperlinked-to-the-titlepage
76455,19838,671,registered,0,0,0,False,,"texstudio, epstopdf",2,2012-10-12 19:09:37,False,181,5,0,4,1,False,57,1,4253515.22,9,169744,https://tex.stackexchange.com/questions/76455/converted-xxx-eps-converted-to-pdf-not-found
77720,8994,1861,registered,0,0,0,False,100.0,texmf,1,2012-10-15 14:56:45,False,22,0,0,5,0,True,57,1,23.88,3,9243,https://tex.stackexchange.com/questions/77720/what-does-texmf-stand-for
77779,Unknown,0,does_not_exist,0,0,0,True,,"symbols, iso",2,2012-10-15 22:56:49,False,44,2,0,3,0,False,57,1,,2,489476,https://tex.stackexchange.com/questions/77779/iso-cross-product
89574,24026,673,registered,0,0,0,False,,"listings, javascript",2,2013-01-06 11:32:11,False,16,1,0,5,0,False,57,2,5418123.13,5,115632,https://tex.stackexchange.com/questions/89574/language-option-supported-in-listings
99616,9083,907,registered,0,0,0,True,,"punctuation, texstudio, auto-completion",3,2013-02-23 20:21:50,False,52,0,0,6,0,False,57,0,,1,24235,https://tex.stackexchange.com/questions/99616/texstudio-disable-auto-completion-of-parentheses
108767,29043,571,unregistered,0,0,0,False,,"brackets, angle",2,2013-04-15 02:47:08,False,50,0,0,3,0,False,57,0,28.6,4,209620,https://tex.stackexchange.com/questions/108767/big-angle-brackets
110840,29724,777,registered,0,0,0,False,,"numbering, chapters",2,2013-04-26 11:18:54,False,264,2,0,12,1,False,57,0,,5,189725,https://tex.stackexchange.com/questions/110840/how-to-remove-chapter-numbering-without-removing-it-from-table-of-contents
111569,30043,1003,registered,0,0,0,False,43.0,page-numbering,1,2013-04-30 12:07:20,False,165,1,0,10,10,True,57,0,,2,172499,https://tex.stackexchange.com/questions/111569/how-to-remove-the-number-of-the-page-in-latex
114219,26889,1691,registered,0,0,0,False,71.0,"beamer, notes",2,2013-05-14 15:57:08,False,26,0,0,5,0,False,57,2,,1,122377,https://tex.stackexchange.com/questions/114219/add-notes-to-latex-beamer
116560,4515,1173,registered,0,0,0,True,86.0,forward-inverse-search,1,2013-05-28 21:57:08,False,44,0,0,7,0,True,57,0,271.38,2,9798,https://tex.stackexchange.com/questions/116560/why-does-latex-gzip-the-synctex-file
118563,9823,6019,registered,0,0,0,False,96.0,"tikz-pgf, asymptote",2,2013-06-11 02:19:02,False,40,0,1,4,0,False,57,0,6339375.33,8,9690,https://tex.stackexchange.com/questions/118563/moebius-strip-using-tikz
120260,3874,9988,registered,0,0,0,False,90.0,"fonts, pdf, ps",3,2013-06-20 21:36:38,False,46,0,1,5,0,False,57,0,,1,4844,https://tex.stackexchange.com/questions/120260/making-low-quality-pdf-files-clearer
129439,15952,5512,registered,0,0,0,False,79.0,"editors, expl3, winedt",3,2013-08-21 20:15:19,False,204,0,0,2,0,False,57,4,2213257.07,7,3054,https://tex.stackexchange.com/questions/129439/latex3-sensitive-editors
133303,36596,997,registered,0,0,0,False,,"ieeetran, bookmarks",2,2013-09-14 16:27:14,False,43,1,0,9,0,True,57,1,,5,43305,https://tex.stackexchange.com/questions/133303/how-to-remove-bookmarks-from-you-pdf-latex-file
140719,35727,685,registered,0,0,0,True,,"beamer, verbatim",2,2013-10-26 09:57:04,False,144,5,0,12,0,False,57,0,,3,56775,https://tex.stackexchange.com/questions/140719/verbatim-in-beamer-showing-error-file-ended-while-scanning-use-of-xverbatim
151549,42315,5616,registered,0,0,0,True,93.0,"fonts, math-mode, xetex, unicode-math",4,2013-12-28 13:48:50,False,82,1,0,4,2,False,57,0,,2,244201,https://tex.stackexchange.com/questions/151549/mathscr-latex-or-xelatex
151984,43427,573,registered,0,0,0,False,,math-mode,1,2014-01-01 00:49:47,False,147,2,0,4,0,False,57,0,3470963.25,4,103014,https://tex.stackexchange.com/questions/151984/double-vertical-bar-notation
162456,46901,751,registered,0,0,0,False,100.0,"math-mode, errors",2,2014-02-26 10:31:05,False,88,2,0,9,0,False,57,0,5844886.45,3,119106,https://tex.stackexchange.com/questions/162456/i-get-the-warning-undefined-control-sequence-with-mathbb
163246,28762,757,registered,0,0,0,False,,"tables, scaling",2,2014-03-02 15:40:17,True,143,1,0,6,0,False,57,1,3974160.55,5,352131,https://tex.stackexchange.com/questions/163246/resize-a-tabular-object-to-textwidth
165475,30413,937,registered,0,0,0,False,100.0,"beamer, floats",2,2014-03-14 11:21:14,False,97,1,0,6,0,False,57,0,,5,106962,https://tex.stackexchange.com/questions/165475/figure-next-to-text-in-beamer
167366,328,4153,registered,0,0,0,True,60.0,"tables, multirow, multicolumn",3,2014-03-24 10:44:11,True,151,1,0,4,0,False,57,0,,2,162209,https://tex.stackexchange.com/questions/167366/combining-multirow-and-multicolumn
178857,51879,2833,registered,0,0,0,True,100.0,"luatex, windows, lua",3,2014-05-18 11:57:06,True,149,4,3,9,2,True,57,1,4871554.38,1,2502,https://tex.stackexchange.com/questions/178857/how-can-i-use-wxlua-in-lualatex-on-windows
207212,22413,51829,registered,0,0,0,True,85.0,pgfplots,1,2014-10-15 05:21:50,True,148,1,0,14,20,True,57,0,,2,67465,https://tex.stackexchange.com/questions/207212/how-do-i-change-the-font-size-of-the-axis-tick-labels-in-pgfplots
212830,66457,983,registered,0,0,0,False,33.0,appendices,1,2014-11-18 22:04:44,False,33,0,0,8,0,True,57,1,,1,160999,https://tex.stackexchange.com/questions/212830/how-to-add-an-appendix-to-an-article
215482,24402,3533,registered,0,0,0,False,78.0,"fonts, bold, typewriter",3,2014-12-05 07:03:46,False,55,0,1,10,0,True,57,4,4246815.47,4,47364,https://tex.stackexchange.com/questions/215482/how-do-i-get-texttt-with-bold-face-in-latex
218603,44927,1001,registered,0,0,0,False,11.0,"math-mode, subscripts",2,2014-12-18 21:05:40,True,37,0,0,6,0,False,57,1,,1,197710,https://tex.stackexchange.com/questions/218603/making-the-subscript-under-the-summation
270543,30097,1047,registered,0,0,0,False,91.0,"tikz-pgf, nodes, tikz-arrows, graphs",4,2015-10-01 16:36:57,True,136,1,2,7,0,False,57,2,,1,140604,https://tex.stackexchange.com/questions/270543/draw-a-graph-in-latex-with-tikz
279788,5001,561641,registered,0,0,0,True,100.0,fun,1,2015-11-24 19:47:51,False,30,0,0,14,0,False,57,9,1552.12,8,5949,https://tex.stackexchange.com/questions/279788/draw-a-turkey-a-pumpkin-pie-or-any-other-object-traditionally-associated-with
306177,72407,1095,registered,0,0,0,False,100.0,"symbols, typography, fun",3,2016-04-25 02:56:05,False,84,1,0,9,0,True,57,4,,3,47044,https://tex.stackexchange.com/questions/306177/how-to-produce-the-table-flip-emoticon
312154,10995,112954,registered,0,0,0,False,98.0,"fonts, luatex, luaotfload",3,2016-05-30 10:35:15,False,187,1,11,7,0,True,57,0,30023.55,2,5780,https://tex.stackexchange.com/questions/312154/how-to-adjust-font-features-in-luatex
598250,19809,15025,registered,0,0,0,False,93.0,"macros, tex-history",2,2021-05-23 13:50:53,False,125,0,0,9,0,True,57,1,68.82,8,5044,https://tex.stackexchange.com/questions/598250/why-does-tex-not-allow-numbers-in-command-names
661079,211183,1152,registered,0,0,0,True,,"tikz-pgf, diagrams, workflow",3,2022-10-09 18:58:48,False,181,0,2,14,0,True,57,15,169.63,10,19230,https://tex.stackexchange.com/questions/661079/why-do-people-insist-on-using-tikz-when-they-can-use-simpler-drawing-tools
681418,5645,19669,registered,0,0,0,False,87.0,"tikz-pgf, fun",2,2023-03-31 17:42:35,False,114,0,2,6,0,False,57,4,13.0,22,14392,https://tex.stackexchange.com/questions/681418/draw-a-unicorn-in-tikz
162,87,6286,registered,0,0,0,False,77.0,"big-list, online, resources",3,2010-07-27 00:02:34,False,32,0,0,13,0,True,56,0,10.92,14,3795,https://tex.stackexchange.com/questions/162/what-are-other-good-resources-on-line-for-information-about-tex-latex-and-frien
1342,69,9023,registered,0,0,0,False,59.0,"tikz-pgf, equations, vertical-alignment",3,2010-08-08 16:30:42,False,51,2,0,6,0,False,56,0,,2,33436,https://tex.stackexchange.com/questions/1342/aligned-equations-inside-of-tikz-node
2047,213,240866,moderator,0,0,0,False,79.0,"packages, e-tex",2,2010-08-19 18:30:24,False,36,0,0,8,0,True,56,0,147.32,6,12585,https://tex.stackexchange.com/questions/2047/what-are-benefits-of-e-tex-for-latex-users
2734,993,5049,registered,0,0,0,False,91.0,spacing,1,2010-09-04 14:28:59,False,111,0,1,7,0,False,56,0,,1,74966,https://tex.stackexchange.com/questions/2734/taking-unncessary-space-after-e-g-or-i-e
2941,929,12622,registered,0,0,0,False,83.0,"pdftex, pdf, vim, forward-inverse-search",4,2010-09-09 20:34:10,False,130,0,1,13,0,True,56,1,1875354.85,9,36707,https://tex.stackexchange.com/questions/2941/how-to-setup-synctex-with-vim-pdflatex-and-an-open-source-pdf-viewer-under-linu
2995,Unknown,0,does_not_exist,0,0,0,True,,"table-of-contents, header-footer, page-numbering",3,2010-09-11 21:38:30,False,12,0,0,5,0,False,56,0,17.23,6,127333,https://tex.stackexchange.com/questions/2995/removing-page-number-from-toc
4891,529,765,registered,0,0,0,False,,"sectioning, spacing, sections-paragraphs",3,2010-11-04 00:37:17,False,51,0,0,10,0,True,56,0,6481066.63,4,47717,https://tex.stackexchange.com/questions/4891/how-do-i-control-the-spacing-above-a-new-paragraph
7347,2036,11746,registered,0,0,0,False,90.0,"tables, horizontal-alignment, columns",3,2010-12-18 17:39:08,False,111,1,0,8,1,False,56,0,,2,53470,https://tex.stackexchange.com/questions/7347/fixed-column-width-table-with-text-left-aligned-in-cells
7653,2099,50663,registered,0,0,0,False,93.0,"external-files, filesystem-access, file-lookup",3,2010-12-23 18:23:14,False,73,0,0,11,0,False,56,0,46.72,6,27678,https://tex.stackexchange.com/questions/7653/how-to-iterate-through-the-name-of-files-in-a-folder
8053,2733,1097,registered,0,0,0,False,100.0,"fonts, best-practices, italic",3,2010-12-31 22:27:35,False,41,0,0,8,0,True,56,0,,3,43575,https://tex.stackexchange.com/questions/8053/is-there-a-difference-between-textit-and-itshape
9803,3166,695,registered,0,0,0,False,,pgfplots,1,2011-01-27 17:01:26,False,172,3,0,7,0,True,56,0,1203.22,1,33053,https://tex.stackexchange.com/questions/9803/how-do-you-remove-the-axis-multiplier
10610,1481,2160,registered,0,0,0,False,75.0,"biblatex, citing",2,2011-02-08 18:13:02,False,58,0,0,7,0,True,56,0,13.67,2,59612,https://tex.stackexchange.com/questions/10610/how-to-get-title-of-a-citation
10858,2158,925,registered,0,0,0,False,,"hyperref, pdf, urls, links, tilde",5,2011-02-11 19:32:24,False,73,1,0,4,0,True,56,0,,4,54546,https://tex.stackexchange.com/questions/10858/url-with-tilde-character
13177,119,26810,registered,0,0,0,False,93.0,tex-core,1,2011-03-10 21:21:29,False,125,0,1,6,0,True,56,0,,2,16245,https://tex.stackexchange.com/questions/13177/what-are-vertical-and-horizontal-modes
15244,945,4842,registered,0,0,0,False,76.0,"beamer, spacing, columns",3,2011-04-07 18:50:57,False,52,1,0,9,0,True,56,0,7503656.98,3,16430,https://tex.stackexchange.com/questions/15244/why-does-vfill-not-work-inside-a-beamer-column
16355,92,3474,registered,0,0,0,True,100.0,"posters, flyers",2,2011-04-21 21:45:41,False,39,0,0,4,0,False,56,0,,5,45422,https://tex.stackexchange.com/questions/16355/creating-flyers-in-latex
18111,4441,1871,registered,0,0,0,False,100.0,"algorithms, line-numbering",2,2011-05-13 03:03:47,False,81,2,0,10,0,False,56,0,14.07,1,113025,https://tex.stackexchange.com/questions/18111/how-to-put-a-line-number-every-line-of-algorithmic
23385,6760,3583,registered,0,0,0,True,84.0,"floats, cross-referencing, numbering, captions",4,2011-07-18 15:35:48,False,121,3,0,8,0,False,56,0,,3,63191,https://tex.stackexchange.com/questions/23385/table-numbering-mismatch-in-caption-and-in-text
27193,Unknown,0,does_not_exist,0,0,0,True,,tables,1,2011-09-01 17:58:49,False,105,0,3,11,0,False,56,0,,1,165826,https://tex.stackexchange.com/questions/27193/latex-table-cell-with-a-diagonal-line-and-2-sub-cells
29359,8064,861,registered,0,0,0,False,100.0,"tikz-pgf, pgfplots",2,2011-09-24 16:08:33,True,192,1,0,16,0,True,56,0,5428822.65,4,38403,https://tex.stackexchange.com/questions/29359/pgfplots-how-to-fill-the-area-under-a-curve-with-oblique-lines-hatching-as-a
35174,8306,11638,registered,0,0,0,False,85.0,"math-mode, tables, horizontal-alignment",3,2011-11-17 17:40:37,False,319,2,1,9,0,True,56,0,5137458.73,8,56421,https://tex.stackexchange.com/questions/35174/best-way-to-create-an-system-of-equations-environment
41035,9871,2293,registered,0,0,0,False,100.0,"errors, document-classes",2,2012-01-13 23:07:37,False,121,3,1,6,3,True,56,0,6.67,3,578970,https://tex.stackexchange.com/questions/41035/what-is-causing-undefined-control-sequence
41379,911,14863,registered,0,0,0,False,100.0,"fonts, math-mode, sectioning, table-of-contents, bold",5,2012-01-17 17:50:09,False,226,0,0,8,0,False,56,0,53.4,5,22144,https://tex.stackexchange.com/questions/41379/automatically-typeset-math-in-section-headings-in-bold-face
46507,10898,31282,registered,0,0,0,False,68.0,tikz-pgf,1,2012-03-02 15:52:25,True,35,0,1,5,0,False,56,0,,3,7497,https://tex.stackexchange.com/questions/46507/recreating-a-guilloche-with-tikz
47392,13184,1317,registered,0,0,0,False,86.0,"tikz-pgf, diagrams",2,2012-03-09 04:39:07,False,88,0,1,9,0,True,56,0,4589803.47,4,39765,https://tex.stackexchange.com/questions/47392/how-to-draw-a-poset-hasse-diagram-using-tikz
48756,10127,8316,registered,0,0,0,False,62.0,tikz-pgf,1,2012-03-21 01:53:49,True,143,1,0,3,0,False,56,0,,1,94669,https://tex.stackexchange.com/questions/48756/tikz-relative-coordinates
49087,1183,20745,registered,0,0,0,False,91.0,tex-history,1,2012-03-23 12:36:27,True,34,0,0,8,0,True,56,0,,1,4596,https://tex.stackexchange.com/questions/49087/why-does-tex-have-a-lion-as-mascot
49698,4415,5594,registered,0,0,0,False,66.0,"tikz-pgf, documentation",2,2012-03-27 22:26:35,False,45,0,1,5,0,True,56,2,876841.25,6,44145,https://tex.stackexchange.com/questions/49698/tikz-manual-newest-version-online
54927,10827,9571,registered,0,0,0,True,98.0,"graphics, hyperref",2,2012-05-08 15:56:55,False,18,0,0,11,0,False,56,0,,4,54800,https://tex.stackexchange.com/questions/54927/how-to-insert-an-image-that-also-acts-as-a-link
60461,15765,3101,registered,0,0,0,False,0.0,"macros, compiling",2,2012-06-20 00:08:24,False,94,1,0,6,0,True,56,0,,5,10504,https://tex.stackexchange.com/questions/60461/stop-latex-compile-with-a-command
63999,13131,683,registered,0,0,0,False,,"errors, texmaker",2,2012-07-20 02:24:28,False,240,4,4,12,0,False,56,1,4528606.63,8,248181,https://tex.stackexchange.com/questions/63999/texmaker-windows-version-first-use-error-log-file-not-found
66490,5950,4576,registered,0,0,0,True,69.0,"tikz-pgf, arc",2,2012-08-09 19:39:33,True,123,1,0,7,0,False,56,0,4629316.78,3,109522,https://tex.stackexchange.com/questions/66490/drawing-a-tikz-arc-specifying-the-center
73104,9452,1897,registered,0,0,0,True,77.0,"sectioning, table-of-contents, numbering",3,2012-09-19 00:22:15,True,180,1,1,8,5,False,56,0,,3,260190,https://tex.stackexchange.com/questions/73104/increment-the-section-number-with-1-not-0-1
96678,11604,88889,registered,0,0,0,False,94.0,"tikz-pgf, positioning, random-numbers",3,2013-02-04 03:58:01,True,751,1,1,4,23,False,56,2,,1,3849,https://tex.stackexchange.com/questions/96678/toward-a-stamper-package
116846,17147,1988,registered,0,0,0,False,14.0,"tex-core, debugging, knuth",3,2013-05-30 13:48:48,False,72,0,2,14,0,True,56,1,,3,3962,https://tex.stackexchange.com/questions/116846/2013-year-of-the-tex-bugs-report-will-pdftex-xetex-etc-be-changed-according
132370,36296,215237,registered,0,0,0,True,100.0,"beamer, numbering, presentations, fun",4,2013-09-09 12:46:42,False,154,2,0,12,2,True,56,0,,9,3541,https://tex.stackexchange.com/questions/132370/how-to-number-slides-with-an-increasing-number-of-digits-of-pi
135871,19356,38063,registered,0,0,0,True,98.0,"mdframed, tcolorbox",2,2013-10-01 04:51:28,False,72,0,0,12,0,True,56,0,1827.8,4,6082,https://tex.stackexchange.com/questions/135871/what-are-the-relative-strong-and-weak-points-between-tcolorbox-and-mdframed
147891,10194,727,registered,0,0,0,False,,"pstricks, calculations, pst-plot",3,2013-12-01 20:08:49,False,107,2,0,11,0,True,56,0,,11,7109,https://tex.stackexchange.com/questions/147891/how-can-i-define-a-mathematical-function-as-a-latex-macro
153329,42569,1399,registered,0,0,0,True,71.0,"sectioning, footnotes, koma-script",3,2014-01-10 13:28:18,False,49,3,0,4,0,False,56,0,,2,55381,https://tex.stackexchange.com/questions/153329/footnote-in-sub-section-title
168169,32124,877,registered,0,0,0,True,50.0,"revtex, journal-publishing, arxiv",3,2014-03-28 07:51:36,False,228,0,3,10,0,False,56,1,,5,62963,https://tex.stackexchange.com/questions/168169/options-for-supplementary-materials-in-preprint-version-revtex-arxiv
169098,33673,2312,registered,0,0,0,False,63.0,"tables, arydshln",2,2014-04-02 14:39:51,False,52,0,0,8,0,False,56,0,3457592.93,4,93023,https://tex.stackexchange.com/questions/169098/dotted-line-instead-of-hline-in-table-environment
186588,12795,12796,registered,0,0,0,False,76.0,"packages, tex-core, e-tex, registers",4,2014-06-25 17:54:51,False,187,0,1,7,0,True,56,0,,3,14346,https://tex.stackexchange.com/questions/186588/what-does-the-etex-package-do-exactly
203045,63129,579,unregistered,0,0,0,False,,hyperref,1,2014-09-25 10:08:56,True,30,0,0,7,0,False,56,0,3054788.3,3,109997,https://tex.stackexchange.com/questions/203045/latex-error-option-clash-for-package-hyperref
239199,35759,904,registered,0,0,0,True,100.0,distributions,1,2015-04-18 00:12:16,False,17,0,0,7,0,True,56,3,37.62,2,95669,https://tex.stackexchange.com/questions/239199/latex-distributions-what-are-their-main-differences
255709,39222,266158,registered,0,0,0,True,64.0,"fonts, texlive, installing, scripts",4,2015-07-17 02:42:21,False,88,0,0,19,0,True,56,0,22.5,1,9498,https://tex.stackexchange.com/questions/255709/why-shouldnt-i-use-getnonfreefonts-to-install-additional-fonts-why-shouldnt-i
277234,85210,983,registered,0,0,0,True,100.0,equations,1,2015-11-08 06:02:16,True,86,1,2,9,0,False,56,0,,1,171852,https://tex.stackexchange.com/questions/277234/gather-vs-aligned-centered-equation-with-one-number
315025,23992,5638,registered,0,0,0,False,100.0,"luatex, texlive, standalone, texlive-2016",4,2016-06-16 12:22:34,False,47,2,0,7,0,False,56,5,,2,9224,https://tex.stackexchange.com/questions/315025/lualatex-texlive-2016-standalone-undefined-control-sequence
31780,1113,3705,registered,0,0,0,False,78.0,"sectioning, documentation, latex-base",3,2010-02-19 16:01:21,False,65,0,0,14,0,True,55,0,,6,15162,https://tex.stackexchange.com/questions/31780/where-can-i-find-help-files-or-documentation-for-commands-like-startsection-fo
4473,1576,919,registered,0,0,0,False,100.0,"math-mode, symbols, relation-symbols",3,2010-10-24 01:17:33,False,22,0,0,11,0,True,55,7,41.55,5,52955,https://tex.stackexchange.com/questions/4473/whats-a-good-way-to-write-x-does-not-divide-y
5008,1488,5871,registered,0,0,0,False,85.0,"fonts, formatting, best-practices, typography",4,2010-11-06 17:37:38,False,113,0,0,9,0,True,55,0,41.58,3,36772,https://tex.stackexchange.com/questions/5008/when-to-use-bold-italics-small-caps-typewriter-etc
5494,575,38898,registered,0,0,0,False,92.0,"math-mode, tikz-pgf",2,2010-11-17 01:52:28,False,143,2,0,11,0,True,55,0,,2,10501,https://tex.stackexchange.com/questions/5494/is-there-a-tikz-style-for-putting-math-in-all-nodes
8089,1586,2167,registered,0,0,0,False,100.0,"formatting, theorems, amsthm",3,2011-01-01 23:28:26,False,41,0,0,4,0,False,55,0,6175530.02,8,49493,https://tex.stackexchange.com/questions/8089/changing-style-of-proof
10943,2074,1295,registered,0,0,0,False,,"table-of-contents, memoir",2,2011-02-12 22:42:05,False,78,1,0,11,0,True,55,0,,5,46600,https://tex.stackexchange.com/questions/10943/how-to-remove-the-self-reference-of-the-toc-from-the-toc
11368,2360,693,registered,0,0,0,False,,"tikz-pgf, pgfplots, plot",3,2011-02-18 01:32:07,False,23,0,0,6,0,False,55,0,,1,32886,https://tex.stackexchange.com/questions/11368/bell-curve-gaussian-function-normal-distribution-in-tikz-pgf
14559,4505,869,registered,0,0,0,False,75.0,moderncv,1,2011-03-30 13:47:58,False,19,0,0,2,0,False,55,0,458454.98,3,97502,https://tex.stackexchange.com/questions/14559/moderncv-themes
21435,3182,5131,registered,0,0,0,False,100.0,"spacing, vertical-alignment",2,2011-06-23 13:31:10,False,29,2,0,12,0,True,55,0,,4,30799,https://tex.stackexchange.com/questions/21435/how-can-i-make-vfill-to-work-without-adding-any-text-before
31137,2155,3172,registered,0,0,0,False,91.0,"languages, datetime",2,2011-10-10 18:39:20,False,46,0,0,4,0,False,55,0,,3,100714,https://tex.stackexchange.com/questions/31137/date-format-in-latex
32401,8683,3716,registered,0,0,0,False,92.0,"hyperref, footnotes, back-referencing",3,2011-10-23 01:25:30,False,159,2,1,4,0,False,55,0,,1,8832,https://tex.stackexchange.com/questions/32401/footnote-backreference-with-hyperref
33039,375,14229,registered,0,0,0,False,85.0,"listings, bold, typewriter",3,2011-10-29 17:36:33,False,128,0,3,12,0,False,55,0,15.0,5,63437,https://tex.stackexchange.com/questions/33039/using-ttfamily-with-bfseries-or-how-to-enable-bold-in-fixed-width-font
36006,136,10884,registered,0,0,0,False,65.0,"fonts, symbols",2,2011-11-24 10:04:21,False,61,0,0,5,0,False,55,0,,1,8043,https://tex.stackexchange.com/questions/36006/importing-single-symbol-from-mnsymbol
39543,19356,38063,registered,0,0,0,True,98.0,"fonts, sans-serif",2,2011-12-29 08:48:31,False,34,0,0,16,0,True,55,4,10.27,11,65271,https://tex.stackexchange.com/questions/39543/is-there-a-sans-serif-font-that-appears-different-for-i-capital-i-and-l-small
48498,12743,1198,registered,0,0,0,False,,word-count,1,2012-03-18 16:54:13,False,29,0,0,7,0,True,55,0,,6,70141,https://tex.stackexchange.com/questions/48498/how-to-count-all-characters-including-spaces
49788,3897,1627,registered,0,0,0,False,91.0,"hyperref, line-breaking, punctuation, urls",4,2012-03-28 11:48:44,False,83,2,0,9,0,False,55,0,5528122.18,3,48188,https://tex.stackexchange.com/questions/49788/hyperref-url-long-url-with-dashes-wont-break
59183,14107,695,registered,0,0,0,False,,"math-mode, superscripts",2,2012-06-09 15:13:53,False,91,0,0,6,0,False,55,0,,1,177354,https://tex.stackexchange.com/questions/59183/normal-high-asterisk-in-equation-mode
63729,14953,4627,registered,0,0,0,True,83.0,listings,1,2012-07-18 13:30:29,True,45,1,0,7,1,True,55,0,,1,64423,https://tex.stackexchange.com/questions/63729/how-to-use-mathematical-symbols-in-listing
68916,100,21873,registered,0,0,0,False,77.0,"tex4ht, html, mathjax",3,2012-08-27 02:04:32,False,61,0,1,4,0,False,55,1,,2,22953,https://tex.stackexchange.com/questions/68916/convert-latex-to-mathjax-html
75168,19485,675,registered,0,0,0,False,,"cross-referencing, memoir",2,2012-10-03 17:38:45,False,280,4,3,6,0,False,55,0,,4,62697,https://tex.stackexchange.com/questions/75168/get-current-section-name-without-label
102173,26805,963,registered,0,0,0,False,100.0,"math-mode, page-breaking, amsmath",3,2013-03-12 21:33:05,False,169,0,0,10,0,False,55,0,,1,41090,https://tex.stackexchange.com/questions/102173/using-allowdisplaybreaks-locally-for-a-single-chapter-single-equation
111332,8971,5714,registered,0,0,0,False,79.0,"tex-core, plain-tex",2,2013-04-29 15:07:44,False,167,0,1,8,0,False,55,1,15.07,7,21583,https://tex.stackexchange.com/questions/111332/how-to-compile-the-source-code-of-tex
111393,24817,3884,registered,0,0,0,False,90.0,"spacing, floats, wrapfigure",3,2013-04-29 20:20:08,True,92,1,0,6,0,False,55,0,,2,110685,https://tex.stackexchange.com/questions/111393/too-much-space-around-wrap-figure
113900,12795,12796,registered,0,0,0,False,76.0,"tikz-pgf, 3d, plot",3,2013-05-12 19:35:55,True,559,1,2,3,26,False,55,0,,2,7462,https://tex.stackexchange.com/questions/113900/draw-polarized-light
133932,36896,551,unregistered,0,0,0,False,,symbols,1,2013-09-18 18:00:25,False,30,1,0,9,0,True,55,0,,2,650413,https://tex.stackexchange.com/questions/133932/how-do-i-type-the-infinity-symbol-in-mactex
136240,10038,20895,registered,0,0,0,True,90.0,beamer,1,2013-10-03 15:46:33,False,164,1,2,7,0,False,55,1,5074816.42,3,35386,https://tex.stackexchange.com/questions/136240/drawbacks-of-using-fragile-frames-in-beamer
201105,50211,783,registered,0,0,0,False,,tables,1,2014-09-14 14:06:15,False,88,2,0,6,0,False,55,0,55.48,2,102968,https://tex.stackexchange.com/questions/201105/reduce-cell-margins-in-a-table
204291,60455,1417,registered,0,0,0,False,38.0,bibtex,1,2014-10-03 00:09:00,False,113,0,0,3,0,False,55,2,,6,185484,https://tex.stackexchange.com/questions/204291/bibtex-latex-compiling
209993,61487,1779,registered,0,0,0,False,79.0,"titles, classicthesis",2,2014-11-01 10:57:15,False,80,1,1,5,5,True,55,11,,2,124377,https://tex.stackexchange.com/questions/209993/how-to-customize-my-titlepage
314207,19809,15025,registered,0,0,0,False,93.0,tikz-pgf,1,2016-06-11 13:40:46,False,44,0,0,4,0,True,55,2,,1,1950,https://tex.stackexchange.com/questions/314207/how-does-pgf-tikz-work
317190,77016,777,registered,0,0,0,False,,"fonts, margins, comments, annotations",4,2016-06-29 16:39:33,True,31,0,1,6,0,False,55,5,28.57,1,4804,https://tex.stackexchange.com/questions/317190/handwritten-comments-and-annotations-in-margin
341899,115100,653,registered,0,0,0,True,,"conversion, markdown",2,2016-12-01 19:55:52,False,18,0,0,4,0,False,55,1,,2,82361,https://tex.stackexchange.com/questions/341899/latex-to-markdown-converter
370627,101651,76078,registered,0,0,0,True,99.0,"floats, positioning",2,2017-05-19 21:44:22,False,144,1,1,10,0,True,55,5,,4,26322,https://tex.stackexchange.com/questions/370627/why-should-the-h-option-not-be-used-in-floats
372326,85396,723,registered,0,0,0,False,67.0,"math-mode, spacing",2,2017-05-30 09:22:34,True,25,1,1,5,0,False,55,3,38.45,1,4092,https://tex.stackexchange.com/questions/372326/bizarre-spacing-with-4-stars
393382,10038,20895,registered,0,0,0,True,90.0,"symbols, packages, punctuation",3,2017-09-26 20:28:52,True,35,0,3,9,0,True,55,2,,2,5002,https://tex.stackexchange.com/questions/393382/is-there-a-latex-implementation-of-bazins-punctuation-marks
40,70,3705,registered,0,0,0,False,75.0,"labels, brackets, matrices",3,2010-07-26 22:41:48,True,134,2,0,13,0,True,54,0,7447802.55,7,21307,https://tex.stackexchange.com/questions/40/how-do-i-label-different-rows-or-columns-of-a-matrix-using-braces
102,37,2025,registered,0,0,0,False,33.0,"bibtex, bibliographies",2,2010-07-26 23:06:41,False,116,0,0,16,0,True,54,0,6113052.0,7,29668,https://tex.stackexchange.com/questions/102/can-one-manually-override-bibtexs-choice-of-citation-keys-by-adding-a-field-t
6338,2233,1779,registered,0,0,0,False,,"tikz-pgf, diagrams, arrows",3,2010-12-01 18:10:43,False,144,0,1,7,0,True,54,0,,1,44065,https://tex.stackexchange.com/questions/6338/how-to-make-bend-lines-arrows-with-tikz
8827,1782,5403,registered,0,0,0,False,92.0,"document-classes, templates",2,2011-01-12 19:25:41,False,21,0,0,3,0,False,54,1,,4,52667,https://tex.stackexchange.com/questions/8827/preparing-cheat-sheets
11272,2148,13139,registered,0,0,0,True,100.0,"tikz-pgf, boxes, rounded-corners, shadows",4,2011-02-17 04:22:09,True,91,1,2,6,0,True,54,0,,4,32632,https://tex.stackexchange.com/questions/11272/faded-drop-shadow-using-tikz-based-rounded-rectangle
15509,4805,687,registered,0,0,0,False,,"environments, conditionals",2,2011-04-11 08:01:35,False,86,1,0,7,0,False,54,0,5856916.3,7,14134,https://tex.stackexchange.com/questions/15509/hide-custom-environment-content-based-on-boolean
18986,5421,2051,registered,0,0,0,False,100.0,"equations, cross-referencing",2,2011-05-24 22:30:07,False,91,0,0,12,0,True,54,0,,1,55271,https://tex.stackexchange.com/questions/18986/is-there-a-standard-way-to-refer-to-a-range-of-equations
21139,5895,9322,registered,0,0,0,False,76.0,"line-breaking, typography, warnings",3,2011-06-19 14:05:19,False,62,0,0,11,0,False,54,0,,2,4550,https://tex.stackexchange.com/questions/21139/how-to-visualize-the-underfull-box-in-final-output-pdf-files
21536,3504,3277,registered,0,0,0,True,,"titles, copyright, acm",3,2011-06-24 20:01:44,False,89,0,2,16,0,True,54,0,4158573.72,10,74285,https://tex.stackexchange.com/questions/21536/how-to-remove-the-copyright-box-on-a-paper-that-uses-the-acm-sig-alternate-cls-c
22454,3460,1259,registered,0,0,0,False,100.0,"fonts, math-mode",2,2011-07-06 15:13:51,False,86,0,0,11,0,True,54,1,7551159.53,5,79142,https://tex.stackexchange.com/questions/22454/what-is-the-name-of-the-default-font-in-math-mode
24671,5467,1227,registered,0,0,0,False,89.0,"books, knuth",2,2011-08-02 00:04:17,False,97,0,0,7,0,True,54,0,,3,8970,https://tex.stackexchange.com/questions/24671/how-on-earth-did-knuth-do-it
24919,2099,50663,registered,0,0,0,False,93.0,"macros, horizontal-alignment, vertical-alignment",3,2011-08-04 23:12:43,False,99,1,0,11,0,True,54,0,5813983.67,3,39215,https://tex.stackexchange.com/questions/24919/what-is-null-and-when-do-we-need-to-use-it
26234,5065,3385,registered,0,0,0,False,79.0,"sectioning, header-footer, chapters",3,2011-08-21 21:47:18,True,62,1,0,6,0,False,54,0,,3,54519,https://tex.stackexchange.com/questions/26234/chapter-title-in-header-too-long
27636,86,161292,registered,0,0,0,True,79.0,"documentation, books, texdoc",3,2011-09-06 10:50:49,False,280,0,1,7,0,True,54,1,94.38,6,1851,https://tex.stackexchange.com/questions/27636/which-books-can-i-read-via-texdoc
28340,3094,45273,registered,0,0,0,False,100.0,fonts,1,2011-09-13 19:31:18,False,177,0,4,5,0,False,54,0,39.68,4,26712,https://tex.stackexchange.com/questions/28340/handwritten-font-with-math-support
28650,4434,8303,registered,0,0,0,False,97.0,"math-mode, horizontal-alignment, amsmath, align",4,2011-09-16 12:46:24,False,47,1,0,9,0,True,54,0,,3,174683,https://tex.stackexchange.com/questions/28650/how-can-i-use-an-align-environment-flush-left
28836,3950,1091,registered,0,0,0,False,83.0,"math-mode, symbols, relation-symbols",3,2011-09-18 22:33:59,False,167,0,1,5,0,False,54,0,19.1,4,212749,https://tex.stackexchange.com/questions/28836/typesetting-the-define-equals-symbol
36767,9728,837,registered,0,0,0,False,,hyphenation,1,2011-12-01 09:12:33,False,39,1,0,8,0,True,54,1,7.25,3,135324,https://tex.stackexchange.com/questions/36767/overfull-hbox-how-do-i-fix-this
44017,11626,653,registered,0,0,0,True,,"math-mode, math-operators",2,2012-02-10 00:01:55,True,55,0,0,7,0,False,54,0,,2,375386,https://tex.stackexchange.com/questions/44017/dot-notation-for-derivative-of-a-vector
44018,11622,643,registered,0,0,0,False,,minted,1,2012-02-10 00:03:04,False,53,1,0,9,0,False,54,0,,1,28359,https://tex.stackexchange.com/questions/44018/how-do-i-import-a-source-file-using-minted
45808,12105,1463,registered,0,0,0,False,86.0,tikz-pgf,1,2012-02-26 00:29:42,False,109,1,0,3,0,False,54,0,,2,152321,https://tex.stackexchange.com/questions/45808/tikz-grid-lines
47400,4049,1673,registered,0,0,0,False,100.0,"spacing, align",2,2012-03-09 15:39:17,False,60,1,0,5,0,False,54,1,5295861.05,4,84465,https://tex.stackexchange.com/questions/47400/remove-vertical-space-around-align
48741,12635,2363,registered,0,0,0,False,85.0,"paragraphs, line-spacing, grouping",3,2012-03-20 23:02:36,False,76,1,0,4,0,False,54,0,,2,88351,https://tex.stackexchange.com/questions/48741/temporarily-increase-line-spacing
49039,8078,1735,registered,0,0,0,False,82.0,tikz-pgf,1,2012-03-22 23:20:08,False,107,1,0,4,0,False,54,0,,1,63120,https://tex.stackexchange.com/questions/49039/clipping-elements-in-tikz
59541,10038,20895,registered,0,0,0,True,90.0,"pdftex, luatex, expl3",3,2012-06-12 11:46:24,False,183,0,0,6,0,False,54,0,,4,5620,https://tex.stackexchange.com/questions/59541/abandon-latex2e-for-latex3-or-luatex
61160,3731,3276,registered,0,0,0,False,100.0,"sectioning, best-practices, sections-paragraphs",3,2012-06-25 20:25:10,False,119,0,0,7,0,True,54,3,,3,64001,https://tex.stackexchange.com/questions/61160/when-is-it-appropriate-to-use-paragraph
62010,3602,2983,registered,0,0,0,False,80.0,"macros, programming, environment-variables",3,2012-07-03 03:27:13,False,110,2,1,10,0,False,54,1,373.58,3,23725,https://tex.stackexchange.com/questions/62010/can-i-access-system-environment-variables-from-latex-for-instance-home
70860,4322,10357,registered,0,0,0,True,100.0,calculations,1,2012-09-09 23:14:51,False,29,0,0,8,0,True,54,0,,3,10780,https://tex.stackexchange.com/questions/70860/can-latex-perform-calculation-like-excel-formula-table
78221,19872,789,registered,0,0,0,False,100.0,"symbols, footnotes",2,2012-10-18 21:00:32,False,45,0,0,3,0,False,54,1,8.27,4,74863,https://tex.stackexchange.com/questions/78221/changing-footnote-symbols
79591,888,2543,registered,0,0,0,True,60.0,"bibliographies, bibtex",2,2012-10-29 19:04:21,False,50,0,0,5,0,False,54,0,128.53,4,107440,https://tex.stackexchange.com/questions/79591/superscripts-in-bibliography-with-bibtex
87596,29764,4223,registered,0,0,0,True,94.0,tables,1,2012-12-19 10:55:05,True,119,1,0,7,0,False,54,0,3914218.7,4,116107,https://tex.stackexchange.com/questions/87596/center-only-heading-text-in-a-table
88388,23679,1053,registered,0,0,0,False,100.0,titles,1,2012-12-28 13:53:04,False,73,1,0,12,0,True,54,0,,2,376567,https://tex.stackexchange.com/questions/88388/how-to-have-the-title-at-the-top-of-a-latex-document
96864,25034,1737,registered,0,0,0,False,57.0,"beamer, color",2,2013-02-05 15:29:16,False,40,0,0,8,0,False,54,1,,1,33196,https://tex.stackexchange.com/questions/96864/changing-the-color-of-alert-command-in-beamer
98482,1235,39641,registered,0,0,0,False,88.0,"spacing, amsmath",2,2013-02-16 18:07:21,False,125,1,7,13,10,True,54,0,49253.13,3,3601,https://tex.stackexchange.com/questions/98482/why-is-there-a-space-at-the-beginning-of-the-aligned-environment
107027,1537,56720,registered,0,0,0,False,92.0,"tex-core, programming, tikz-external, memory",4,2013-04-05 17:29:04,False,358,1,0,9,1,True,54,4,,1,1599,https://tex.stackexchange.com/questions/107027/can-tex-generate-heap-dumps-to-analyzeoptimize-out-of-memory-situations
112734,14730,639,registered,0,0,0,True,100.0,"pdftex, installing, texlive",3,2013-05-06 11:06:21,False,69,1,0,13,0,True,54,0,,4,125113,https://tex.stackexchange.com/questions/112734/is-it-possible-to-install-only-the-required-latex-tool-pdflatex-in-ubuntu
117792,21828,2113,registered,0,0,0,False,88.0,listings,1,2013-06-05 21:27:24,False,42,0,0,5,0,True,54,0,,1,6573,https://tex.stackexchange.com/questions/117792/listings-copy-to-clipboard-feature
118606,32089,549,registered,0,0,0,False,,"floats, numbering",2,2013-06-10 22:30:31,False,43,0,0,7,0,False,54,0,1559574.62,2,109059,https://tex.stackexchange.com/questions/118606/numbering-tables-a1-a2-etc-in-latex
119887,22986,1471,registered,0,0,0,False,85.0,"tikz-pgf, pgfplots",2,2013-06-19 04:07:10,True,154,1,0,7,2,False,54,0,,1,57258,https://tex.stackexchange.com/questions/119887/remove-the-scientific-notation-which-is-unreasonable
121822,12504,1261,registered,0,0,0,False,67.0,tikz-pgf,1,2013-06-30 14:05:44,True,78,0,1,6,0,False,54,0,,5,6163,https://tex.stackexchange.com/questions/121822/best-way-to-draw-matchstick-pictures
142210,19356,38063,registered,0,0,0,True,98.0,"tikz-pgf, diagrams, pstricks, metapost, asymptote",5,2013-11-04 15:39:40,True,185,1,0,10,0,True,54,0,3816988.35,14,6180,https://tex.stackexchange.com/questions/142210/what-is-the-simplest-way-to-draw-this-triangle-exactly
151108,484,20311,registered,0,0,0,False,62.0,"tikz-pgf, pstricks, asymptote",3,2013-12-23 19:25:33,False,252,0,5,7,0,False,54,0,,5,5827,https://tex.stackexchange.com/questions/151108/showcase-of-translations-to-asymptote-from-tikz-pstricks
161343,3391,16799,registered,0,0,0,False,77.0,"tikz-pgf, beamer, animations",3,2014-02-19 22:30:57,False,554,3,1,6,0,True,54,14,,1,2532,https://tex.stackexchange.com/questions/161343/a-script-language-for-beamer-animations
161431,37300,1082,registered,0,0,0,True,100.0,"longtable, two-column, multicol",3,2014-02-20 11:07:36,False,30,0,0,10,0,True,54,2,2750577.98,8,56975,https://tex.stackexchange.com/questions/161431/how-to-solve-longtable-is-not-in-1-column-mode-error
171999,34767,695,registered,0,0,0,False,,"biblatex, line-breaking, warnings",3,2014-04-17 12:31:25,True,282,2,0,4,1,False,54,4,,1,40827,https://tex.stackexchange.com/questions/171999/overfull-hbox-in-biblatex
203901,45777,2171,registered,0,0,0,False,100.0,"bibtex, citing",2,2014-09-30 18:04:43,False,90,1,1,9,0,False,54,2,2130824.0,5,89914,https://tex.stackexchange.com/questions/203901/how-to-cite-iso-or-british-standards-in-latex-bibtex
232536,73938,541,registered,0,0,0,False,,tikz-pgf,1,2015-03-11 16:24:57,False,67,1,0,4,0,False,54,1,5.12,1,153874,https://tex.stackexchange.com/questions/232536/drawing-rectangle-with-tikzpicture
257128,75762,3111,registered,0,0,0,False,71.0,"tables, columns",2,2015-07-26 22:02:50,False,69,0,0,6,0,True,54,3,,1,69138,https://tex.stackexchange.com/questions/257128/how-does-the-newcolumntype-command-work
281415,22603,3801,registered,0,0,0,False,74.0,"typography, examples, big-list",3,2015-12-03 19:39:44,False,68,0,1,6,0,False,54,4,11001.93,7,26344,https://tex.stackexchange.com/questions/281415/showcase-of-beautiful-invitations-in-tex
281571,91616,899,registered,0,0,0,False,77.0,tables,1,2015-12-04 19:41:07,False,106,1,0,10,0,False,54,1,3371808.85,4,84686,https://tex.stackexchange.com/questions/281571/how-to-left-align-text-in-a-table-with-makecell
303110,63847,3322,registered,0,0,0,True,91.0,"math-mode, spacing, punctuation",3,2016-04-08 03:55:16,False,71,0,0,11,0,False,54,3,3266750.83,3,26257,https://tex.stackexchange.com/questions/303110/avoid-space-after-commas-used-as-thousands-separator-in-math-mode
510748,117876,76310,registered,0,0,0,False,100.0,"tikz-pgf, pstricks, asymptote, fun",4,2019-10-03 01:20:30,False,67,0,0,5,0,False,54,9,62.9,7,9728,https://tex.stackexchange.com/questions/510748/drawing-super-mario-bros-in-latex
620788,101651,76078,registered,0,0,0,True,99.0,fun,1,2021-10-31 10:11:09,False,104,0,2,6,0,False,54,5,736.65,8,3322,https://tex.stackexchange.com/questions/620788/halloweenmath-contest-in-memory-of-gum
297,32,22644,registered,0,0,0,False,86.0,"equations, brackets",2,2010-07-27 09:59:56,False,48,1,0,15,0,True,53,1,7038.78,7,20246,https://tex.stackexchange.com/questions/297/how-can-i-get-an-underbrace-and-an-overbrace-to-partially-overlap-in-an-equation
579,137,13037,registered,0,0,0,False,100.0,"pdf, accessibility, pdf-a, tagged-pdf",4,2010-07-29 18:15:41,False,39,0,0,12,0,True,53,1,5076311.22,3,10208,https://tex.stackexchange.com/questions/579/how-can-tagged-pdfs-be-created-that-support-universal-accessibility-and-reflowin
1596,5,4803,registered,0,0,0,False,85.0,"compiling, windows",2,2010-08-12 14:49:13,False,42,0,0,6,0,True,53,2,10.18,3,264560,https://tex.stackexchange.com/questions/1596/how-to-compile-a-latex-document
3644,371,17519,registered,0,0,0,False,99.0,horizontal-alignment,1,2010-10-01 06:49:17,False,9,0,0,5,0,False,53,0,,2,57164,https://tex.stackexchange.com/questions/3644/difference-between-flushright-and-raggedleft
9641,1371,10725,registered,0,0,0,False,94.0,symbols,1,2011-01-25 00:57:22,False,65,0,0,4,0,False,53,0,17.78,8,81181,https://tex.stackexchange.com/questions/9641/filled-diamondsuit-and-heartsuit
10138,3326,945,registered,0,0,0,False,50.0,"fonts, sectioning, xetex, titlesec, msword",5,2011-02-03 01:11:22,False,100,0,0,3,0,False,53,0,348.65,2,95596,https://tex.stackexchange.com/questions/10138/change-section-fonts
15853,3935,6247,registered,0,0,0,True,80.0,"graphics, vertical-alignment, inline",3,2011-04-14 23:33:24,False,59,0,0,5,0,False,53,0,,1,27425,https://tex.stackexchange.com/questions/15853/vertical-alignment-of-inline-images
18311,1113,3705,registered,0,0,0,False,78.0,"cross-referencing, symbols, characters, naming",4,2011-05-16 01:03:18,False,33,0,0,7,0,True,53,0,,1,8917,https://tex.stackexchange.com/questions/18311/what-are-the-valid-names-as-labels
19497,5846,1866,registered,0,0,0,False,,"book-design, publishing",2,2011-05-31 00:24:32,False,177,0,1,13,0,True,53,0,,3,13750,https://tex.stackexchange.com/questions/19497/how-do-you-setup-a-tex-document-to-self-publish-a-book-online
23766,6830,1407,registered,0,0,0,False,75.0,"header-footer, fancyhdr",2,2011-07-22 10:47:42,False,19,0,0,9,0,False,53,0,,2,83556,https://tex.stackexchange.com/questions/23766/suppress-fancy-header-and-footer-on-first-page-only
31505,3213,6183,registered,0,0,0,True,82.0,"beamer, lists, incompatibility, overlays, enumitem",5,2011-10-14 01:42:51,False,123,1,1,5,4,False,53,0,,3,28338,https://tex.stackexchange.com/questions/31505/trouble-combining-enumitem-and-beamer
31973,8688,633,registered,0,0,0,False,,"pdf, paper-size",2,2011-10-19 00:59:02,False,103,1,1,9,0,True,53,0,17.12,7,124063,https://tex.stackexchange.com/questions/31973/latex-how-do-i-force-pdf-page-height-width
33150,8830,685,registered,0,0,0,False,,"tikz-pgf, nodes",2,2011-10-30 22:42:35,True,234,1,0,3,6,False,53,0,48.7,1,13464,https://tex.stackexchange.com/questions/33150/creating-node-shapes
33585,9047,633,registered,0,0,0,False,,"equations, align, fontsize",3,2011-11-03 20:46:20,False,61,1,0,7,0,False,53,0,,1,84062,https://tex.stackexchange.com/questions/33585/change-font-size-of-an-align-environment
34789,8918,13935,registered,0,0,0,False,88.0,counters,1,2011-11-14 14:09:51,False,57,0,0,15,0,True,53,0,81.43,4,7221,https://tex.stackexchange.com/questions/34789/how-to-display-the-final-value-of-a-counter-at-the-beginning-of-a-document
36100,5317,5397,registered,0,0,0,False,88.0,texmaker,1,2011-11-25 02:26:21,False,31,0,0,10,0,False,53,0,4412997.0,2,152435,https://tex.stackexchange.com/questions/36100/texmaker-source-editor-and-embedded-pdf-viewer-on-same-window
38924,1782,5403,registered,0,0,0,False,92.0,"tables, line-breaking",2,2011-12-20 17:43:11,False,63,0,0,8,0,False,53,1,5105248.95,7,90364,https://tex.stackexchange.com/questions/38924/newline-in-a-table-cell-which-is-centered
38978,10127,8316,registered,0,0,0,False,62.0,"macros, packages, installing, linux",4,2011-12-21 05:01:49,False,55,0,2,10,0,True,53,0,,3,122488,https://tex.stackexchange.com/questions/38978/how-can-i-manually-install-a-latex-package-debian-ubuntu-linux
41808,11009,633,registered,0,0,0,False,,"installing, windows",2,2012-01-21 13:55:55,False,29,0,0,7,0,False,53,1,17.08,2,189398,https://tex.stackexchange.com/questions/41808/how-do-i-install-tex-latex-on-windows
43119,8499,14392,registered,0,0,0,False,74.0,"typography, fractions, kerning",3,2012-02-01 23:38:46,True,456,1,4,4,47,True,53,4,,2,3749,https://tex.stackexchange.com/questions/43119/improved-kerning-in-fractions
44427,17685,1665,registered,0,0,0,False,50.0,"floats, captions, rotating",3,2012-02-13 11:02:19,False,21,0,0,4,0,False,53,0,,5,86261,https://tex.stackexchange.com/questions/44427/rotate-picture-with-caption
45734,1997,8763,registered,0,0,0,False,100.0,"diagrams, graphs",2,2012-02-25 13:09:19,True,40,0,0,4,0,False,53,0,,3,104858,https://tex.stackexchange.com/questions/45734/drawing-graphs-in-latex
45940,12130,1457,registered,0,0,0,False,,"math-mode, symbols, stacking-symbols",3,2012-02-27 08:27:25,False,46,0,0,10,0,True,53,0,2062915.53,3,105946,https://tex.stackexchange.com/questions/45940/how-to-put-something-at-the-top-of-the-longrightarrow
46268,11860,1873,registered,0,0,0,False,94.0,underbrace,1,2012-02-29 19:46:32,False,37,0,1,3,0,False,53,0,,1,123514,https://tex.stackexchange.com/questions/46268/horizontal-curly-braces
47345,3449,1395,registered,0,0,0,True,88.0,pgfplots,1,2012-03-09 04:35:27,False,61,2,0,6,0,False,53,0,,4,93167,https://tex.stackexchange.com/questions/47345/specify-the-step-of-pgfplots-axis
49910,12461,4565,registered,0,0,0,True,41.0,"color, paragraphs",2,2012-03-29 11:42:48,False,152,3,0,5,0,True,53,0,5278345.27,7,33994,https://tex.stackexchange.com/questions/49910/how-to-colour-multiple-paragraphs
53445,1183,20745,registered,0,0,0,False,91.0,"tikz-pgf, graphics, 3d",3,2012-04-26 17:38:38,True,245,0,0,7,0,True,53,3,,2,8385,https://tex.stackexchange.com/questions/53445/how-to-draw-spherical-geometries-with-tex
56009,8303,6837,registered,0,0,0,True,100.0,"packages, texlive",2,2012-05-16 06:47:09,False,95,0,1,14,0,True,53,0,4030014.8,3,29966,https://tex.stackexchange.com/questions/56009/how-to-print-the-list-of-packages-installed-on-tex-live-to-a-file
62241,9840,1,registered,0,0,0,False,86.0,"sectioning, cross-referencing, mdframed",3,2012-07-05 06:52:01,False,16,0,0,12,0,True,53,0,,5,49778,https://tex.stackexchange.com/questions/62241/how-to-get-the-current-chapter-name-section-name-subsection-name-etc
62636,16392,789,registered,0,0,0,False,80.0,"cross-referencing, subfloats, subcaption",3,2012-07-08 19:23:09,False,82,1,0,9,0,False,53,2,,1,71386,https://tex.stackexchange.com/questions/62636/referencing-subfigures-in-main-caption-with-subfloat-and-subref
68745,11002,52979,registered,0,0,0,True,86.0,fonts,1,2012-08-25 18:13:38,False,24,1,0,6,0,False,53,0,3127824.87,3,31054,https://tex.stackexchange.com/questions/68745/possible-values-for-fontseries-and-fontshape
70381,17685,1665,registered,0,0,0,False,50.0,fontsize,1,2012-09-06 11:26:23,False,25,2,0,5,0,False,53,0,12.05,1,68272,https://tex.stackexchange.com/questions/70381/the-article-class-ignores-14pt
75745,16635,2414,registered,0,0,0,False,75.0,"math-mode, vector",2,2012-10-07 22:45:47,False,44,1,0,13,0,True,53,0,,2,174652,https://tex.stackexchange.com/questions/75745/how-do-you-write-a-vector-with-an-underline-instead-of-an-arrow
76172,19762,1101,registered,0,0,0,False,100.0,"tikz-pgf, nodes, paths",3,2012-10-10 17:42:48,True,140,1,0,6,0,False,53,0,,1,64928,https://tex.stackexchange.com/questions/76172/tikz-text-along-path-as-node
86666,23229,633,registered,0,0,0,True,,"acronyms, subdividing, nomenclature",3,2012-12-12 08:13:14,False,51,0,0,14,0,True,53,1,6320.02,3,224281,https://tex.stackexchange.com/questions/86666/how-to-create-both-list-of-abbreviations-and-list-of-nomenclature-using-nomencl
88481,3831,13800,registered,0,0,0,False,64.0,"babel, polyglossia",2,2012-12-29 09:27:36,False,113,0,3,7,0,False,53,2,,2,13692,https://tex.stackexchange.com/questions/88481/decide-between-polyglossia-and-babel-in-2012
103443,25493,1619,registered,0,0,0,False,100.0,"xml, open-office",2,2013-03-20 17:12:35,False,319,0,0,6,0,False,53,7,6577805.2,1,2262,https://tex.stackexchange.com/questions/103443/using-xmltex-to-typeset-opendocument-text
110513,Unknown,0,does_not_exist,0,0,0,True,,"graphics, errors",2,2013-04-24 18:36:34,False,86,2,0,4,0,False,53,0,12.2,3,54305,https://tex.stackexchange.com/questions/110513/unknown-graphics-extension-1-png
115432,31013,632,registered,0,0,0,True,,"spacing, best-practices",2,2013-05-21 21:54:10,False,37,1,0,5,0,True,53,0,,6,90913,https://tex.stackexchange.com/questions/115432/best-practice-for-typesetting-quantifiers
116569,17670,4872,registered,0,0,0,False,89.0,"horizontal-alignment, fun",2,2013-05-28 23:05:40,True,26,0,0,9,0,True,53,1,,2,3908,https://tex.stackexchange.com/questions/116569/is-there-a-tool-that-makes-paragraphs-into-rectangles
127156,34774,1019,registered,0,0,0,True,,"bibtex, citing",2,2013-08-07 18:37:03,False,65,1,0,5,0,True,53,0,10.28,1,347290,https://tex.stackexchange.com/questions/127156/cite-multiple-references-with-bibtex
135267,Unknown,0,does_not_exist,0,0,0,True,,"cross-referencing, theorems",2,2013-09-26 22:01:48,False,108,1,0,14,0,True,53,0,,1,45436,https://tex.stackexchange.com/questions/135267/how-can-i-create-a-proof-of-theorem-x-xx-header-for-a-proof-environment
149604,7880,18393,registered,0,0,0,False,90.0,"diagrams, fun",2,2013-12-12 01:30:51,False,320,0,1,9,0,False,53,0,,3,4217,https://tex.stackexchange.com/questions/149604/holiday-contest-drawing-a-picture-of-krampus-for-yule
150945,41036,1215,registered,0,0,0,False,81.0,"punctuation, german",2,2013-12-22 10:28:25,False,82,0,0,4,0,False,53,3,144.85,6,62543,https://tex.stackexchange.com/questions/150945/automatic-german-quotation-marks
153615,44013,531,registered,0,0,0,False,,"math-mode, amsmath, matrices",3,2014-01-12 01:34:40,True,35,0,0,6,0,False,53,3,4913076.18,3,465676,https://tex.stackexchange.com/questions/153615/help-me-input-a-column-vector
179184,51114,793,registered,0,0,0,False,,formatting,1,2014-05-20 04:15:49,False,20,0,0,6,0,True,53,1,57.65,1,97675,https://tex.stackexchange.com/questions/179184/how-to-make-a-blank-underline
211342,355,3208,registered,0,0,0,False,18.0,"tikz-pgf, arc",2,2014-11-09 22:14:33,False,84,1,0,8,0,False,53,0,662416.02,5,89112,https://tex.stackexchange.com/questions/211342/draw-a-rectangle-with-rounded-ends-in-tikz
220289,Unknown,0,does_not_exist,0,0,0,True,,"environments, best-practices",2,2015-01-02 02:08:34,False,355,0,3,4,0,False,53,0,,4,14918,https://tex.stackexchange.com/questions/220289/most-useful-important-latex-commands-environments
260446,19287,13647,registered,0,0,0,True,94.0,"packages, moderncv, warnings",3,2015-08-08 23:39:57,False,139,2,2,13,0,True,53,2,1920761.1,2,21124,https://tex.stackexchange.com/questions/260446/what-does-you-have-requested-package-foo-but-the-package-provides-foo-me
319414,73001,687,registered,0,0,0,True,,comments,1,2016-07-14 18:38:56,False,69,1,0,7,2,True,53,0,,2,121170,https://tex.stackexchange.com/questions/319414/how-to-comment-part-of-a-line
345431,36296,215237,registered,0,0,0,True,100.0,"beamer, media9, multimedia, video",4,2016-12-23 23:07:47,False,139,0,6,7,0,False,53,0,0.0,5,72316,https://tex.stackexchange.com/questions/345431/how-to-include-multimedia-files-in-beamer
370278,21685,11546,registered,0,0,0,False,99.0,input-encodings,1,2017-05-17 22:53:58,False,55,1,0,7,0,True,53,14,5.42,6,78102,https://tex.stackexchange.com/questions/370278/is-there-any-reason-to-use-inputenc
438098,140722,20805,registered,0,0,0,True,,"tikz-pgf, fun",2,2018-06-26 20:19:22,True,339,1,2,8,16,False,53,14,2838029.58,16,10508,https://tex.stackexchange.com/questions/438098/tikz-and-fifa-worldcup-2018-flags-of-nations
705199,234654,2606,registered,0,0,0,True,,"typography, programming, latex-misc",3,2023-12-18 07:28:43,False,243,0,7,9,0,True,53,26,19.4,4,42151,https://tex.stackexchange.com/questions/705199/latex-v-s-typst-what-is-tex-communitys-future-plan
1632,767,4049,registered,0,0,0,False,100.0,"pdf, formatting, ebook",3,2010-08-13 07:14:21,False,150,0,0,7,0,False,52,0,4049.2,5,12172,https://tex.stackexchange.com/questions/1632/creating-kindle-friendly-versions-of-existing-latex-documents
2852,510,258210,registered,0,0,0,True,98.0,"fonts, pdftex, oldstylenums",3,2010-09-07 20:36:45,True,154,1,1,7,1,False,52,0,,3,21816,https://tex.stackexchange.com/questions/2852/utilizing-oldstyle-figures-without-resorting-to-oldstylenums
5958,215,76886,registered,0,0,0,False,98.0,"hyperref, pdf, metadata, hyperxmp, xmp",5,2010-11-25 19:07:20,False,145,0,0,13,0,True,52,0,1830770.55,3,7153,https://tex.stackexchange.com/questions/5958/is-hyperref-really-the-best-way-to-add-metadata-to-a-tex-file
6058,1662,1424,registered,0,0,0,False,86.0,math-mode,1,2010-11-27 20:01:26,False,107,1,0,4,0,False,52,0,4272376.02,6,86307,https://tex.stackexchange.com/questions/6058/making-a-shorter-minus
6448,2099,50663,registered,0,0,0,False,93.0,"font-encodings, input-encodings",2,2010-12-03 09:15:36,False,25,0,1,10,0,True,52,0,,4,10686,https://tex.stackexchange.com/questions/6448/what-is-the-difference-between-font-encoding-and-input-encoding
7262,440,2763,registered,0,0,0,False,79.0,tables,1,2010-12-17 09:44:09,True,81,0,2,4,0,False,52,0,,2,55055,https://tex.stackexchange.com/questions/7262/diagonally-divided-table-cell
7312,243,38305,registered,0,0,0,False,91.0,fontsize,1,2010-12-17 23:37:21,False,55,0,1,7,0,False,52,0,29.05,3,87821,https://tex.stackexchange.com/questions/7312/how-to-use-large-and-its-variants
10513,3240,13242,registered,0,0,0,False,100.0,"numbering, paragraphs",2,2011-02-07 22:20:36,True,65,0,1,7,0,False,52,0,72.05,9,11134,https://tex.stackexchange.com/questions/10513/automatically-assign-a-number-to-every-paragraph
13349,791,17450,registered,0,0,0,False,78.0,"tikz-pgf, graphics, conversion, standalone",4,2011-03-14 04:54:18,False,119,1,0,3,0,False,52,0,,2,33263,https://tex.stackexchange.com/questions/13349/tikz-to-non-pdf
13945,4347,755,registered,0,0,0,False,,"macros, errors, citing, optional-arguments",4,2011-03-20 23:49:42,False,53,1,0,5,0,False,52,0,5267184.98,2,13285,https://tex.stackexchange.com/questions/13945/cite-in-theorem-environment-argument
18673,3083,15247,registered,0,0,0,True,100.0,"math-mode, formatting",2,2011-05-20 13:48:10,True,87,1,0,15,0,False,52,0,,5,28336,https://tex.stackexchange.com/questions/18673/german-language-and-some-other-european-languages-use-of-comma-in-numbers-as
21974,169,65149,registered,0,0,0,False,93.0,"bibliographies, biblatex",2,2011-06-30 13:50:38,False,34,0,0,4,0,True,52,1,,2,24498,https://tex.stackexchange.com/questions/21974/biblatex-abbreviated-author-names
23023,3347,747,registered,0,0,0,False,,"bibliographies, bibtex",2,2011-07-14 03:52:33,False,141,0,0,8,0,True,52,0,1622229.77,3,69848,https://tex.stackexchange.com/questions/23023/which-publication-type-for-forthcoming-papers-in-bibtex
25575,7217,615,unregistered,0,0,0,False,,"tables, r",2,2011-08-12 21:18:03,False,136,2,0,11,0,True,52,0,3217074.75,4,57904,https://tex.stackexchange.com/questions/25575/how-can-i-use-a-table-generated-by-r-in-latex
27998,951,33274,registered,0,0,0,True,94.0,"footnotes, marginpar, output-routine",3,2011-09-10 01:59:47,True,35,0,1,6,0,False,52,0,,3,2840,https://tex.stackexchange.com/questions/27998/notes-overflowing-from-marginpar-to-footer
28437,5001,561641,registered,0,0,0,True,100.0,"luatex, typography, context, ligatures",4,2011-09-14 19:56:26,True,552,2,1,11,0,True,52,0,,3,2940,https://tex.stackexchange.com/questions/28437/can-one-more-or-less-automatically-suppress-ligatures-for-certain-words
34424,712,951,registered,0,0,0,False,,calculations,1,2011-11-11 02:03:27,False,20,0,0,9,0,True,52,0,,8,24445,https://tex.stackexchange.com/questions/34424/how-do-i-calculate-n-modulo-3-in-latex
34934,4779,1075,registered,0,0,0,False,92.0,"header-footer, page-breaking, blank-page",3,2011-11-15 17:33:49,False,77,2,0,5,2,False,52,0,,4,131107,https://tex.stackexchange.com/questions/34934/add-a-new-empty-page
36655,5701,37533,registered,0,0,0,False,98.0,symbols,1,2011-11-30 15:55:01,False,28,0,0,4,0,False,52,0,3711147.8,5,189150,https://tex.stackexchange.com/questions/36655/prime-in-text-mode
37345,4918,58393,registered,0,0,0,False,96.0,"music, lilypond",2,2011-12-06 22:53:53,True,473,4,0,8,4,True,52,0,,2,15574,https://tex.stackexchange.com/questions/37345/set-music-in-latex-with-abc-or-lilypond
41980,97,5775,registered,0,0,0,False,100.0,color,1,2012-01-23 12:15:16,False,39,0,0,5,0,False,52,0,,1,9906,https://tex.stackexchange.com/questions/41980/defining-a-color-using-another
44618,3419,921,registered,0,0,0,False,100.0,"sweave, parsing, word-count",3,2012-02-15 11:22:22,False,193,0,1,10,0,False,52,0,4776639.55,6,28418,https://tex.stackexchange.com/questions/44618/dynamically-count-and-return-number-of-words-in-a-section
45981,8416,655,registered,0,0,0,False,,"math-mode, brackets",2,2012-02-27 15:19:49,False,71,0,0,9,0,False,52,0,,2,93479,https://tex.stackexchange.com/questions/45981/square-brackets-in-math-mode-without-the-bracket-symbols
48152,12074,659,registered,0,0,0,False,,"spacing, boxes, rules",3,2012-03-15 17:55:37,False,115,2,0,5,0,False,52,0,3866938.27,5,76413,https://tex.stackexchange.com/questions/48152/signature-date-line-with-fixed-width
54193,2552,238515,registered,0,0,0,True,85.0,"tikz-pgf, shading",2,2012-05-03 10:57:11,True,176,1,3,6,2,True,52,0,,4,26246,https://tex.stackexchange.com/questions/54193/how-to-draw-a-shaded-sphere
59626,9497,3587,registered,0,0,0,False,100.0,"macros, packages, margins, memoir, koma-script",5,2012-06-13 00:15:30,False,252,0,3,6,0,False,52,1,,3,11298,https://tex.stackexchange.com/questions/59626/nicely-force-66-characters-per-line
60099,575,38898,registered,0,0,0,False,92.0,"best-practices, e-tex, tex-history",3,2012-06-16 18:57:55,False,335,0,3,4,0,True,52,0,,4,2057,https://tex.stackexchange.com/questions/60099/who-doesnt-use-e-tex
61869,16156,1493,unregistered,0,0,0,False,,"bibtex, sorting",2,2012-07-01 21:57:54,False,427,1,0,8,8,False,52,0,3832647.47,5,213104,https://tex.stackexchange.com/questions/61869/latex-bibtex-not-arranging-citations-by-order-of-appearance
69267,13747,8498,registered,0,0,0,False,65.0,"bibliographies, citing, csl",3,2012-08-29 12:53:51,False,89,0,2,4,0,False,52,0,4798273.53,5,23023,https://tex.stackexchange.com/questions/69267/citation-style-language-csl
75267,19513,521,unregistered,0,0,0,False,,"xetex, luatex, fontspec",3,2012-10-04 11:42:35,False,35,0,1,10,0,False,52,8,4969946.73,2,69131,https://tex.stackexchange.com/questions/75267/the-fontspec-package-requires-either-xetex-or-luatex-to-function
78796,11241,3661,registered,0,0,0,False,93.0,"tables, line-breaking",2,2012-10-23 17:59:49,False,28,0,1,5,0,False,52,0,,1,17250,https://tex.stackexchange.com/questions/78796/difference-between-and-tabularnewline
84275,16826,3047,registered,0,0,0,False,97.0,"tikz-pgf, graphics",2,2012-11-26 09:43:15,True,249,1,0,5,0,False,52,0,3373745.33,8,17736,https://tex.stackexchange.com/questions/84275/custom-human-shape-for-tikz
86128,22413,51829,registered,0,0,0,True,85.0,"spacing, best-practices, superscripts",3,2012-12-08 18:42:42,True,348,1,0,6,6,True,52,0,5317579.85,9,113697,https://tex.stackexchange.com/questions/86128/how-should-imaginary-numbers-be-typeset
86143,17049,16476,registered,0,0,0,False,86.0,macros,1,2012-12-08 20:34:06,False,160,0,1,7,0,False,52,0,3605106.9,5,2840,https://tex.stackexchange.com/questions/86143/tex-macro-idioms-or-understanding-advanced-macros
94386,16938,1352,registered,0,0,0,False,100.0,"tikz-pgf, errors, nodes",3,2013-01-18 16:36:06,False,74,2,0,9,0,False,52,1,51.02,2,35372,https://tex.stackexchange.com/questions/94386/package-pgf-math-error-unknown-operator-o-or-of
97505,21912,825,registered,0,0,0,False,,"tables, scaling",2,2013-02-10 00:31:43,False,88,2,0,13,4,False,52,1,,2,95652,https://tex.stackexchange.com/questions/97505/shrink-table-to-fit-on-a-page-or-keep-it-as-it-is
113022,4035,5261,registered,0,0,0,False,95.0,"tables, vertical-alignment",2,2013-05-07 20:05:46,True,58,1,0,8,0,False,52,0,4353619.67,5,209327,https://tex.stackexchange.com/questions/113022/vertical-alignment-in-tabular-cells-with-variable-height
116101,28764,667,registered,0,0,0,True,,"enumerate, bold",2,2013-05-25 16:06:59,False,20,0,0,4,0,False,52,0,3724075.07,6,117584,https://tex.stackexchange.com/questions/116101/add-bold-enumerate-items
128496,34952,851,registered,0,0,0,False,100.0,"math-mode, fractions",2,2013-08-16 12:21:32,True,63,0,1,5,0,False,52,0,52.13,2,167248,https://tex.stackexchange.com/questions/128496/elegant-fractions-in-one-line
145223,19327,4414,registered,0,0,0,True,83.0,"tikz-pgf, pstricks, asymptote",3,2013-11-15 20:17:28,True,59,1,0,6,0,False,52,0,6503132.95,6,13723,https://tex.stackexchange.com/questions/145223/how-to-draw-a-coffee-cup
146911,41693,621,registered,0,0,0,False,,"math-mode, symbols, superscripts",3,2013-11-25 23:15:18,False,192,0,0,7,0,False,52,0,22.02,4,186215,https://tex.stackexchange.com/questions/146911/alternatives-to-asterisk-and-star-for-superscripts
162873,34083,6885,registered,0,0,0,False,60.0,"beamer, themes",2,2014-02-28 12:04:41,False,116,0,0,8,0,False,52,0,4135741.62,3,15990,https://tex.stackexchange.com/questions/162873/i-need-a-beamer-theme-simulating-blackboard-presentation
168363,Unknown,0,does_not_exist,0,0,0,True,,"bibtex, bibliographies",2,2014-03-29 14:15:39,False,93,1,1,9,0,False,52,0,1671119.97,4,101052,https://tex.stackexchange.com/questions/168363/bibtex-error-bbl-not-created-by-bib-latex
170316,18817,1273,registered,0,0,0,False,46.0,"biblatex, citing, biber",3,2014-04-08 14:42:13,False,118,1,0,6,17,False,52,0,,6,133907,https://tex.stackexchange.com/questions/170316/nocite-for-single-bibdatasources-with-biblatex-biber
170645,41484,1389,registered,0,0,0,False,100.0,"tikz-pgf, tikz-styles",2,2014-04-10 01:29:17,True,79,1,1,7,0,False,52,0,,1,101727,https://tex.stackexchange.com/questions/170645/removing-bounding-box-of-text-node-tikz
197485,58951,855,registered,0,0,0,False,100.0,lua,1,2014-08-22 15:48:19,False,176,0,1,4,0,False,52,0,,5,9045,https://tex.stackexchange.com/questions/197485/practical-use-of-lua
198800,27267,623,registered,0,0,0,False,,"cross-referencing, numbering",2,2014-08-31 18:32:11,False,75,1,0,7,0,False,52,0,236.78,1,177069,https://tex.stackexchange.com/questions/198800/how-to-number-and-cross-reference-subsubsection-level-headers
209229,54193,1356,registered,0,0,0,True,67.0,"errors, line-breaking, wrap",3,2014-10-27 04:50:35,False,979,3,1,14,4,True,52,0,,3,127465,https://tex.stackexchange.com/questions/209229/is-there-really-no-better-solution-to-overfull-hbox-than-adding-a-line-break
209935,22413,51829,registered,0,0,0,True,85.0,"tikz-pgf, pstricks, fun",3,2014-10-31 21:04:45,False,62,0,2,14,0,True,52,1,2760281.57,14,4504,https://tex.stackexchange.com/questions/209935/how-can-we-make-a-pumpkin-jack-o-lantern-or-other-halloween-spirit-ghoul-or
245982,13294,2293,registered,0,0,0,True,92.0,texlive,1,2015-05-20 15:02:08,False,104,1,0,6,0,False,52,0,2231984.85,2,61573,https://tex.stackexchange.com/questions/245982/differences-between-texlive-packages-in-linux
249104,19809,15025,registered,0,0,0,False,93.0,plain-tex,1,2015-06-07 23:05:11,False,76,0,0,8,0,True,52,0,,1,5767,https://tex.stackexchange.com/questions/249104/why-does-plain-tex-have-a-bye-command
352017,124555,521,registered,0,0,0,False,,beamer,1,2017-02-04 14:11:00,False,84,2,0,5,6,False,52,0,,1,33285,https://tex.stackexchange.com/questions/352017/miktex-and-beamer-error-beamerendinputifotherversion
445563,168243,623,registered,0,0,0,False,,"symbols, ieeetran, links",3,2018-08-11 00:47:01,True,190,2,7,10,0,False,52,4,252.98,4,43696,https://tex.stackexchange.com/questions/445563/ieeetran-how-to-include-orcid-in-tex-pdf-with-pdflatex
448812,10995,112954,registered,0,0,0,False,98.0,"context, books, documentation, tutorials",4,2018-09-01 12:43:52,False,147,0,2,9,0,False,52,1,0.0,2,9090,https://tex.stackexchange.com/questions/448812/the-definitive-guide-to-context-mkiv-and-lmtx-documentation
573627,26614,6922,registered,0,0,0,True,79.0,overleaf,1,2020-12-04 22:55:36,False,53,0,0,5,0,True,52,16,9.82,9,13642,https://tex.stackexchange.com/questions/573627/whats-the-appeal-of-overleaf
278,77,8013,registered,0,0,0,False,100.0,"macros, math-mode",2,2010-07-27 08:27:32,False,60,0,0,10,0,True,51,0,316.27,3,22475,https://tex.stackexchange.com/questions/278/can-i-use-clap-rlap-and-llap-in-math-mode
698,200,1323,registered,0,0,0,False,50.0,teaching,1,2010-07-31 01:05:49,False,58,0,0,8,0,False,51,0,,9,7415,https://tex.stackexchange.com/questions/698/how-to-encourage-tex-as-a-homework-medium
1162,564,8541,registered,0,0,0,False,96.0,"pdftex, graphics",2,2010-08-05 21:00:47,False,331,2,1,6,2,False,51,0,,7,43940,https://tex.stackexchange.com/questions/1162/included-png-appears-blurry-in-pdf
5001,1178,1115,registered,0,0,0,False,,"line-breaking, hyphenation",2,2010-11-06 14:39:06,False,103,0,0,10,0,False,51,0,26.3,6,77386,https://tex.stackexchange.com/questions/5001/prevent-hyphenation-and-use-line-break-in-block-of-text
5076,1449,13137,registered,0,0,0,True,88.0,"languages, conditionals",2,2010-11-08 11:28:01,False,103,1,0,11,1,True,51,0,9.5,6,13325,https://tex.stackexchange.com/questions/5076/is-it-possible-to-keep-my-translation-together-with-original-text
7814,42,41032,registered,0,0,0,False,84.0,"tikz-pgf, nodes",2,2010-12-27 17:56:19,True,275,1,1,3,0,False,51,0,20.85,4,36122,https://tex.stackexchange.com/questions/7814/nested-tikz-nodes
9691,2947,905,registered,0,0,0,False,50.0,hyphenation,1,2011-01-25 21:40:44,False,21,0,0,4,0,False,51,0,,7,12126,https://tex.stackexchange.com/questions/9691/avoid-hyphenation-in-2-d
10924,3535,613,registered,0,0,0,False,,"bibliographies, horizontal-alignment, line-breaking, warnings, urls",5,2011-02-12 19:14:17,False,101,1,0,4,0,False,51,4,,1,28237,https://tex.stackexchange.com/questions/10924/underfull-hbox-in-bibliography
13817,2628,2227,unregistered,0,0,0,False,89.0,math-mode,1,2011-03-18 18:10:37,False,40,1,0,12,0,True,51,0,,2,84184,https://tex.stackexchange.com/questions/13817/sums-in-math-mode-how-to-display-index-under-the-sigma-sign
16213,4850,695,registered,0,0,0,False,,pgfplots,1,2011-04-20 05:56:22,False,15,0,0,8,0,True,51,0,,1,29943,https://tex.stackexchange.com/questions/16213/how-can-i-make-my-pgfplots-ylabel-multiline
16291,Unknown,0,does_not_exist,0,0,0,True,,"cross-referencing, formatting, subfloats",3,2011-04-21 01:14:14,False,42,0,0,5,0,False,51,0,4656241.67,5,37571,https://tex.stackexchange.com/questions/16291/adding-parentheses-around-subfig-references
17107,5138,603,registered,0,0,0,False,,"bibliographies, citing, theorems, optional-arguments",4,2011-05-01 21:44:27,False,45,2,0,4,0,False,51,0,5701764.22,4,24768,https://tex.stackexchange.com/questions/17107/citing-inside-theorem-header
20059,1688,8661,registered,0,0,0,False,95.0,"tex-core, primitives, detokenize",3,2011-06-06 17:20:59,False,180,1,0,7,1,True,51,0,,2,19530,https://tex.stackexchange.com/questions/20059/what-are-the-exact-semantics-of-detokenize
21300,3874,9988,registered,0,0,0,False,90.0,"cross-referencing, counters",2,2011-06-21 23:11:14,False,59,2,0,4,2,False,51,0,,4,41424,https://tex.stackexchange.com/questions/21300/custom-counter-and-cross-referencing
23832,169,65149,registered,0,0,0,False,93.0,"biblatex, hyperref, doi",3,2011-07-22 19:46:52,False,37,0,0,9,0,False,51,0,,1,13045,https://tex.stackexchange.com/questions/23832/biblatex-make-title-hyperlink-to-doi-url-if-available
23942,83,92989,registered,0,0,0,False,90.0,"biblatex, tools, biber",3,2011-07-24 04:47:18,False,89,0,0,9,0,False,51,0,32589.7,3,15602,https://tex.stackexchange.com/questions/23942/bibliography-tools-that-are-compatible-with-biblatex-and-biber
24940,6979,610,registered,0,0,0,False,,"math-mode, symbols",2,2011-08-05 08:51:40,False,103,1,1,6,0,False,51,0,,3,96675,https://tex.stackexchange.com/questions/24940/how-to-make-a-backwards-in
25267,411,43653,registered,0,0,0,False,71.0,"tex-core, compiling",2,2011-08-09 07:08:10,False,205,0,0,11,0,True,51,1,,6,11480,https://tex.stackexchange.com/questions/25267/what-reasons-if-any-are-there-for-compiling-in-interactive-mode
29808,7417,17854,registered,0,0,0,False,95.0,tikz-pgf,1,2011-09-28 20:16:30,False,96,1,0,10,0,True,51,1,,4,24682,https://tex.stackexchange.com/questions/29808/can-i-control-the-density-of-a-pattern-in-tikz
30049,7978,11941,registered,0,0,0,False,92.0,"fonts, math-mode",2,2011-09-30 14:49:51,False,38,0,0,7,0,False,51,0,30.67,2,80968,https://tex.stackexchange.com/questions/30049/how-to-select-math-font-in-document
34579,5640,13084,registered,0,0,0,False,56.0,"captions, templates, document-classes, warnings",4,2011-11-12 17:18:46,False,201,1,1,12,0,True,51,0,,5,75169,https://tex.stackexchange.com/questions/34579/is-there-really-something-wrong-with-using-the-caption-package-for-continuedflo
35962,2224,1755,registered,0,0,0,False,100.0,macros,1,2011-11-23 23:57:38,False,84,1,0,3,2,False,51,1,,3,29576,https://tex.stackexchange.com/questions/35962/undefining-custom-commands
36278,9153,1925,registered,0,0,0,False,72.0,"packages, theorems, framed",3,2011-11-27 01:34:37,False,42,0,1,4,0,False,51,0,4224647.5,5,102745,https://tex.stackexchange.com/questions/36278/box-around-theorem-statement
37080,9788,613,registered,0,0,0,True,,"indentation, paragraphs, quoting",3,2011-12-04 17:42:37,False,75,0,4,12,0,True,51,0,,1,155448,https://tex.stackexchange.com/questions/37080/how-can-i-indent-a-block-of-text-for-a-specified-amount
43860,7128,8269,registered,0,0,0,False,65.0,"math-mode, amsmath, mathtools",3,2012-02-08 20:35:32,False,58,0,1,3,0,False,51,0,,1,25160,https://tex.stackexchange.com/questions/43860/mathtools-vs-amsmath
44235,11693,801,registered,0,0,0,False,,"symbols, accents",2,2012-02-12 02:53:23,False,41,0,0,10,0,True,51,2,7048496.7,5,88663,https://tex.stackexchange.com/questions/44235/is-there-a-way-to-do-an-upside-down-widehat
44868,11844,697,registered,0,0,0,False,75.0,"tikz-pgf, pgfplots, pgfplotstable",3,2012-02-17 17:03:41,True,441,2,1,4,3,False,51,0,4524246.08,3,20800,https://tex.stackexchange.com/questions/44868/drawing-heatmaps-using-tikz
58431,3242,3783,registered,0,0,0,False,83.0,documentation,1,2012-06-04 00:15:21,False,110,0,0,6,0,False,51,0,,1,6903,https://tex.stackexchange.com/questions/58431/glossary-of-tex-and-latex-terms
62274,16211,1473,registered,0,0,0,False,,symbols,1,2012-07-05 14:46:50,False,47,0,1,12,0,True,51,0,,1,253612,https://tex.stackexchange.com/questions/62274/how-do-i-write-%c4%a7-in-latex-for-the-reduced-planck-constant
67702,17697,2248,registered,0,0,0,False,85.0,"equations, cases",2,2012-08-18 17:38:31,False,151,3,0,8,0,False,51,0,,2,201813,https://tex.stackexchange.com/questions/67702/using-cases-inside-equation-gives-errorwith-amsmath-loaded
71162,18612,613,registered,0,0,0,False,,"sectioning, numbering, starred-version",3,2012-09-11 20:33:47,False,150,2,0,6,0,False,51,0,,1,95125,https://tex.stackexchange.com/questions/71162/reset-section-numbering-between-unnumbered-chapters
74126,8294,1103,registered,0,0,0,True,100.0,boxes,1,2012-09-26 02:20:15,True,107,2,0,4,0,False,51,0,,2,122547,https://tex.stackexchange.com/questions/74126/beamer-style-text-box
85071,17300,1552,registered,0,0,0,True,,symbols,1,2012-12-01 14:09:44,False,68,0,1,10,0,False,51,0,,1,465709,https://tex.stackexchange.com/questions/85071/how-to-get-n-1-under-product-character-prod-or-pi
88164,23656,511,registered,0,0,0,False,,"math-mode, symbols, theorems",3,2012-12-25 21:38:12,False,43,0,0,11,0,False,51,0,,3,38529,https://tex.stackexchange.com/questions/88164/remove-the-qed-symbol-from-only-one-proof-environment-not-all
91592,24346,621,registered,0,0,0,False,,"tex-core, compiling, documentation",3,2013-01-13 15:49:29,False,132,1,0,15,0,True,51,0,,2,7131,https://tex.stackexchange.com/questions/91592/where-to-find-official-and-extended-documentation-for-tex-latexs-commandlin
95080,525,3035,registered,0,0,0,False,52.0,"pdftex, privacy",2,2013-01-23 22:31:55,False,64,0,0,7,0,False,51,0,65.62,7,15043,https://tex.stackexchange.com/questions/95080/making-an-anonymous-pdf-file-using-pdflatex
96069,4954,839,registered,0,0,0,False,90.0,latex-misc,1,2013-01-30 20:30:31,False,99,0,0,7,0,True,51,0,,5,1915,https://tex.stackexchange.com/questions/96069/how-best-to-procrastinate-and-learn-latex
96106,11604,88889,registered,0,0,0,False,94.0,tikz-pgf,1,2013-01-31 02:16:02,True,130,0,4,8,0,True,51,0,,1,8094,https://tex.stackexchange.com/questions/96106/how-to-make-a-realistic-old-rubber-stamp
112599,21891,60586,registered,0,0,0,True,88.0,"matrices, calculations, asymptote",3,2013-05-05 18:00:08,False,329,2,0,9,0,True,51,0,,5,11655,https://tex.stackexchange.com/questions/112599/perform-matrix-operations-addition-product-transpose-etc-in-latex
114255,3622,10659,registered,0,0,0,False,87.0,"tikz-pgf, 3d",2,2013-05-14 19:06:22,True,103,1,0,7,2,True,51,0,2440.87,3,6618,https://tex.stackexchange.com/questions/114255/how-to-project-text-onto-a-plane
114292,1371,10725,registered,0,0,0,False,94.0,"line-breaking, page-breaking, tex-core, widows-orphans",4,2013-05-14 22:10:00,False,173,0,1,4,0,True,51,0,,4,2730,https://tex.stackexchange.com/questions/114292/why-no-vertical-mode-knuth-plass
114742,1183,20745,registered,0,0,0,False,91.0,"luatex, compiling, preamble, format-files",4,2013-05-17 11:45:53,False,88,0,1,8,0,False,51,1,1214301.45,1,5488,https://tex.stackexchange.com/questions/114742/speeding-up-compilation-using-precompiled-preamble-with-luatex
119319,14524,7843,registered,0,0,0,False,79.0,"lists, vertical-alignment, itemize",3,2013-06-15 19:49:46,False,56,1,0,8,0,False,51,0,,3,96464,https://tex.stackexchange.com/questions/119319/how-to-correctly-shrink-the-bullets-of-itemize
135649,15987,809,registered,0,0,0,True,,bibtex,1,2013-09-29 21:32:19,False,116,5,0,7,0,False,51,0,2542285.0,5,222275,https://tex.stackexchange.com/questions/135649/make-citemy-reference-show-name-and-year
137336,38099,511,unregistered,0,0,0,False,,"math-operators, circles",2,2013-10-11 02:57:04,False,17,0,0,9,0,True,51,0,,1,190213,https://tex.stackexchange.com/questions/137336/how-to-make-addition-symbol-inside-in-a-circle
152196,33846,2314,registered,0,0,0,False,90.0,"cross-referencing, best-practices",2,2014-01-03 00:33:14,True,77,0,0,13,0,True,51,0,,4,6266,https://tex.stackexchange.com/questions/152196/what-is-the-advantage-of-using-the-notation-fig-in-the-label
172736,39441,1249,registered,0,0,0,True,54.0,"hyperref, cross-referencing",2,2014-04-22 04:28:39,False,44,0,0,5,0,False,51,0,60.32,4,62126,https://tex.stackexchange.com/questions/172736/place-parentheses-around-a-cross-reference
200934,62411,637,registered,0,0,0,True,,"tex-core, typography, unit-of-measure",3,2014-09-13 05:10:13,False,68,0,2,11,0,True,51,0,,2,4786,https://tex.stackexchange.com/questions/200934/why-does-a-tex-point-differ-from-a-desktop-publishing-point
230526,Unknown,0,does_not_exist,0,0,0,True,,"sourcecode, books, big-list",3,2015-02-27 23:16:14,False,122,0,2,10,0,False,51,0,73.27,9,22205,https://tex.stackexchange.com/questions/230526/list-of-books-written-in-latex-with-the-source-available
236747,19809,15025,registered,0,0,0,False,93.0,"compiling, texstudio, magic-comment",3,2015-04-04 11:22:11,False,79,0,0,9,0,False,51,0,3295357.07,2,36620,https://tex.stackexchange.com/questions/236747/tell-texstudio-to-compile-a-particular-document-with-lualatex
287080,12631,819,registered,0,0,0,False,,"glossaries, indexing, acronyms",3,2016-01-11 15:48:45,False,338,0,2,8,0,False,51,0,315.42,1,50368,https://tex.stackexchange.com/questions/287080/best-solution-for-acronyms-abbreviations-glossary-and-index
418962,156616,679,registered,0,0,0,False,,"thesis, markdown",2,2018-03-07 20:39:19,False,99,0,0,5,0,False,51,5,3816.67,7,72969,https://tex.stackexchange.com/questions/418962/markdown-vs-latex-for-thesis
442077,166837,613,registered,0,0,0,False,,"svg, overleaf",2,2018-07-17 19:27:50,False,49,2,0,9,0,False,51,3,31653.05,2,202477,https://tex.stackexchange.com/questions/442077/is-it-possible-to-use-svg-images-with-overleaf
462365,114481,783,registered,0,0,0,False,,"pdf, miktex, preview, live-preview",4,2018-11-29 13:44:17,False,150,2,0,7,0,True,51,9,2286.47,5,297363,https://tex.stackexchange.com/questions/462365/how-to-use-latex-on-vs-code
464112,176496,531,registered,0,0,0,False,,"conversion, html, latex2html",3,2018-12-10 13:42:28,False,121,0,0,6,0,True,51,8,37.95,2,7200,https://tex.stackexchange.com/questions/464112/not-obsolete-latex-to-html-converter
564490,225561,611,registered,0,0,0,False,,"packages, templates",2,2020-09-28 07:51:18,False,38,0,0,13,0,False,51,5,90956.88,3,50353,https://tex.stackexchange.com/questions/564490/command-bbbk-already-defined-ol-bbbk-mathordamsb7c-when-i-try-t
618009,253546,601,registered,0,0,0,False,,"symbols, unicode, characters, chemistry",4,2021-10-06 23:13:21,False,81,0,0,14,0,True,51,6,17.07,7,4733,https://tex.stackexchange.com/questions/618009/is-there-any-reason-to-prefer-a-unicode-symbol-versus-its-latex-command-counterp
31776,Unknown,0,does_not_exist,0,0,0,True,,tex-core,1,2010-03-23 10:56:13,False,162,2,2,4,0,False,50,0,12.37,3,38734,https://tex.stackexchange.com/questions/31776/latex-at-symbol
1665,776,1499,registered,0,0,0,False,71.0,"equations, align",2,2010-08-13 19:04:10,True,61,1,0,10,0,True,50,0,7679865.9,2,91590,https://tex.stackexchange.com/questions/1665/how-can-i-add-left-aligned-text-to-an-equation
1820,759,2986,registered,0,0,0,True,67.0,"table-of-contents, hyperref, koma-script, bookmarks",4,2010-08-16 14:09:29,False,133,0,0,4,0,False,50,0,,3,19942,https://tex.stackexchange.com/questions/1820/contents-in-pdf-bookmarks
2305,76,3803,registered,0,0,0,False,84.0,fonts,1,2010-08-25 17:29:51,False,55,0,0,7,0,True,50,1,6988951.8,6,26345,https://tex.stackexchange.com/questions/2305/what-fonts-are-installed-on-my-box
2317,980,1013,registered,0,0,0,False,,templates,1,2010-08-25 20:49:55,False,78,0,0,10,0,False,50,0,,8,20078,https://tex.stackexchange.com/questions/2317/latex-style-or-macro-for-detailed-response-to-referee-report
3527,1031,1477,registered,0,0,0,False,100.0,"floats, positioning, two-column, starred-version",4,2010-09-27 17:33:22,False,44,1,0,9,2,True,50,0,,2,93205,https://tex.stackexchange.com/questions/3527/put-a-table-at-the-bottom-of-a-page
5662,1899,1696,registered,0,0,0,False,67.0,"bibtex, author-number",2,2010-11-20 01:21:10,False,167,0,0,9,0,False,50,2,4395944.57,6,70462,https://tex.stackexchange.com/questions/5662/bibtex-automatic-replacement-of-4-authors-with-et-al
6754,963,122413,registered,0,0,0,False,93.0,"formatting, emphasis",2,2010-12-08 21:17:33,False,20,0,0,10,0,False,50,0,,2,8807,https://tex.stackexchange.com/questions/6754/what-is-the-canonical-way-to-redefine-the-emph-command
6848,1670,2444,registered,0,0,0,False,40.0,"bibtex, bibliographies, doi",3,2010-12-10 05:43:15,False,20,0,0,5,0,True,50,0,3482143.2,12,13020,https://tex.stackexchange.com/questions/6848/automatically-dereference-doi-to-bib
8357,2302,675,registered,0,0,0,False,,"installing, texinputs",2,2011-01-06 01:30:53,False,69,1,0,8,0,False,50,0,88.33,1,48214,https://tex.stackexchange.com/questions/8357/how-to-have-local-package-override-default-package
9091,480,691,registered,0,0,0,False,,spacing,1,2011-01-16 22:39:53,False,57,0,0,11,0,True,50,0,5649220.7,5,53284,https://tex.stackexchange.com/questions/9091/what-is-the-right-way-to-use-the-spacing-command
10743,580,2281,registered,0,0,0,True,82.0,"spacing, double-sided",2,2011-02-10 16:02:18,False,146,1,0,11,1,True,50,0,,3,55054,https://tex.stackexchange.com/questions/10743/why-does-latex-stretch-small-sections-across-the-whole-page-vertically
12631,1761,658,registered,0,0,0,True,,"package-writing, key-value, optional-arguments",3,2011-03-04 10:34:36,False,57,1,0,11,0,True,50,0,,1,9587,https://tex.stackexchange.com/questions/12631/how-can-i-make-a-package-that-accepts-an-optional-argument
13333,963,122413,registered,0,0,0,False,93.0,macros,1,2011-03-13 22:03:32,True,215,3,0,7,13,False,50,0,,6,2701,https://tex.stackexchange.com/questions/13333/macros-with-as-the-last-parameter
14135,4301,230021,registered,0,0,0,False,92.0,"environments, hooks",2,2011-03-24 05:18:32,False,92,1,0,8,2,False,50,0,6622913.3,3,10665,https://tex.stackexchange.com/questions/14135/how-to-automatically-add-text-immediately-after-begindocument
15193,1830,1434,registered,0,0,0,False,57.0,"math-mode, conditionals",2,2011-04-07 09:26:55,False,92,1,0,10,2,True,50,0,,2,7333,https://tex.stackexchange.com/questions/15193/opposite-of-ensuremath-ensure-that-im-not-in-math-mode
16000,4434,8303,registered,0,0,0,False,97.0,symbols,1,2011-04-17 15:09:34,False,71,0,0,4,0,False,50,0,7865574.18,7,101611,https://tex.stackexchange.com/questions/16000/creating-boxed-check-mark
16189,4011,30293,registered,0,0,0,False,72.0,"macros, programming",2,2011-04-19 22:17:34,False,30,2,0,4,0,True,50,0,23.1,8,25485,https://tex.stackexchange.com/questions/16189/repeat-command-n-times
20655,4301,230021,registered,0,0,0,False,92.0,macros,1,2011-06-14 03:10:46,False,105,1,0,10,8,False,50,0,,3,13659,https://tex.stackexchange.com/questions/20655/how-to-undo-a-def-i-e-need-a-undef-capability
21262,575,38898,registered,0,0,0,False,92.0,"macros, latex-base",2,2011-06-21 17:43:39,False,368,4,0,6,4,True,50,0,5811866.62,5,6479,https://tex.stackexchange.com/questions/21262/what-do-firstoftwo-and-secondoftwo-do
21904,4011,30293,registered,0,0,0,False,72.0,"input, paths",2,2011-06-29 16:43:26,False,63,1,1,4,0,False,50,2,,4,79259,https://tex.stackexchange.com/questions/21904/input-and-absolute-paths
23381,6767,603,registered,0,0,0,False,,"tables, graphics, floats",3,2011-07-18 14:37:52,False,65,0,0,8,0,True,50,0,,3,92435,https://tex.stackexchange.com/questions/23381/how-to-refer-a-figure-as-a-table
26523,7440,825,registered,0,0,0,False,,math-mode,1,2011-08-25 18:22:08,False,43,0,0,11,0,False,50,1,,5,87527,https://tex.stackexchange.com/questions/26523/whats-the-most-elegant-way-to-obtain-dirac-operators-slash-notation
27993,6422,729,registered,0,0,0,False,,"packages, ubuntu, ctan",3,2011-09-09 22:55:03,False,184,0,2,9,0,False,50,0,6050236.85,4,44935,https://tex.stackexchange.com/questions/27993/can-i-download-ctan-packages-from-the-command-line-ubuntu
32662,8848,643,registered,0,0,0,False,,"color, alias",2,2011-10-25 16:44:36,False,54,0,0,5,0,True,50,0,,2,7678,https://tex.stackexchange.com/questions/32662/can-i-alias-a-color
33096,4147,3715,registered,0,0,0,False,77.0,luatex,1,2011-10-30 08:57:07,False,163,0,1,9,0,True,50,0,,1,6023,https://tex.stackexchange.com/questions/33096/which-lua-environment-should-i-use-with-luatex-lualatex
34014,5251,2607,registered,0,0,0,False,95.0,"amsmath, theorems",2,2011-11-07 21:00:29,False,54,0,0,5,0,False,50,0,7.27,7,168177,https://tex.stackexchange.com/questions/34014/qed-for-theorems-without-proofs
35027,459,14815,registered,0,0,0,False,97.0,beamer,1,2011-11-16 11:36:09,False,72,0,0,7,0,False,50,0,,2,18224,https://tex.stackexchange.com/questions/35027/how-to-exclude-certain-slides-from-handout
37343,9797,747,registered,0,0,0,False,100.0,spacing,1,2011-12-06 22:45:51,False,102,3,0,12,0,True,50,0,,5,151792,https://tex.stackexchange.com/questions/37343/how-can-i-force-a-hspace-at-the-beginning-of-a-line
39929,10438,1487,registered,0,0,0,False,81.0,"pdftex, embedding, png",3,2012-01-03 13:37:19,False,141,1,2,5,0,False,50,0,,2,5311,https://tex.stackexchange.com/questions/39929/fast-png-embedding-using-pdflatex
40747,10667,635,registered,0,0,0,False,,"bibtex, sorting, capitalization",3,2012-01-11 15:29:09,False,263,0,0,10,0,False,50,2,659176.23,5,19908,https://tex.stackexchange.com/questions/40747/bibtex-handling-of-the-dutch-van-name-prefix-with-natbib
43847,11571,773,registered,0,0,0,False,,"conversion, html, tex4ht, latex2html",4,2012-02-08 18:13:44,False,355,0,1,12,0,True,50,0,3703109.5,7,5088,https://tex.stackexchange.com/questions/43847/why-havent-any-tex-html-converters-been-updated-to-use-current-web-standards-s
44348,2588,773,registered,0,0,0,False,,"tutorials, teaching",2,2012-02-13 06:52:01,False,96,0,1,9,0,True,50,0,,4,4800,https://tex.stackexchange.com/questions/44348/how-can-i-introduce-a-non-technical-person-to-latex
46690,3935,6247,registered,0,0,0,True,80.0,"best-practices, bold, italic",3,2012-03-04 00:40:22,False,26,2,0,4,0,True,50,0,,3,96780,https://tex.stackexchange.com/questions/46690/standard-order-for-bolditalic
48538,12754,763,registered,0,0,0,False,,"tikz-pgf, nodes",2,2012-03-19 03:47:36,False,94,0,0,8,0,True,50,1,,3,63252,https://tex.stackexchange.com/questions/48538/how-to-set-exact-radius-for-a-node
51113,6185,2913,registered,0,0,0,True,89.0,"horizontal-alignment, boxes",2,2012-04-07 23:01:04,False,74,0,0,4,0,True,50,0,,4,26233,https://tex.stackexchange.com/questions/51113/horizontal-equivalent-to-raisebox
52246,13665,501,unregistered,0,0,0,False,,"tables, horizontal-alignment",2,2012-04-17 14:42:49,False,325,1,0,10,0,True,50,0,,3,50022,https://tex.stackexchange.com/questions/52246/how-can-i-left-justify-a-paragraph-cell-in-a-table
53522,13998,605,registered,0,0,0,True,,"hyperref, urls, links, resume",4,2012-04-27 04:17:57,False,254,0,3,6,0,False,50,0,6057223.03,2,43015,https://tex.stackexchange.com/questions/53522/clickable-tel-url-for-tex-resume
55512,14552,1369,registered,0,0,0,True,88.0,"math-mode, spacing",2,2012-05-11 11:15:27,False,36,0,0,9,0,True,50,0,506.17,2,16866,https://tex.stackexchange.com/questions/55512/how-to-change-default-for-spacing-around-binary-relations
56676,14576,1564,registered,0,0,0,False,,fontsize,1,2012-05-20 23:34:47,False,133,1,0,8,0,False,50,0,,1,13381,https://tex.stackexchange.com/questions/56676/change-font-size-relative-to-current-font-size
60135,9626,2691,registered,0,0,0,True,93.0,input,1,2012-06-17 04:31:17,False,266,2,1,7,5,False,50,0,1703.1,4,55936,https://tex.stackexchange.com/questions/60135/path-to-external-files-in-nested-input
62788,11630,1249,registered,0,0,0,False,82.0,"tikz-pgf, beamer",2,2012-07-10 04:10:36,True,248,1,1,7,0,False,50,0,,2,25705,https://tex.stackexchange.com/questions/62788/scaling-a-tikzpicture-for-a-beamer-slide
73410,18956,603,registered,0,0,0,False,,"tikz-pgf, packages",2,2012-09-21 00:08:00,False,68,0,1,9,0,True,50,0,,4,17182,https://tex.stackexchange.com/questions/73410/draw-bohr-atomic-model-with-electron-shells-in-tex
78169,18175,1697,registered,0,0,0,True,100.0,"tables, horizontal-alignment, vertical-alignment, multirow, multicolumn",5,2012-10-18 16:45:51,True,142,1,0,4,0,False,50,0,4639062.75,5,96678,https://tex.stackexchange.com/questions/78169/table-rowspan-and-colspan
82498,21612,521,registered,0,0,0,False,,color,1,2012-11-13 02:04:36,False,32,1,0,6,0,False,50,0,,2,51704,https://tex.stackexchange.com/questions/82498/change-background-colour-for-entire-document
84463,12974,1985,registered,0,0,0,False,88.0,"texmaker, spelling, dictionaries",3,2012-11-27 12:50:12,False,21,0,0,5,0,True,50,0,,3,35109,https://tex.stackexchange.com/questions/84463/add-word-to-texmaker-dictionary
88845,23710,1541,registered,0,0,0,False,86.0,spacing,1,2013-01-01 20:10:42,False,70,0,0,3,0,False,50,0,6210716.52,4,162437,https://tex.stackexchange.com/questions/88845/two-consecutive-spaces
91432,24143,843,registered,0,0,0,True,100.0,"texmaker, comments",2,2013-01-12 13:49:01,False,31,0,0,11,0,True,50,0,,2,180872,https://tex.stackexchange.com/questions/91432/how-can-i-comment-out-a-block-of-text-in-texmaker
92702,16839,17674,registered,0,0,0,False,100.0,"titles, best-practices, preamble",3,2013-01-14 09:33:11,False,251,1,6,12,3,True,50,0,,7,9209,https://tex.stackexchange.com/questions/92702/should-i-place-title-author-date-in-the-preamble-or-after-begindocument
100932,14500,73172,registered,0,0,0,False,87.0,"luatex, security",2,2013-03-05 00:53:35,False,176,2,1,6,6,True,50,0,16074.03,3,2180,https://tex.stackexchange.com/questions/100932/is-luatex-as-secure-as-pdftex
117328,31636,826,registered,0,0,0,True,38.0,"sectioning, header-footer, fancyhdr",3,2013-06-02 23:21:43,False,152,1,0,11,6,False,50,0,,2,71525,https://tex.stackexchange.com/questions/117328/fancyhdr-does-not-apply-same-header-footer-on-chapter-and-non-chapter-pages
117960,3460,1259,registered,0,0,0,False,100.0,"header-footer, pdf, pdfpages",3,2013-06-06 19:36:43,False,57,1,0,6,0,False,50,0,,2,43238,https://tex.stackexchange.com/questions/117960/header-and-page-numbers-with-pdfpages
124326,33763,601,registered,0,0,0,False,,"sectioning, numbering, chapters",3,2013-07-17 02:48:22,False,41,0,0,7,0,False,50,0,,1,89252,https://tex.stackexchange.com/questions/124326/chapter-number-starts-at-2-not-1
133271,36677,655,registered,0,0,0,False,,"tikz-pgf, pstricks, pst-node",3,2013-09-14 08:36:53,True,102,1,0,8,0,True,50,0,1993584.28,2,5300,https://tex.stackexchange.com/questions/133271/can-tikz-dashed-lines-emulate-pstricks-dashed-lines
134365,37025,501,unregistered,0,0,0,False,,texlive,1,2013-09-21 10:17:01,False,28,0,0,6,0,False,50,0,1961360.77,5,150556,https://tex.stackexchange.com/questions/134365/installation-of-texlive-full-on-ubuntu-12-04
144782,40972,1232,registered,0,0,0,False,100.0,"floats, subfloats, best-practices",3,2013-11-13 13:40:59,False,48,0,1,5,0,False,50,0,,2,59437,https://tex.stackexchange.com/questions/144782/subfigure-and-subfig-packages-deprecated
152277,38048,683,registered,0,0,0,False,,"packages, miktex, texworks",3,2014-01-03 17:11:13,True,128,2,1,9,0,True,50,0,,1,356159,https://tex.stackexchange.com/questions/152277/how-to-fix-latex-error-file-somepackage-sty-not-found
153896,21891,60586,registered,0,0,0,True,88.0,"listings, package-writing, minted, expl3, l3regex",5,2014-01-13 21:33:21,True,321,0,2,10,0,True,50,0,3855260.72,5,2817,https://tex.stackexchange.com/questions/153896/has-the-time-come-for-a-latex3-successor-to-listings
156205,44172,521,unregistered,0,0,0,False,,"bibtex, compiling, texstudio",3,2014-01-27 16:50:01,False,98,0,1,6,0,True,50,0,456339.17,3,159899,https://tex.stackexchange.com/questions/156205/how-to-compile-bibtex-with-texstudio
159669,484,20311,registered,0,0,0,False,62.0,"symbols, unicode",2,2014-02-10 19:33:09,False,95,1,0,10,0,True,50,0,70.68,8,76922,https://tex.stackexchange.com/questions/159669/how-to-print-a-warning-sign-triangle-with-exclamation-point
160539,41705,732,registered,0,0,0,False,,"tikz-pgf, diagrams, metapost, asymptote",4,2014-02-15 03:27:25,True,86,0,2,4,0,False,50,0,,12,8029,https://tex.stackexchange.com/questions/160539/drawing-a-reuleaux-triangle
161338,9316,897,registered,0,0,0,False,75.0,"punctuation, cleveref",2,2014-02-19 22:07:09,True,62,1,0,12,0,True,50,0,,3,3456,https://tex.stackexchange.com/questions/161338/can-cleveref-be-made-to-use-the-oxford-comma-for-multiple-citations
164925,42966,627,registered,0,0,0,True,,tables,1,2014-03-11 16:20:19,True,222,0,0,16,0,True,50,1,,3,4064,https://tex.stackexchange.com/questions/164925/is-there-a-tool-to-make-a-complicated-table-like-this-one-auswahlliste-from
187044,56259,663,registered,0,0,0,False,,"texlive, compiling, windows, linux",4,2014-06-28 13:59:46,False,70,0,0,10,0,True,50,3,,1,5785,https://tex.stackexchange.com/questions/187044/texlive-why-compiling-in-linux-is-much-faster-than-windows
218541,29526,631,registered,0,0,0,False,,tikz-pgf,1,2014-12-18 13:47:16,False,51,2,0,5,0,False,50,0,,1,20279,https://tex.stackexchange.com/questions/218541/arithmetic-in-tikz-coordinates-parentheses
245247,72534,1125,unregistered,0,0,0,False,40.0,vertical-alignment,1,2015-05-16 12:34:48,False,114,1,0,8,0,False,50,0,,2,173043,https://tex.stackexchange.com/questions/245247/putting-text-at-the-bottom-of-the-page
263876,34831,1151,registered,0,0,0,False,38.0,"symbols, hyphenation",2,2015-08-30 16:45:31,False,74,1,0,14,0,False,50,0,65.47,5,25120,https://tex.stackexchange.com/questions/263876/how-to-type-a-non-breaking-hyphen-dash-character-in-scientific-or-technic
309010,32330,1709,registered,0,0,0,False,79.0,"errors, debugging, undefined",3,2016-05-11 07:41:14,False,165,2,0,4,0,False,50,2,,2,7295,https://tex.stackexchange.com/questions/309010/teach-me-to-debug
323575,1551,4154,registered,0,0,0,False,73.0,"fonts, xetex, fontspec",3,2016-08-06 07:54:23,False,297,0,5,11,0,True,50,5,,2,5650,https://tex.stackexchange.com/questions/323575/how-can-i-specify-a-chain-of-fallback-fonts-in-xelatex
350907,116714,2243,registered,0,0,0,False,58.0,"bibliographies, ieeetran, ieee-style, ieeeconf",4,2017-01-28 19:32:04,False,227,4,0,8,6,False,50,3,748823.75,6,93511,https://tex.stackexchange.com/questions/350907/error-latex-error-somethings-wrong-perhaps-a-missing-item
383292,123767,766,registered,0,0,0,True,,"fun, latex-misc, big-list",3,2017-07-26 12:22:56,False,221,0,2,11,0,False,50,16,2070.47,24,12417,https://tex.stackexchange.com/questions/383292/all-uses-of-latex-i-never-use-latex-except-for
424263,Unknown,0,does_not_exist,0,0,0,True,,"typography, fun",2,2018-04-01 04:01:16,True,279,2,2,7,130,False,50,15,,3,4303,https://tex.stackexchange.com/questions/424263/how-to-properly-typeset-a-rolling-r
471563,117050,81608,registered,0,0,0,True,89.0,"package-writing, physics",2,2019-01-23 21:12:14,False,221,0,1,3,0,False,50,8,258832.18,2,5253,https://tex.stackexchange.com/questions/471563/physics-replacement-effort
2152,69,9023,registered,0,0,0,False,59.0,"tikz-pgf, graphics",2,2010-08-21 16:12:35,False,51,0,0,7,0,False,49,0,,1,24715,https://tex.stackexchange.com/questions/2152/tikz-using-external-images-as-building-blocks
2272,963,122413,registered,0,0,0,False,93.0,tex-core,1,2010-08-25 00:23:02,False,60,1,0,7,7,True,49,0,,2,2483,https://tex.stackexchange.com/questions/2272/can-you-explain-how-this-code-works
4902,1449,13137,registered,0,0,0,True,88.0,"footnotes, positioning, footmisc",3,2010-11-04 09:28:17,False,62,1,0,8,0,True,49,0,5307328.83,3,26842,https://tex.stackexchange.com/questions/4902/why-is-my-footnote-glued-to-the-text
7735,Unknown,0,does_not_exist,0,0,0,True,,"xetex, punctuation, fontspec",3,2010-12-25 19:36:57,False,46,0,0,6,0,True,49,1,4335313.63,9,37338,https://tex.stackexchange.com/questions/7735/how-to-get-straight-quotation-marks
12174,3762,5633,registered,0,0,0,False,90.0,"best-practices, file-lookup",2,2011-02-27 05:24:44,False,91,0,0,5,0,True,49,0,,4,9650,https://tex.stackexchange.com/questions/12174/naming-latex-files-best-practice
18521,1688,8661,registered,0,0,0,False,95.0,"tikz-pgf, matrices",2,2011-05-18 16:49:24,True,203,2,0,7,0,False,49,0,5458760.9,2,31943,https://tex.stackexchange.com/questions/18521/tikz-matrix-as-a-replacement-for-tabular
19480,5772,1365,unregistered,0,0,0,False,50.0,"math-mode, delimiters",2,2011-05-30 22:21:12,True,31,2,0,18,0,True,49,0,1290107.65,3,41876,https://tex.stackexchange.com/questions/19480/why-use-the-control-sequences-bigl-biggl-bigr-or-biggr-as-i-can-always-us
21644,6359,491,registered,0,0,0,False,,"symbols, overlays",2,2011-06-26 19:57:36,False,46,0,0,9,0,True,49,0,74.97,2,28153,https://tex.stackexchange.com/questions/21644/how-do-you-superimpose-two-symbols-over-each-other
29440,8082,833,registered,0,0,0,False,100.0,"formatting, titles, document-classes, article",4,2011-09-25 10:45:41,False,98,1,0,15,0,True,49,0,,1,105175,https://tex.stackexchange.com/questions/29440/how-can-i-get-maketitle-to-create-a-separate-title-page-with-the-article-class
29820,8227,717,registered,0,0,0,False,,"tikz-pgf, document-classes",2,2011-09-28 19:21:23,False,56,0,0,14,0,True,49,0,,4,29893,https://tex.stackexchange.com/questions/29820/how-can-i-generate-just-pgf-tikz-images-not-placed-a-whole-page-or-slide
31323,223,16338,registered,0,0,0,False,78.0,symbols,1,2011-10-12 15:18:18,False,178,0,1,9,0,False,49,0,,3,97042,https://tex.stackexchange.com/questions/31323/cross-out-with-arrow-as-in-goes-to-zero
31901,9311,752,registered,0,0,0,False,25.0,"pdf, pdftex, drm",3,2011-10-13 08:34:13,False,27,0,0,10,0,False,49,2,3899413.78,2,25549,https://tex.stackexchange.com/questions/31901/how-to-set-security-options-for-a-pdf-using-pdflatex
31764,8638,491,unregistered,0,0,0,False,,"spacing, wrapfigure",2,2011-10-17 00:39:31,False,37,0,0,5,0,False,49,1,462.98,5,65852,https://tex.stackexchange.com/questions/31764/white-space-under-wrapfigure-caption
31906,2331,1822,registered,0,0,0,False,83.0,"packages, templates, incompatibility, subcaption",4,2011-10-18 12:39:10,False,82,1,1,4,0,False,49,1,,1,79909,https://tex.stackexchange.com/questions/31906/subcaption-package-compatibility-issue
32213,8596,1397,registered,0,0,0,True,100.0,"compiling, output",2,2011-10-21 07:43:15,False,63,0,0,4,0,False,49,0,,2,27300,https://tex.stackexchange.com/questions/32213/understanding-the-log-file
32609,6621,104560,registered,0,0,0,True,100.0,"tex4ht, accessibility, braille",3,2011-10-25 01:38:11,False,128,0,3,3,0,False,49,3,4181063.35,5,7633,https://tex.stackexchange.com/questions/32609/latex-to-braille
35293,7978,11941,registered,0,0,0,False,92.0,"tables, vertical-alignment, columns",3,2011-11-18 16:34:52,True,74,1,0,6,0,False,49,1,4992347.07,2,98593,https://tex.stackexchange.com/questions/35293/p-m-and-b-columns-in-tables
35404,9430,593,registered,0,0,0,True,,"math-mode, symbols, relation-symbols",3,2011-11-19 18:16:00,True,31,0,0,6,0,True,49,0,30.83,7,46872,https://tex.stackexchange.com/questions/35404/is-there-a-wider-equal-sign
37127,9798,771,registered,0,0,0,False,,"beamer, navigation, mini-frames",3,2011-12-04 23:43:25,False,166,2,0,11,0,True,49,0,,1,14745,https://tex.stackexchange.com/questions/37127/how-to-remove-some-pages-from-the-navigation-bullets-in-beamer
38473,412,23548,registered,0,0,0,False,77.0,"tikz-pgf, calculations, coordinates",3,2011-12-16 13:25:35,False,68,0,0,11,0,True,49,1,4853421.93,3,21315,https://tex.stackexchange.com/questions/38473/how-can-i-compute-the-distance-between-two-coordinates-in-tikz
42968,8902,1299,registered,0,0,0,False,29.0,"spacing, subfloats",2,2012-01-31 20:55:15,False,33,1,0,6,0,False,49,1,611592.17,5,161928,https://tex.stackexchange.com/questions/42968/reduction-of-space-between-two-sub-figures
43739,2036,11746,registered,0,0,0,False,90.0,symbols,1,2012-02-07 22:41:20,False,60,0,1,7,0,False,49,0,2996517.88,5,5366,https://tex.stackexchange.com/questions/43739/how-to-create-candle-symbol-in-latex
47687,12531,593,registered,0,0,0,False,,formatting,1,2012-03-12 05:15:03,False,63,0,0,8,0,False,49,0,,1,110847,https://tex.stackexchange.com/questions/47687/adding-line-by-line-comments-to-math-proofs
49569,13004,491,unregistered,0,0,0,False,,"pdftex, installing",2,2012-03-27 02:00:35,False,34,0,0,4,0,True,49,1,2083271.72,3,363436,https://tex.stackexchange.com/questions/49569/where-to-download-pdflatex-exe
54065,963,122413,registered,0,0,0,False,93.0,floats,1,2012-05-02 10:16:41,True,359,1,0,5,21,False,49,0,,1,4029,https://tex.stackexchange.com/questions/54065/unusual-graphics-and-caption-placement
55246,8918,13935,registered,0,0,0,False,88.0,"punctuation, typography, best-practices",3,2012-05-10 12:29:41,False,266,2,3,12,0,True,49,0,11925.15,3,10524,https://tex.stackexchange.com/questions/55246/how-to-properly-typeset-all-forms-of-punctuation-used-in-english-language-docume
55995,1167,5484,registered,0,0,0,False,89.0,"tables, editors",2,2012-05-16 04:33:52,False,145,2,0,10,0,True,49,0,3709895.58,12,15824,https://tex.stackexchange.com/questions/55995/methods-to-edit-column-order-in-an-existing-latex-table
64131,7417,17854,registered,0,0,0,False,95.0,conditionals,1,2012-07-20 23:27:11,False,73,1,0,3,1,False,49,2,4456520.52,9,29303,https://tex.stackexchange.com/questions/64131/implementing-switch-cases
64696,12998,603,registered,0,0,0,True,,"bibtex, texshop",2,2012-07-25 23:57:15,False,35,1,0,7,0,False,49,2,,3,143181,https://tex.stackexchange.com/questions/64696/bibtex-i-couldnt-open-file-name-mybib-aux
67549,5645,19669,registered,0,0,0,False,87.0,"languages, babel",2,2012-08-17 15:06:21,False,76,2,0,9,3,True,49,0,4.93,4,67596,https://tex.stackexchange.com/questions/67549/whats-the-difference-between-ngerman-and-german-in-babel
67881,17801,561,unregistered,0,0,0,False,,fonts,1,2012-08-20 13:16:12,False,38,0,0,5,0,False,49,0,,3,17507,https://tex.stackexchange.com/questions/67881/resetting-mathcal-font-to-default
68272,17899,1397,registered,0,0,0,False,86.0,"sectioning, table-of-contents",2,2012-08-22 18:22:11,False,86,0,0,4,0,True,49,0,5429299.58,2,38803,https://tex.stackexchange.com/questions/68272/make-section-headings-invisible
69716,17913,1099,registered,0,0,0,False,75.0,"bibliographies, footnotes, citing",3,2012-09-01 22:47:36,True,97,0,1,6,0,True,49,2,,1,145693,https://tex.stackexchange.com/questions/69716/how-to-embed-citations-into-footnotes
74819,19396,1753,registered,0,0,0,False,91.0,"equations, line-breaking, align",3,2012-09-30 23:57:39,True,146,1,0,4,0,False,49,0,,4,146241,https://tex.stackexchange.com/questions/74819/aligned-equations-in-latex
75191,19494,491,unregistered,0,0,0,False,,"page-breaking, typography",2,2012-10-03 21:17:12,True,71,0,1,12,0,False,49,0,,1,2482,https://tex.stackexchange.com/questions/75191/catchwords-print-first-word-from-next-page-at-bottom-of-current-page
87272,16227,9259,registered,0,0,0,False,88.0,"biblatex, bibtex, best-practices, biber",4,2012-12-17 00:08:29,False,29,0,0,6,0,False,49,0,,1,50635,https://tex.stackexchange.com/questions/87272/bibtex-or-biblatex-biber-private-communication-entry
87497,2388,360019,registered,0,0,0,True,61.0,"tikz-pgf, circles, random-numbers",3,2012-12-18 14:59:55,False,218,1,1,6,0,False,49,0,,4,8240,https://tex.stackexchange.com/questions/87497/tikz-distribute-evenly-and-randomly-circles
89963,5001,561641,registered,0,0,0,True,100.0,"luatex, fontspec, ligatures, opentype",4,2013-01-09 04:34:01,True,538,1,2,16,1,True,49,0,,3,3904,https://tex.stackexchange.com/questions/89963/how-to-suppress-a-rare-ligature-that-pre-empts-a-common-ligature-for-the-sam
99495,14996,22685,registered,0,0,0,False,83.0,"syntax, grouping, optional-arguments",3,2013-02-22 22:05:37,False,234,1,1,5,2,False,49,0,,1,5079,https://tex.stackexchange.com/questions/99495/inside-an-optional-argument
103282,2148,13139,registered,0,0,0,True,100.0,"conversion, online, svg",3,2013-03-19 18:40:26,False,21,0,0,5,0,False,49,0,4278425.82,7,63088,https://tex.stackexchange.com/questions/103282/convert-latex-to-svg-online
103364,7615,13460,registered,0,0,0,True,88.0,"tikz-pgf, fun, circles",3,2013-03-20 07:47:24,True,46,0,0,9,0,False,49,1,6201706.9,6,8926,https://tex.stackexchange.com/questions/103364/how-to-create-a-caesars-encryption-disk-using-latex
114646,30585,1501,registered,0,0,0,False,,"tikz-pgf, pgfplots",2,2013-05-16 19:54:03,False,12,0,0,8,0,True,49,0,,1,56658,https://tex.stackexchange.com/questions/114646/where-is-the-pattern-list-gallery-for-pgfplots
116863,23688,1211,registered,0,0,0,True,67.0,"graphics, equations, conversion",3,2013-05-30 15:09:09,False,45,0,0,4,0,False,49,1,2729849.98,10,97323,https://tex.stackexchange.com/questions/116863/image-equation-to-tex
117984,2966,4938,registered,0,0,0,False,100.0,"expl3, xtemplate",2,2013-06-06 21:58:55,False,114,0,5,3,0,False,49,0,218.38,4,3351,https://tex.stackexchange.com/questions/117984/using-latex3-s-xtemplate
122331,33172,777,registered,0,0,0,True,75.0,"math-mode, vertical-alignment, subscripts, delimiters",4,2013-07-03 23:28:04,False,29,0,0,11,0,False,49,0,,2,97158,https://tex.stackexchange.com/questions/122331/derivatives-enter-evaluated-at-vertical-bar-with-multiple-values-as-subscript
123600,32613,903,registered,0,0,0,False,75.0,"bibtex, bibliographies",2,2013-07-11 17:30:37,True,122,2,0,8,0,False,49,0,3110054.17,4,104881,https://tex.stackexchange.com/questions/123600/latex-doesnt-recognize-et-al-in-the-bibliography
130516,35853,1555,registered,0,0,0,False,40.0,math-mode,1,2013-08-28 17:35:21,True,42,2,0,9,0,False,49,0,,2,196246,https://tex.stackexchange.com/questions/130516/how-to-write-something-vertically-below-another-math-symbol
132985,13262,5177,registered,0,0,0,False,68.0,"matlab2tikz, logos",2,2013-09-12 18:05:12,False,49,0,2,2,0,False,49,0,,8,4774,https://tex.stackexchange.com/questions/132985/matlab2tikz-logo
139929,30821,2155,registered,0,0,0,True,94.0,typography,1,2013-10-21 19:46:34,True,77,1,0,12,0,True,49,0,,2,7570,https://tex.stackexchange.com/questions/139929/why-do-all-symbols-in-x-in-x-have-their-own-baseline
140833,13390,4614,registered,0,0,0,False,81.0,"subfloats, grids",2,2013-10-26 23:15:28,True,98,1,0,9,1,False,49,0,,3,129690,https://tex.stackexchange.com/questions/140833/arranging-multiple-plots-in-a-grid-inside-a-figure-subfloat
141378,10117,8771,registered,0,0,0,True,76.0,"tikz-pgf, shading, gradient",3,2013-10-30 02:18:51,True,75,0,3,6,0,False,49,0,,2,11008,https://tex.stackexchange.com/questions/141378/path-following-color-gradient-in-tikz
146909,Unknown,0,does_not_exist,0,0,0,True,,"math-mode, boxes",2,2013-11-25 23:12:39,False,39,0,0,4,0,True,49,0,,1,147086,https://tex.stackexchange.com/questions/146909/what-does-mbox-do
151613,14996,22685,registered,0,0,0,False,83.0,"big-list, tex-general",2,2013-12-29 01:09:49,False,134,0,0,14,0,True,49,2,9461.45,14,3408,https://tex.stackexchange.com/questions/151613/which-publishers-use-tex-and-friends-for-a-significant-proportion-of-their-publi
162738,47010,983,registered,0,0,0,True,,"tikz-pgf, graphics, pdf, accessibility",4,2014-02-27 16:59:07,False,301,0,0,12,0,False,49,9,,2,1417,https://tex.stackexchange.com/questions/162738/producing-embossed-tactile-graphics-with-tikz-for-a-student-who-is-blind
169808,5626,13805,registered,0,0,0,False,68.0,"positioning, boxes, big-list",3,2014-04-06 01:19:49,False,86,0,0,11,0,True,49,5,198.05,4,9689,https://tex.stackexchange.com/questions/169808/what-are-the-ways-to-position-things-absolutely-on-the-page
174030,50182,511,registered,0,0,0,False,,"bibliographies, errors",2,2014-04-28 20:18:47,False,286,2,0,11,0,False,49,6,,6,182609,https://tex.stackexchange.com/questions/174030/misplaced-alignment-tab-character-error-when-citing-a-particular-entry
185419,12571,56795,registered,0,0,0,True,89.0,"tikz-pgf, luatex, pattern",3,2014-06-18 13:10:41,False,152,0,3,6,0,False,49,0,,1,4102,https://tex.stackexchange.com/questions/185419/poisson-disc-sampling-implemented-in-luatex
200994,49335,2569,registered,0,0,0,False,100.0,"floats, subfloats, sv-classes",3,2014-09-13 17:25:06,False,103,4,1,6,0,False,49,5,3893695.67,5,227369,https://tex.stackexchange.com/questions/200994/environment-subfigure-undefined-on-journal-submission
224987,71204,592,registered,0,0,0,False,,equations,1,2015-01-26 13:30:49,True,91,1,0,9,0,False,49,4,,1,126618,https://tex.stackexchange.com/questions/224987/how-to-decrease-space-above-and-below-displayed-equations
286902,95602,617,registered,0,0,0,False,,conditionals,1,2016-01-07 16:48:03,False,44,0,1,3,0,False,49,2,,1,235851,https://tex.stackexchange.com/questions/286902/latex-if-condition
296512,5001,561641,registered,0,0,0,True,100.0,"fonts, xetex, luatex, fontspec, ligatures",5,2016-02-29 11:28:57,True,406,1,3,12,2,True,49,10,,1,2008,https://tex.stackexchange.com/questions/296512/how-to-keep-a-rare-ligature-from-interfering-with-a-common-ligature
317336,97167,733,registered,0,0,0,False,25.0,tikz-pgf,1,2016-06-29 19:55:29,True,181,1,1,15,4,True,49,2,,1,36701,https://tex.stackexchange.com/questions/317336/how-to-align-the-content-of-the-legend-to-the-left-instead-of-default-centre
365456,106111,593,registered,0,0,0,False,,"texstudio, shortcut",2,2017-04-19 10:50:00,False,105,0,1,9,0,True,49,0,2445853.55,3,45779,https://tex.stackexchange.com/questions/365456/is-there-a-cheat-sheet-for-texstudio-keyboard-shortcuts
443018,145995,507,registered,0,0,0,True,,"bibtex, errors, unicode, input-encodings",4,2018-07-24 16:23:52,False,157,1,0,8,0,False,49,6,396023.78,7,63205,https://tex.stackexchange.com/questions/443018/package-inputenc-error-unicode-char-%cc%81-u301inputenc
598818,89417,46067,registered,0,0,0,False,100.0,"editors, shell-escape, big-list",3,2021-05-27 15:44:19,False,166,0,16,5,0,True,49,6,0.0,13,42106,https://tex.stackexchange.com/questions/598818/how-can-i-enable-shell-escape
633473,25779,4384,registered,0,0,0,False,64.0,expl3,1,2022-02-11 04:43:24,False,155,0,0,11,0,True,49,7,351.88,2,3511,https://tex.stackexchange.com/questions/633473/is-there-a-latex-3-transition-guide-for-users-not-gurus
291,82,6772,registered,0,0,0,False,,"graphics, wrapfigure",2,2010-07-27 09:34:11,False,98,1,0,7,0,True,48,0,,4,19560,https://tex.stackexchange.com/questions/291/how-to-wrap-text-around-a-figure
649,169,65149,registered,0,0,0,False,93.0,"macros, amsmath",2,2010-07-30 17:35:14,False,115,3,1,7,0,True,48,0,58.57,3,6101,https://tex.stackexchange.com/questions/649/how-do-magic-dots-work-in-amsmath
669,35,23407,registered,0,0,0,True,82.0,"fonts, times",2,2010-07-30 21:42:39,False,49,0,0,17,0,True,48,0,,6,65431,https://tex.stackexchange.com/questions/669/how-do-i-make-my-document-use-the-times-font-both-for-the-text-and-the-math
837,35,23407,registered,0,0,0,True,82.0,"letters, letterhead, backgrounds",3,2010-08-02 21:51:09,False,44,0,0,5,0,False,48,0,21512.88,3,23403,https://tex.stackexchange.com/questions/837/pdf-letterhead-as-document-background
1517,595,984,registered,0,0,0,False,,"pdftex, spelling, collaboration, proofreading",4,2010-08-11 11:15:08,False,118,0,0,7,0,True,48,0,,10,4439,https://tex.stackexchange.com/questions/1517/workflow-for-reviewing-pdfs-generated-from-tex
1588,512,19051,registered,0,0,0,True,98.0,"equations, braces",2,2010-08-12 08:34:52,False,26,1,0,8,0,False,48,2,,1,23962,https://tex.stackexchange.com/questions/1588/using-braces-to-label-parts-of-an-equation
2347,510,258210,registered,0,0,0,True,98.0,"sectioning, page-breaking, e-tex, sections-paragraphs",4,2010-08-26 15:02:08,False,36,0,0,7,0,False,48,0,74.37,7,16593,https://tex.stackexchange.com/questions/2347/avoiding-page-breaks-shortly-after-section-subsection-headings
2924,375,14229,registered,0,0,0,False,85.0,"tables, horizontal-alignment",2,2010-09-09 02:57:45,True,222,1,0,11,3,True,48,0,5783195.32,5,39223,https://tex.stackexchange.com/questions/2924/how-to-align-table-headers-differently-than-all-other-table-cells
3189,1213,845,registered,0,0,0,True,,floats,1,2010-09-17 11:56:07,False,56,1,0,11,0,True,48,0,35.65,3,131334,https://tex.stackexchange.com/questions/3189/why-is-my-table-displayed-at-the-top-of-the-page
5559,861,6063,registered,0,0,0,True,60.0,"graphics, pdf, crop, matlab",4,2010-11-18 07:03:55,False,121,0,0,10,0,False,48,0,1197277.25,12,67428,https://tex.stackexchange.com/questions/5559/how-to-avoid-large-margins-around-matlab-plot-in-pdf
6794,2364,4006,registered,0,0,0,False,85.0,"amsmath, scaling, delimiters, multline",4,2010-12-09 11:48:46,False,178,1,0,6,0,False,48,0,7966750.65,3,38691,https://tex.stackexchange.com/questions/6794/about-big-parenthesis-larger-than-bigg
7210,42,41032,registered,0,0,0,False,84.0,"cross-referencing, environments, captions",3,2010-12-16 14:38:19,False,132,0,1,5,0,False,48,0,,2,19202,https://tex.stackexchange.com/questions/7210/label-and-caption-without-float
14241,4444,773,registered,0,0,0,False,,"math-mode, line-breaking",2,2011-03-25 17:42:13,True,36,0,0,10,0,True,48,5,4815347.88,3,13897,https://tex.stackexchange.com/questions/14241/how-can-i-prevent-latex-from-breaking-inline-formulas-globally
15736,4871,481,unregistered,0,0,0,False,,"macros, lengths",2,2011-04-13 17:37:45,False,104,3,0,8,5,True,48,0,,2,36117,https://tex.stackexchange.com/questions/15736/what-is-the-difference-between-def-and-newlength
16453,4965,931,unregistered,0,0,0,False,71.0,symbols,1,2011-04-23 17:22:53,False,53,0,0,5,0,False,48,0,262515.5,5,32837,https://tex.stackexchange.com/questions/16453/denoting-the-end-of-example-remark
18194,5389,665,registered,0,0,0,False,,"bibtex, apa-style, zotero",3,2011-05-14 02:39:19,False,279,1,2,20,0,True,48,1,6660191.4,3,57983,https://tex.stackexchange.com/questions/18194/what-is-the-proper-way-to-represent-a-talk-at-a-conference-with-no-proceedings
19057,5741,1181,registered,0,0,0,False,100.0,"page-breaking, titles, revtex",3,2011-05-26 05:31:07,False,111,2,0,10,0,False,48,0,4365309.75,2,30914,https://tex.stackexchange.com/questions/19057/single-column-revtex4-1-adds-a-page-break-after-the-title-section
20335,6059,483,unregistered,0,0,0,False,,"biblatex, capitalization",2,2011-06-09 20:01:13,False,70,0,0,7,0,False,48,1,176.65,2,20509,https://tex.stackexchange.com/questions/20335/proper-casing-in-citation-bibliography-titles-using-biblatex-biber
20877,1488,5871,registered,0,0,0,False,85.0,"punctuation, siunitx, spanish",3,2011-06-16 07:52:23,False,35,0,0,8,0,False,48,0,,1,33392,https://tex.stackexchange.com/questions/20877/comma-as-decimal-marker-with-siunitx-spanish-usage
21557,4301,230021,registered,0,0,0,False,92.0,"tikz-pgf, foreach",2,2011-06-25 04:42:09,False,54,0,2,7,0,True,48,0,,1,19947,https://tex.stackexchange.com/questions/21557/what-is-the-count-i-in-foreach-for
22273,5701,37533,registered,0,0,0,False,98.0,"biblatex, citing",2,2011-07-04 15:47:53,False,177,1,1,6,3,False,48,0,5126195.05,5,13217,https://tex.stackexchange.com/questions/22273/author-name-of-textcite-as-possessive
22402,4567,2397,registered,0,0,0,True,68.0,"beamer, titles",2,2011-07-05 19:17:19,False,49,0,0,6,0,False,48,0,,1,46970,https://tex.stackexchange.com/questions/22402/shorten-title-on-each-beamer-slide
24886,4322,10357,registered,0,0,0,True,100.0,"packages, syntax, grammar",3,2011-08-04 13:22:58,False,78,0,0,9,0,True,48,0,1034.15,4,43700,https://tex.stackexchange.com/questions/24886/which-package-can-be-used-to-write-bnf-grammars
24964,7090,483,unregistered,0,0,0,False,,"tikz-pgf, pgfplots",2,2011-08-05 14:50:24,False,62,2,0,11,0,True,48,0,4909265.92,3,27633,https://tex.stackexchange.com/questions/24964/how-to-combine-fill-and-pattern-in-a-pgfplot-bar-plot
24994,2193,2335,registered,0,0,0,False,75.0,"fonts, xetex, fontspec, computer-modern",4,2011-08-05 19:45:22,False,34,0,0,7,0,False,48,0,15.17,4,40742,https://tex.stackexchange.com/questions/24994/switching-back-to-computer-modern-within-xelatex
27543,4012,56727,registered,0,0,0,False,93.0,"environments, titles, article",3,2011-09-05 15:36:51,False,395,2,0,11,2,True,48,1,,2,76444,https://tex.stackexchange.com/questions/27543/what-does-the-titlepage-environment-do-and-what-are-its-benefits
29119,165,1645,registered,0,0,0,False,,"equations, vertical-alignment",2,2011-09-21 20:00:11,True,236,2,1,8,0,False,48,0,,4,25591,https://tex.stackexchange.com/questions/29119/sharing-alignment-between-equations-in-two-different-items
33696,6324,10632,registered,0,0,0,False,92.0,"hyperref, bookmarks",2,2011-11-05 00:16:15,False,65,0,0,10,0,False,48,0,5036302.82,7,24454,https://tex.stackexchange.com/questions/33696/no-section-numbers-but-still-have-pdf-bookmarks-with-hyperref
34939,1940,15343,registered,0,0,0,False,80.0,pgfplots,1,2011-11-15 18:15:20,True,13,0,0,6,0,False,48,1,4172630.8,4,21754,https://tex.stackexchange.com/questions/34939/axis-with-trigonometric-labels-in-pgfplots
39553,5239,98057,registered,0,0,0,False,98.0,"tikz-pgf, grids",2,2011-12-29 12:32:07,True,147,4,0,10,0,True,48,0,,3,36743,https://tex.stackexchange.com/questions/39553/how-can-i-show-coordinates-by-grid-in-tikz-automatically
40946,6832,8109,registered,0,0,0,False,97.0,macros,1,2012-01-13 11:23:06,False,68,2,0,7,3,True,48,0,,3,5343,https://tex.stackexchange.com/questions/40946/why-the-end-of-line-in-macro-definitions
42069,3504,3277,registered,0,0,0,True,,"graphics, color",2,2012-01-24 01:27:52,False,68,0,0,20,0,True,48,1,5294023.6,6,62626,https://tex.stackexchange.com/questions/42069/what-colors-are-good-to-use-for-graphs-and-figures-in-scientific-publications-th
43335,10958,911,registered,0,0,0,False,100.0,"symbols, stacking-symbols",2,2012-02-03 23:49:52,False,61,0,0,10,0,True,48,0,,2,216659,https://tex.stackexchange.com/questions/43335/how-to-write-is-distributed-as-under-a-certain-hypothesis
43966,11396,1401,registered,0,0,0,False,80.0,"fonts, formatting, theorems, amsthm",4,2012-02-09 17:28:33,True,150,3,1,12,20,True,48,0,,4,36333,https://tex.stackexchange.com/questions/43966/how-to-make-the-optional-title-of-a-theorem-bold-with-amsthm
46015,7881,4115,registered,0,0,0,False,92.0,"texlive, msword, word-to-latex",3,2012-02-27 19:27:34,False,64,0,0,9,0,False,48,0,,8,63602,https://tex.stackexchange.com/questions/46015/converting-ms-word-doc-to-latex-by-command-line
46377,215,76886,registered,0,0,0,False,98.0,"tex-core, conditionals",2,2012-03-01 17:25:22,False,39,0,0,4,0,True,48,1,,6,82774,https://tex.stackexchange.com/questions/46377/what-is-iffalse-for
49777,12850,24761,registered,0,0,0,True,100.0,"positioning, page-breaking, automation, newspaper",4,2012-03-28 11:09:21,True,1087,0,8,7,0,False,48,4,6525.02,5,6185,https://tex.stackexchange.com/questions/49777/automated-newspaper-layout-with-tex-and-abroad
55210,14428,896,registered,0,0,0,False,,"xetex, luatex, unicode, unicode-math, latin-modern",5,2012-05-10 06:09:50,True,120,1,0,6,0,False,48,0,,3,407087,https://tex.stackexchange.com/questions/55210/not-element-of-in-latin-modern
57484,7844,10779,registered,0,0,0,False,95.0,"tikz-pgf, spacing, diagrams",3,2012-05-27 06:16:54,True,390,1,1,11,0,True,48,0,,4,53290,https://tex.stackexchange.com/questions/57484/is-there-a-way-to-control-whitespace-around-a-tikz-picture
65355,16865,8570,registered,0,0,0,False,93.0,"vertical-alignment, document-classes, best-practices",3,2012-07-31 17:47:08,False,87,0,1,3,0,False,48,0,,2,84110,https://tex.stackexchange.com/questions/65355/flushbottom-vs-raggedbottom
75118,4012,56727,registered,0,0,0,False,93.0,"fonts, luatex, performance",3,2012-10-03 08:18:53,False,322,3,1,16,4,True,48,5,,1,7207,https://tex.stackexchange.com/questions/75118/why-does-it-take-lualatex-so-long-to-load-fonts-and-can-i-speed-it-up
78044,5886,1380,registered,0,0,0,False,75.0,tikz-pgf,1,2012-10-17 17:52:00,True,28,0,0,10,0,False,48,0,,3,3607,https://tex.stackexchange.com/questions/78044/fill-style-that-looks-like-hand-drawn-hand-filled-with-crayon
95180,23052,6167,registered,0,0,0,False,83.0,"packages, obsolete",2,2013-01-24 14:21:25,False,95,0,0,13,0,True,48,0,128.3,5,2452,https://tex.stackexchange.com/questions/95180/how-to-tell-people-why-packages-become-deprecated-and-shouldnt-be-used-anymore
97071,17984,1323,registered,0,0,0,False,50.0,"pdftex, compiling",2,2013-02-06 19:36:42,False,53,0,0,13,0,True,48,2,,4,11524,https://tex.stackexchange.com/questions/97071/whats-the-maximum-number-of-pages-a-pdf-produced-by-pdftex-can-have
123374,27434,645,registered,0,0,0,False,,"spacing, titles",2,2013-07-10 08:52:42,False,135,1,0,7,2,False,48,0,80.0,2,102056,https://tex.stackexchange.com/questions/123374/reduce-space-at-the-top-using-maketitle
126200,3367,2942,registered,0,0,0,False,83.0,"spacing, macros",2,2013-07-31 16:16:22,False,43,0,0,14,0,True,48,0,,3,74210,https://tex.stackexchange.com/questions/126200/when-should-you-use-vskip-hskip-rather-than-vspace-hspace-in-a-latex-doc
134535,36988,677,registered,0,0,0,False,,biblatex,1,2013-09-22 15:29:42,True,438,1,0,13,22,False,48,0,28.05,1,20885,https://tex.stackexchange.com/questions/134535/biblatex-authoryear-style-in-text-citations-display-first-name-initials-for-ce
144170,22137,13469,registered,0,0,0,False,85.0,"cross-referencing, listings, labels",3,2013-11-10 04:00:31,False,118,0,0,5,0,False,48,0,,1,20063,https://tex.stackexchange.com/questions/144170/lstlistings-reference-to-line-number
147966,12850,24761,registered,0,0,0,True,100.0,"macros, tex-core, performance, data-structures",4,2013-12-02 07:46:49,False,3292,22,3,7,62,False,48,0,15536.95,3,2298,https://tex.stackexchange.com/questions/147966/how-to-implement-low-level-arrays-in-tex
150137,14103,18659,registered,0,0,0,True,95.0,macros,1,2013-12-16 07:44:03,False,257,6,2,12,1,True,48,0,,3,9716,https://tex.stackexchange.com/questions/150137/why-are-some-latex-macros-defined-using-newcommand-and-some-using-def
152721,43548,491,registered,0,0,0,False,,"fonts, miktex",2,2014-01-06 21:25:07,False,115,1,0,3,0,False,48,0,2481128.07,3,66619,https://tex.stackexchange.com/questions/152721/problems-with-fonts
154329,26321,1169,registered,0,0,0,True,100.0,"math-mode, equations, vertical-alignment, braces",4,2014-01-16 08:07:12,False,37,1,0,5,0,False,48,0,20.95,3,26109,https://tex.stackexchange.com/questions/154329/how-to-vertically-align-underbraces
155148,41337,631,registered,0,0,0,False,100.0,"texstudio, grammar",2,2014-01-21 09:06:59,False,59,0,2,5,0,False,48,2,992038.67,4,67745,https://tex.stackexchange.com/questions/155148/installing-language-tool-in-texstudio
160220,38173,665,registered,0,0,0,False,100.0,"unicode, accents, input-encodings, french, soul",5,2014-02-13 12:40:36,False,118,1,0,7,3,False,48,0,,3,8014,https://tex.stackexchange.com/questions/160220/french-accents-in-hl-from-soul-package
174002,5007,747,registered,0,0,0,False,,"beamer, symbols",2,2014-04-28 18:11:20,True,58,0,0,4,0,False,48,6,,2,130899,https://tex.stackexchange.com/questions/174002/two-consecutive-greater-than-signs
175776,17423,27801,registered,0,0,0,False,86.0,biblatex,1,2014-05-07 07:50:53,False,310,2,1,10,16,True,48,2,800.87,1,8065,https://tex.stackexchange.com/questions/175776/how-can-i-create-entirely-new-data-types-with-biblatex-biber
183358,8547,2922,registered,0,0,0,True,80.0,conversion,1,2014-06-05 20:29:46,False,140,0,0,9,0,True,48,2,0.0,6,52323,https://tex.stackexchange.com/questions/183358/how-to-convert-a-google-docs-document-to-latex
185193,49199,3673,registered,0,0,0,False,71.0,"math-mode, formatting, inline",3,2014-06-17 01:33:55,False,93,0,0,8,0,True,48,10,,4,6653,https://tex.stackexchange.com/questions/185193/what-is-the-necessity-of-around-numbers
194344,49335,2569,registered,0,0,0,False,100.0,"symbols, math-operators",2,2014-08-01 22:59:50,False,38,0,0,4,0,False,48,2,17.3,3,333677,https://tex.stackexchange.com/questions/194344/symbol-for-definition
228364,63847,3322,registered,0,0,0,True,91.0,"tikz-pgf, nodes",2,2015-02-16 04:56:56,True,61,1,0,11,0,False,48,0,5522000.63,4,47055,https://tex.stackexchange.com/questions/228364/is-it-possible-to-set-a-maximum-node-width-in-tikz
234441,74703,583,registered,0,0,0,False,,graphics,1,2015-03-22 09:30:23,False,43,3,0,6,0,False,48,0,,2,435108,https://tex.stackexchange.com/questions/234441/latex-includegraphics-width-and-height
239242,19809,15025,registered,0,0,0,False,93.0,delimiters,1,2015-04-18 12:49:28,False,113,1,0,5,0,True,48,4,42.58,2,42045,https://tex.stackexchange.com/questions/239242/why-does-big-mid-not-work
261434,18083,1338,registered,0,0,0,False,76.0,"fonts, hyperref, urls",3,2015-08-14 22:26:02,False,37,0,0,3,0,False,48,0,,1,59024,https://tex.stackexchange.com/questions/261434/changing-url-font
280462,90535,917,registered,0,0,0,True,56.0,"hyperref, links",2,2015-11-28 18:23:48,False,43,0,0,6,0,True,48,0,,1,23163,https://tex.stackexchange.com/questions/280462/link-to-arbitrary-part-of-text
407258,86,161292,registered,0,0,0,True,79.0,"packages, installing, linux, big-list",4,2017-12-22 12:47:45,False,112,0,0,12,0,True,48,8,181.37,7,7309,https://tex.stackexchange.com/questions/407258/how-do-i-find-out-which-linux-package-contains-which-latex-package
479232,41885,9963,registered,0,0,0,False,92.0,"tikz-pgf, fun, big-list",3,2019-03-13 10:28:02,False,11,0,0,8,0,True,48,8,18.03,11,7953,https://tex.stackexchange.com/questions/479232/what-has-been-your-most-complicated-tikz-drawing
54819,Unknown,0,does_not_exist,0,0,0,True,,"listings, captions",2,2010-06-29 21:34:36,False,57,1,0,2,0,False,47,0,,1,80285,https://tex.stackexchange.com/questions/54819/listings-caption
129,68,2239,registered,0,0,0,False,100.0,"equations, embedding, online",3,2010-07-26 23:26:58,False,37,0,0,6,0,False,47,0,,11,34394,https://tex.stackexchange.com/questions/129/embedding-latex-equations-into-a-webpage
1405,97,5775,registered,0,0,0,False,100.0,"tables, color, backgrounds",3,2010-08-09 19:56:17,False,18,0,0,10,0,True,47,0,5595751.17,2,55266,https://tex.stackexchange.com/questions/1405/how-do-i-fill-table-cells-with-a-background-color
1914,647,65430,registered,0,0,0,False,92.0,"macros, best-practices, braces, syntax",4,2010-08-18 01:37:20,False,53,1,0,6,0,True,47,0,,8,6668,https://tex.stackexchange.com/questions/1914/why-do-people-use-unnecessary-braces
2450,84,4389,registered,0,0,0,False,100.0,"cross-referencing, theorems",2,2010-08-28 07:50:23,False,126,0,0,7,0,True,47,0,,4,83945,https://tex.stackexchange.com/questions/2450/a-better-way-to-reference-theorem-like-environments
2905,278,573,registered,0,0,0,False,,bibliographies,1,2010-09-08 20:40:12,False,76,2,0,11,0,True,47,0,108.22,3,28671,https://tex.stackexchange.com/questions/2905/how-can-i-list-references-from-bibtex-file-in-line-with-commentary
4129,1477,653,registered,0,0,0,False,,graphics,1,2010-10-14 18:41:16,False,111,2,0,9,0,True,47,0,,5,91940,https://tex.stackexchange.com/questions/4129/how-to-avoid-showing-the-filename-when-using-graphicx
4170,103,17397,registered,0,0,0,False,75.0,"footnotes, affiliation",2,2010-10-15 20:15:22,False,77,0,1,7,0,False,47,0,339354.97,2,40528,https://tex.stackexchange.com/questions/4170/multiple-thanks-that-refer-to-same-text
4602,795,2274,registered,0,0,0,False,,"include, input, paths",3,2010-10-26 18:36:12,False,275,4,0,14,0,True,47,2,,4,37567,https://tex.stackexchange.com/questions/4602/how-to-make-the-main-file-recognize-relative-paths-used-in-the-imported-files
5818,2052,473,registered,0,0,0,True,,"listings, horizontal-alignment",2,2010-11-23 10:37:40,False,124,1,0,5,0,True,47,0,,2,54900,https://tex.stackexchange.com/questions/5818/how-to-center-a-listing
6895,136,10884,registered,0,0,0,False,65.0,"packages, barcodes",2,2010-12-11 05:50:16,False,53,0,0,9,0,True,47,3,58452.2,5,17770,https://tex.stackexchange.com/questions/6895/is-there-a-good-latex-package-for-generating-barcodes
7230,1915,903,registered,0,0,0,False,,page-breaking,1,2010-12-16 17:42:09,False,230,4,0,10,0,True,47,0,,5,44861,https://tex.stackexchange.com/questions/7230/nopagebreak-nopagebreak-nopagebreak-why-wont-latex-listen-to-me
7462,Unknown,0,does_not_exist,0,0,0,True,,"math-mode, symbols, fontsize, scaling",4,2010-12-20 18:22:49,False,71,1,0,6,0,True,47,0,,3,171209,https://tex.stackexchange.com/questions/7462/how-to-make-math-symbols-bigger
8610,Unknown,0,does_not_exist,0,0,0,True,,"graphics, horizontal-alignment",2,2011-01-10 07:23:53,False,90,0,0,14,0,True,47,0,,3,152711,https://tex.stackexchange.com/questions/8610/how-to-center-large-figures-in-latex-and-how-to-fix-short-justified-lines
12207,2552,238515,registered,0,0,0,True,85.0,pgfplots,1,2011-02-27 16:14:17,True,170,1,0,8,2,False,47,0,,2,23175,https://tex.stackexchange.com/questions/12207/label-plots-in-pgfplots-without-entering-coordinates-manually
12973,1940,15343,registered,0,0,0,False,80.0,"tikz-pgf, horizontal-alignment",2,2011-03-08 19:21:29,False,58,1,0,4,0,False,47,0,,3,73954,https://tex.stackexchange.com/questions/12973/left-alignment-in-tikz
13323,3622,10659,registered,0,0,0,False,87.0,"errors, compiling",2,2011-03-13 18:57:11,False,53,0,0,7,0,True,47,1,,3,19911,https://tex.stackexchange.com/questions/13323/how-to-disable-the-prompt-on-error
15971,4371,1071,registered,0,0,0,False,75.0,"bibliographies, citing, knuth, back-referencing",4,2011-04-17 02:41:35,False,121,0,0,4,0,False,47,0,,3,32966,https://tex.stackexchange.com/questions/15971/bibliography-with-page-numbers
18191,5361,949,registered,0,0,0,False,83.0,cross-referencing,1,2011-05-14 00:28:55,False,88,2,0,3,1,False,47,0,4790068.75,8,41035,https://tex.stackexchange.com/questions/18191/defining-custom-labels
21200,103,17397,registered,0,0,0,False,75.0,"xetex, emacs, auctex",3,2011-06-20 20:18:57,False,64,0,0,3,0,False,47,0,188.85,4,22659,https://tex.stackexchange.com/questions/21200/auctex-and-xetex
24903,2193,2335,registered,0,0,0,False,75.0,"equations, page-breaking",2,2011-08-04 19:01:36,False,90,0,0,4,0,False,47,0,18.45,2,40877,https://tex.stackexchange.com/questions/24903/multi-page-equations-problem
24932,5626,13805,registered,0,0,0,False,68.0,"package-writing, documentation, expl3",3,2011-08-05 03:39:59,False,79,0,0,6,0,False,47,0,300690.37,2,2595,https://tex.stackexchange.com/questions/24932/moving-to-latex3-for-package-authors
26712,5110,21077,registered,0,0,0,False,86.0,"beamer, table-of-contents",2,2011-08-28 07:09:21,False,63,0,0,7,0,True,47,0,3093278.15,2,82767,https://tex.stackexchange.com/questions/26712/how-to-make-outline-frame-in-beamer
27890,6865,15644,registered,0,0,0,False,100.0,"babel, hyphenation",2,2011-09-08 21:04:03,False,224,2,0,6,3,True,47,0,,2,62295,https://tex.stackexchange.com/questions/27890/how-to-add-global-hyphenation-rules
28326,7417,17854,registered,0,0,0,False,95.0,"numbering, conversion, programming",3,2011-09-13 17:35:20,False,83,1,0,6,0,False,47,0,,3,8630,https://tex.stackexchange.com/questions/28326/convert-any-number-to-corresponding-word
29926,6593,1399,registered,0,0,0,False,75.0,"tikz-pgf, pgfplots",2,2011-09-29 18:37:07,True,48,1,0,12,0,False,47,0,,1,34654,https://tex.stackexchange.com/questions/29926/how-to-prevent-pgfplots-from-using-the-10n-notation-for-axis-ticks
33764,3762,5633,registered,0,0,0,False,90.0,"beamer, color",2,2011-11-05 20:42:05,False,144,1,0,7,11,True,47,0,103.32,2,34775,https://tex.stackexchange.com/questions/33764/getting-the-color-from-a-beamer-theme
36307,7091,3509,registered,0,0,0,False,94.0,"biblatex, hyperref, formatting, natbib, back-referencing",5,2011-11-27 18:31:53,False,59,1,0,5,0,False,47,1,,1,26621,https://tex.stackexchange.com/questions/36307/formatting-back-references-in-bibliography
38599,10048,635,registered,0,0,0,False,,"fonts, typography, random-numbers",3,2011-12-17 13:36:19,False,82,0,0,6,0,False,47,0,,2,5342,https://tex.stackexchange.com/questions/38599/the-effect-of-the-anonymous-letter
39982,3438,828,registered,0,0,0,False,,"graphics, conditionals",2,2012-01-04 02:54:43,False,155,0,0,7,0,True,47,1,,3,10706,https://tex.stackexchange.com/questions/39982/use-default-figure-if-file-is-missing
43835,11114,765,registered,0,0,0,False,,"packages, incompatibility, lncs",3,2012-02-08 17:17:31,False,165,3,0,7,0,False,47,0,3887597.78,4,47529,https://tex.stackexchange.com/questions/43835/conflict-between-amsthm-and-some-other-package
44505,5490,2669,registered,0,0,0,False,68.0,"tikz-pgf, tikz-external",2,2012-02-14 11:54:07,False,111,0,0,5,0,False,47,0,,3,61332,https://tex.stackexchange.com/questions/44505/export-tikz-figures-to-pdf
44557,9352,2498,registered,0,0,0,True,100.0,"math-mode, beamer",2,2012-02-14 18:50:29,False,149,1,0,3,0,False,47,0,4547826.52,7,13967,https://tex.stackexchange.com/questions/44557/beamer-uncover-underbrace
46276,19690,1402,registered,0,0,0,False,100.0,"packages, ubuntu, algorithm2e",3,2012-02-28 20:11:55,False,88,2,0,4,0,False,47,0,,1,48195,https://tex.stackexchange.com/questions/46276/package-algorithm2e-on-ubuntu
46308,12217,573,registered,0,0,0,True,,"math-mode, spacing",2,2012-03-01 02:00:06,False,59,1,0,6,0,False,47,0,,2,21598,https://tex.stackexchange.com/questions/46308/oversized-underbraces-label-causes-unwanted-spacing
48965,11206,919,registered,0,0,0,False,100.0,"equations, align",2,2012-03-22 14:47:56,False,24,0,0,11,0,True,47,0,,1,25724,https://tex.stackexchange.com/questions/48965/what-is-the-difference-between-notag-and-nonumber-in-align-environment
53869,12860,6281,registered,0,0,0,False,68.0,"beamer, positioning, scaling",3,2012-05-01 00:06:04,False,40,1,0,18,0,True,47,0,,4,187036,https://tex.stackexchange.com/questions/53869/beamer-how-to-align-two-images-side-by-side-and-to-scale-them-automatically-to
54064,13192,8616,registered,0,0,0,False,83.0,"lists, itemize, todonotes",3,2012-05-02 09:59:00,False,71,2,0,3,0,True,47,0,5391500.75,2,9124,https://tex.stackexchange.com/questions/54064/itemize-inside-todonote
54166,5274,4804,registered,0,0,0,True,86.0,"math-mode, isomath",2,2012-05-03 02:39:59,False,71,0,0,3,0,False,47,2,,6,59053,https://tex.stackexchange.com/questions/54166/upright-lowercase-pi
57152,14833,759,registered,0,0,0,False,83.0,tikz-pgf,1,2012-05-24 11:13:08,False,19,0,1,6,0,True,47,2,18.52,5,197351,https://tex.stackexchange.com/questions/57152/how-to-draw-graphs-in-latex
59889,13747,8498,registered,0,0,0,False,65.0,"symbols, cross-referencing, formatting",3,2012-06-14 21:17:14,False,42,0,1,8,0,False,47,0,,4,79896,https://tex.stackexchange.com/questions/59889/using-section-sign-for-cross-references-to-sections
60781,13747,8498,registered,0,0,0,False,65.0,languages,1,2012-06-22 08:33:06,False,47,0,1,7,0,False,47,0,190.58,7,18515,https://tex.stackexchange.com/questions/60781/managing-multiple-translation-of-a-single-document
64839,12022,943,registered,0,0,0,False,100.0,"listings, captions, algorithms, pseudocode",4,2012-07-27 01:13:39,False,57,0,0,5,0,True,47,0,3990302.65,2,87601,https://tex.stackexchange.com/questions/64839/how-to-change-listing-caption
75793,11002,52979,registered,0,0,0,True,86.0,tables,1,2012-10-08 12:05:06,True,190,1,1,8,0,False,47,0,3494089.98,6,37576,https://tex.stackexchange.com/questions/75793/tabular-input-by-columns-i-e-transpose-a-table
78846,21251,573,registered,0,0,0,False,,"tikz-pgf, tikz-styles, mindmaps",3,2012-10-24 00:50:04,True,778,2,0,5,2,False,47,0,,1,8772,https://tex.stackexchange.com/questions/78846/creating-thicker-tikz-mindmap-connectors
85050,19356,38063,registered,0,0,0,True,98.0,"tikz-pgf, pstricks, fun",3,2012-12-01 06:22:58,True,57,1,0,9,0,False,47,0,,5,3651,https://tex.stackexchange.com/questions/85050/please-improve-my-logo-to-resemble-our-tex-sx-logo
89745,13450,20238,registered,0,0,0,False,95.0,"tikz-pgf, tables, makecell",3,2013-01-07 17:38:41,True,228,1,3,9,1,True,47,1,5260171.18,3,34554,https://tex.stackexchange.com/questions/89745/how-to-diagonally-divide-a-table-cell-properly
93712,13695,2324,registered,0,0,0,False,100.0,"texlive, linux, environment-variables",3,2013-01-14 11:28:06,False,22,0,0,5,0,False,47,1,2565446.38,2,36554,https://tex.stackexchange.com/questions/93712/definition-of-the-texinputs-variable
94217,14996,22685,registered,0,0,0,False,83.0,"line-breaking, comparison",2,2013-01-17 15:00:48,False,54,0,0,8,0,True,47,0,18.95,2,30196,https://tex.stackexchange.com/questions/94217/what-is-the-difference-between-nobreak-and-nolinebreak
98528,25730,725,registered,0,0,0,False,,"hyperref, color, links",3,2013-02-17 01:57:13,False,141,1,0,6,0,False,47,1,,2,116693,https://tex.stackexchange.com/questions/98528/further-customize-color-of-hyperref-links
104506,1657,23441,registered,0,0,0,True,100.0,"macros, expansion",2,2013-03-27 09:50:36,False,257,3,0,5,8,False,47,0,25.67,5,15467,https://tex.stackexchange.com/questions/104506/expanding-arguments-before-macro-call
109451,23775,1571,registered,0,0,0,False,100.0,"tex-core, warnings",2,2013-04-18 19:51:27,False,79,0,0,7,0,True,47,0,180.95,3,2042,https://tex.stackexchange.com/questions/109451/why-when-should-i-pay-attention-to-warnings
117745,30373,625,registered,0,0,0,False,,"bibtex, urls, ieee-style",3,2013-06-05 15:22:33,False,133,3,1,5,0,False,47,0,151067.33,1,191323,https://tex.stackexchange.com/questions/117745/bibtex-display-url-in-reference
122934,27721,2689,registered,0,0,0,False,50.0,"graphics, horizontal-alignment, header-footer, fancyhdr",4,2013-07-07 16:27:59,True,50,1,0,14,2,True,47,0,9.03,2,142761,https://tex.stackexchange.com/questions/122934/how-to-add-a-picture-to-fancyhdr-header-and-align-in-the-top-right
127050,53999,621,registered,0,0,0,True,,"tables, vertical-alignment",2,2013-08-06 20:47:28,True,116,1,0,7,0,False,47,1,,3,180122,https://tex.stackexchange.com/questions/127050/vertically-align-text-in-table-in-latex
145838,15874,32675,registered,0,0,0,True,100.0,"best-practices, chemistry",2,2013-11-19 19:10:23,False,51,0,1,3,0,False,47,1,,1,47884,https://tex.stackexchange.com/questions/145838/typesetting-chemical-formulas
153957,42607,791,registered,0,0,0,True,100.0,tikz-pgf,1,2014-01-14 06:38:53,True,253,1,0,5,0,False,47,0,2582141.03,5,87147,https://tex.stackexchange.com/questions/153957/drawing-neural-network-with-tikz
164700,47671,965,registered,0,0,0,True,,"titles, abstract",2,2014-03-10 12:28:26,False,231,1,0,8,0,False,47,3,,2,398336,https://tex.stackexchange.com/questions/164700/title-abstract-and-text-beginning-on-same-page
167380,42792,633,registered,0,0,0,True,,"cross-referencing, footnotes",2,2014-03-24 11:55:53,False,33,2,0,6,0,True,47,1,2488691.77,2,48922,https://tex.stackexchange.com/questions/167380/how-to-refer-to-a-footnote
167892,48715,571,registered,0,0,0,True,,math-mode,1,2014-03-26 23:14:49,False,43,0,0,4,0,False,47,3,,2,458154,https://tex.stackexchange.com/questions/167892/square-root-radical-sign
177000,24648,993,registered,0,0,0,False,86.0,"math-mode, symbols, accents",3,2014-05-13 20:11:42,False,116,0,0,3,0,False,47,3,1568726.53,4,88479,https://tex.stackexchange.com/questions/177000/math-mode-accents
180325,30558,1841,registered,0,0,0,False,89.0,"equations, amsmath, framed",3,2014-05-25 23:08:50,True,20,1,0,4,0,False,47,0,44.42,4,113801,https://tex.stackexchange.com/questions/180325/boxed-equation-with-number
196368,41012,623,registered,0,0,0,False,,"tikz-pgf, pgfplots, python, matplotlib",4,2014-08-14 15:38:03,False,103,0,1,4,0,False,47,1,3203.07,1,32974,https://tex.stackexchange.com/questions/196368/matplotlibs-pgf-vs-tikzplotlib
200151,15360,2930,registered,0,0,0,False,88.0,beamer,1,2014-09-08 15:47:11,False,44,1,0,4,0,False,47,2,,1,36851,https://tex.stackexchange.com/questions/200151/remove-frame-from-presentation
256952,29161,2765,registered,0,0,0,False,62.0,"pdftex, luatex, pdf, pdf-a, hyperxmp",5,2015-07-25 08:22:16,False,124,2,0,10,0,True,47,0,2473364.92,2,2747,https://tex.stackexchange.com/questions/256952/why-do-pdf-files-produced-by-pdflatex-not-pass-validation
272607,88709,573,registered,0,0,0,False,,"fonts, document-classes, article",3,2015-10-12 22:00:39,False,104,0,0,15,0,True,47,6,15.62,2,133942,https://tex.stackexchange.com/questions/272607/what-is-the-name-of-latexs-default-style-and-why-was-it-chosen-for-latex
297265,95001,743,registered,0,0,0,False,,sectioning,1,2016-03-04 10:49:09,False,55,2,0,3,3,False,47,3,1708129.27,4,125339,https://tex.stackexchange.com/questions/297265/remove-sections-numbering
300098,38907,707,registered,0,0,0,False,,"tikz-pgf, diagrams, nodes",3,2016-03-21 13:35:45,True,88,1,1,8,0,False,47,4,2328641.67,6,76367,https://tex.stackexchange.com/questions/300098/draw-a-node-as-a-square-with-tikz
327779,7628,535,registered,0,0,0,False,,matrices,1,2016-09-03 14:34:45,True,15,0,1,6,0,True,47,1,7.35,2,169133,https://tex.stackexchange.com/questions/327779/how-to-draw-matrix-with-dots
377526,124323,2735,registered,0,0,0,True,100.0,"editors, tex-general, ide",3,2017-06-30 12:55:34,False,70,0,4,6,0,False,47,0,101.68,3,103530,https://tex.stackexchange.com/questions/377526/visual-studio-code-as-latex-ide
430445,151941,607,registered,0,0,0,False,,"math-mode, symbols",2,2018-05-07 14:31:52,True,33,0,2,12,0,True,47,5,1360516.5,4,127587,https://tex.stackexchange.com/questions/430445/how-to-make-an-old-school-much-less-greater-and-symbol
48,77,8013,registered,0,0,0,False,100.0,"macros, programming, math-operators",3,2010-07-26 22:46:01,False,51,1,0,10,0,True,46,0,970.12,8,4156,https://tex.stackexchange.com/questions/48/how-can-i-specify-a-long-list-of-math-operators
801,14,28103,registered,0,0,0,False,100.0,"margins, framed",2,2010-08-02 03:41:58,False,66,0,1,13,0,True,46,0,4840144.47,7,104593,https://tex.stackexchange.com/questions/801/what-is-the-easiest-way-to-get-borders-around-a-page-in-latex
1952,32,22644,registered,0,0,0,False,86.0,"tikz-pgf, publishing, journal-publishing",3,2010-08-18 17:26:31,False,149,0,1,5,0,False,46,0,,4,7642,https://tex.stackexchange.com/questions/1952/using-tikz-in-journal-articles
2320,984,645,registered,0,0,0,False,,"math-mode, units, siunitx",3,2010-08-25 22:37:45,False,61,1,0,3,0,False,46,0,,1,62985,https://tex.stackexchange.com/questions/2320/siunitx-scientific-notation
3223,1228,563,registered,0,0,0,True,,"math-mode, subscripts",2,2010-09-18 16:29:10,True,87,1,0,4,0,False,46,0,,4,20522,https://tex.stackexchange.com/questions/3223/subscripts-for-primed-variables
5718,Unknown,0,does_not_exist,0,0,0,True,,tikz-pgf,1,2010-11-21 01:04:00,False,36,0,0,4,0,False,46,0,1049095.5,8,65917,https://tex.stackexchange.com/questions/5718/package-for-pie-charts
8029,2738,463,unregistered,0,0,0,False,,semantics,1,2010-12-31 16:20:17,False,153,0,0,9,0,True,46,0,,4,2048,https://tex.stackexchange.com/questions/8029/do-semantics-matter-in-latex-if-not-why-not
10372,3372,1218,registered,0,0,0,False,100.0,"line-breaking, verbatim",2,2011-02-06 04:06:49,False,193,1,2,6,0,False,46,0,49.18,1,106928,https://tex.stackexchange.com/questions/10372/in-line-verb-overfull-hbox-problem
10941,3540,967,registered,0,0,0,False,,"fonts, symbols",2,2011-02-12 22:22:57,False,20,0,1,3,0,False,46,0,31.68,8,25641,https://tex.stackexchange.com/questions/10941/free-ornaments-font
11211,215,76886,registered,0,0,0,False,98.0,"beamer, framed",2,2011-02-16 15:30:09,False,97,0,0,7,0,True,46,0,6063677.6,5,41181,https://tex.stackexchange.com/questions/11211/can-i-have-framed-blocks-in-beamer
13069,4091,925,registered,0,0,0,False,60.0,"color, punctuation, characters, hebrew",4,2011-03-09 18:53:16,True,291,0,2,10,0,False,46,0,12658.47,5,4153,https://tex.stackexchange.com/questions/13069/coloring-combining-characters-without-changing-color-of-a-base-character
13449,1236,5346,registered,0,0,0,False,100.0,margins,1,2011-03-14 23:21:49,True,58,1,0,6,0,False,46,0,,2,173340,https://tex.stackexchange.com/questions/13449/change-textwidth-and-textheight-in-mid-document
14304,3864,3523,registered,0,0,0,False,96.0,"symbols, amsmath",2,2011-03-26 18:21:20,True,37,0,0,4,0,False,46,0,,1,43188,https://tex.stackexchange.com/questions/14304/varnothing-undefined-control-sequence
15951,4933,461,registered,0,0,0,False,,"hyperref, biblatex",2,2011-04-16 14:24:46,False,86,0,1,7,0,False,46,1,,1,16113,https://tex.stackexchange.com/questions/15951/hyperlink-name-with-biblatex-authoryear-biblatex-1-4b
17517,1998,6330,registered,0,0,0,False,93.0,"pgfplots, gnuplot, plot",3,2011-05-06 00:27:56,False,65,0,1,9,0,False,46,0,,4,33655,https://tex.stackexchange.com/questions/17517/fill-the-area-between-two-curves-calculated-by-pgfplots
18828,5685,483,unregistered,0,0,0,False,,"beamer, header-footer",2,2011-05-23 04:16:00,False,42,1,0,11,0,False,46,0,4729847.62,3,61879,https://tex.stackexchange.com/questions/18828/how-to-remove-footline-on-the-title-page-of-beamer-slides
24439,6662,1893,registered,0,0,0,False,88.0,"sectioning, numbering, punctuation",3,2011-07-29 22:19:21,False,46,0,0,9,0,True,46,0,16.32,5,76056,https://tex.stackexchange.com/questions/24439/how-to-add-a-dot-after-the-section-number
31031,4011,30293,registered,0,0,0,False,72.0,beamer,1,2011-10-09 18:28:42,False,56,0,0,6,0,False,46,0,,3,28310,https://tex.stackexchange.com/questions/31031/beamer-repeat-variations-of-a-frame
31398,1940,15343,registered,0,0,0,False,80.0,"tikz-pgf, intersections",2,2011-10-13 00:13:17,True,47,1,0,5,0,False,46,0,,4,56704,https://tex.stackexchange.com/questions/31398/tikz-intersection-of-two-lines
33007,8919,563,registered,0,0,0,False,,"floats, header-footer, page-numbering",3,2011-10-29 03:01:18,False,100,1,0,13,3,True,46,0,,4,15980,https://tex.stackexchange.com/questions/33007/suppress-page-number-for-a-single-page-that-only-contains-one-large-table
33979,9108,461,unregistered,0,0,0,False,,"line-breaking, indentation, algorithms",3,2011-11-07 18:05:29,True,80,1,0,9,2,False,46,0,,5,83114,https://tex.stackexchange.com/questions/33979/include-a-line-break-in-algorithmic-while-maintaining-indentation
35279,7981,900,registered,0,0,0,False,,"biblatex, biber, subdividing",3,2011-11-18 13:19:17,False,154,0,0,8,0,False,46,0,,3,12113,https://tex.stackexchange.com/questions/35279/biblatex-multiple-bibliographies-categorised-by-different-bib-files
37168,8918,13935,registered,0,0,0,False,88.0,"math-mode, best-practices",2,2011-12-05 12:18:03,False,76,0,0,5,0,True,46,0,3511512.0,5,8877,https://tex.stackexchange.com/questions/37168/when-to-use-math-mode
37189,9813,461,unregistered,0,0,0,False,,"sectioning, numbering",2,2011-12-05 16:40:09,False,102,2,0,7,0,False,46,0,29.65,3,107230,https://tex.stackexchange.com/questions/37189/number-subsections-and-subsubsections-but-not-sections
37709,3144,101208,registered,0,0,0,False,86.0,"tikz-pgf, conditionals, nodes",3,2011-12-09 15:37:41,False,52,0,0,10,0,True,46,0,,1,1590,https://tex.stackexchange.com/questions/37709/how-can-i-know-if-a-node-is-already-defined
39390,9757,30704,registered,0,0,0,False,99.0,"spacing, subscripts",2,2011-12-27 02:41:00,False,86,0,0,10,0,False,46,1,,3,128452,https://tex.stackexchange.com/questions/39390/writing-a-limit-so-that-the-subscript-goes-directly-underneath
39826,97,5775,registered,0,0,0,False,100.0,tikz-pgf,1,2012-01-02 13:23:58,False,30,2,0,4,0,False,46,0,,2,27061,https://tex.stackexchange.com/questions/39826/shift-line-connecting-anchors
41721,215,76886,registered,0,0,0,False,98.0,"tikz-pgf, pgfkeys",2,2012-01-20 14:04:16,False,219,1,0,8,0,False,46,0,,1,8042,https://tex.stackexchange.com/questions/41721/optional-arguments-to-tikzpicture-to-set-style-globally
41880,10529,1655,unregistered,0,0,0,False,78.0,"tables, captions",2,2012-01-22 12:13:16,False,37,1,0,6,0,False,46,0,5178274.05,2,78497,https://tex.stackexchange.com/questions/41880/table-caption-without-the-word-table
42234,243,38305,registered,0,0,0,False,91.0,distributions,1,2012-01-25 12:12:22,False,47,0,3,3,0,True,46,0,,2,3621,https://tex.stackexchange.com/questions/42234/what-is-kertex
44280,11715,755,registered,0,0,0,False,,"header-footer, titles",2,2012-02-12 13:35:44,False,469,1,0,9,0,False,46,0,,1,27873,https://tex.stackexchange.com/questions/44280/pagestyleempty-doesnt-seem-to-work-for-page-with-maketitle
45256,8434,727,registered,0,0,0,False,,"fonts, pdf, illustrator",3,2012-02-21 11:28:07,False,214,1,0,15,0,False,46,2,6842707.8,3,23056,https://tex.stackexchange.com/questions/45256/how-do-i-edit-pdf-files-produced-by-latex-in-illustrator-fonts-are-not-found
45355,11976,601,registered,0,0,0,False,,"numbering, theorems",2,2012-02-22 03:10:43,False,130,2,0,5,0,False,46,0,,2,69955,https://tex.stackexchange.com/questions/45355/theorem-numbering-as-chapter-section-subsection-theorem-number
48195,7844,10779,registered,0,0,0,False,95.0,"macros, package-writing, naming, documentclass-writing",4,2012-03-16 00:40:00,False,48,2,0,4,0,True,46,0,159.85,1,4074,https://tex.stackexchange.com/questions/48195/macro-naming-best-practice
48403,7844,10779,registered,0,0,0,False,95.0,examples,1,2012-03-17 22:16:13,False,31,0,1,11,0,True,46,0,,4,37217,https://tex.stackexchange.com/questions/48403/is-there-an-equivalent-of-lipsum-for-shorter-sections-of-text
49741,13047,962,registered,0,0,0,False,100.0,"math-mode, align",2,2012-03-28 03:52:32,False,64,2,0,8,0,False,46,0,,1,215753,https://tex.stackexchange.com/questions/49741/getting-arguments-underneath-min-in-an-align-environment
50810,13301,1021,registered,0,0,0,False,83.0,"fonts, typewriter",2,2012-04-05 08:32:27,False,65,0,0,7,0,True,46,2,,2,83405,https://tex.stackexchange.com/questions/50810/good-monospace-font-for-code-in-latex
52529,2141,2251,registered,0,0,0,False,40.0,punctuation,1,2012-04-19 11:32:22,False,142,2,0,2,0,True,46,2,21.95,5,48739,https://tex.stackexchange.com/questions/52529/straight-quotes
53247,13922,797,registered,0,0,0,False,,"biblatex, biber",2,2012-04-25 13:06:45,False,160,0,0,5,0,True,46,0,325.98,1,7177,https://tex.stackexchange.com/questions/53247/why-is-biber-so-slow
57717,15059,561,registered,0,0,0,False,,mathml,1,2012-05-29 11:40:22,False,192,0,0,5,0,False,46,0,,5,22527,https://tex.stackexchange.com/questions/57717/relationship-between-mathml-and-tex
59108,9100,1236,registered,0,0,0,True,83.0,"math-mode, delimiters",2,2012-06-08 22:19:26,True,91,2,0,3,0,False,46,0,,4,53020,https://tex.stackexchange.com/questions/59108/latex-nice-abs
64420,16885,561,registered,0,0,0,False,,symbols,1,2012-07-23 21:10:20,False,59,0,1,6,0,False,46,3,,1,237849,https://tex.stackexchange.com/questions/64420/name-of-logical-negation-symbol-%c2%ac
65127,17049,16476,registered,0,0,0,False,86.0,"spacing, rules, arrays",3,2012-07-29 16:13:06,True,67,2,0,15,1,False,46,1,35.0,4,73073,https://tex.stackexchange.com/questions/65127/extra-vertical-space-after-hline-causes-a-gap-in-the-right-border-of-an-array
75667,19263,1265,registered,0,0,0,False,71.0,"color, lyx",2,2012-10-07 09:58:04,True,71,0,0,6,0,False,46,1,,2,123306,https://tex.stackexchange.com/questions/75667/change-colour-on-chapter-section-headings-lyx
79395,18148,603,registered,0,0,0,True,,"hyperref, option-clash",2,2012-10-28 12:24:47,False,81,1,0,5,2,False,46,0,,2,45109,https://tex.stackexchange.com/questions/79395/option-clash-for-hyperref-package
79420,17881,687,registered,0,0,0,False,,"beamer, fonts, xetex",3,2012-10-28 16:06:11,False,48,0,0,5,0,False,46,0,5125467.88,2,130854,https://tex.stackexchange.com/questions/79420/changing-font-style-using-beamer
80418,412,23548,registered,0,0,0,False,77.0,"tikz-pgf, big-list",2,2012-11-04 20:46:40,False,148,0,5,4,0,False,46,3,1106978.57,6,57457,https://tex.stackexchange.com/questions/80418/list-of-tikz-editor
80443,16301,767,registered,0,0,0,True,60.0,"tables, captions, languages, babel, naming",5,2012-11-05 02:02:13,False,60,0,0,7,0,False,46,0,4651942.97,6,83221,https://tex.stackexchange.com/questions/80443/change-the-word-table-in-table-captions
82570,22103,642,registered,0,0,0,False,,"bibliographies, bibtex, citing",3,2012-11-13 16:17:06,False,63,0,1,15,0,True,46,0,3984553.7,4,152754,https://tex.stackexchange.com/questions/82570/how-to-make-citations-appear-within-square-brackets-instead-of-parentheses
86350,243,38305,registered,0,0,0,False,91.0,"graphics, pdftex, conditionals, scaling",4,2012-12-10 12:06:09,False,60,0,0,3,0,False,46,1,,3,23054,https://tex.stackexchange.com/questions/86350/includegraphics-maximum-width
87617,21591,19664,registered,0,0,0,False,91.0,"page-numbering, counters, fun, triskaidekaphobia",4,2012-12-19 14:29:00,False,54,0,0,5,0,True,46,0,,3,2098,https://tex.stackexchange.com/questions/87617/how-to-suppress-page-13
95600,25086,1111,registered,0,0,0,False,67.0,"tex4ht, svg, pandoc, mathml, ipad",5,2013-01-27 21:09:12,False,250,0,0,10,0,False,46,3,,5,14326,https://tex.stackexchange.com/questions/95600/recommended-workflow-latex-epub-with-math-viewable-on-ipad
96993,13190,9441,registered,0,0,0,False,64.0,fonts,1,2013-02-06 09:32:29,False,67,2,0,6,0,False,46,0,4745312.6,3,143442,https://tex.stackexchange.com/questions/96993/how-to-use-the-calibri-font
102052,26211,889,registered,0,0,0,False,71.0,"spacing, multicol",2,2013-03-12 05:28:10,False,110,1,0,13,2,False,46,0,,1,81468,https://tex.stackexchange.com/questions/102052/how-to-change-spacing-between-columns-for-just-one-page-in-the-document
108690,19287,13647,registered,0,0,0,True,94.0,"errors, compiling",2,2013-04-14 16:51:44,False,195,0,1,5,0,True,46,1,,2,2040,https://tex.stackexchange.com/questions/108690/static-analysis-of-latex-documents
109206,29182,461,unregistered,0,0,0,False,,"tables, multirow, multicolumn",3,2013-04-17 14:40:24,False,116,2,0,2,0,False,46,1,6.73,2,95695,https://tex.stackexchange.com/questions/109206/misplaced-noalign
115554,3190,7612,registered,0,0,0,True,93.0,"tikz-pgf, rotating",2,2013-05-22 15:15:44,True,64,1,0,6,0,False,46,0,,2,63067,https://tex.stackexchange.com/questions/115554/how-to-rotate-a-tikz-label
117151,31594,1399,registered,0,0,0,True,60.0,sectioning,1,2013-06-01 18:35:29,False,20,1,0,6,0,False,46,0,,2,160758,https://tex.stackexchange.com/questions/117151/undefined-control-sequence-and-chapter-error
119759,30997,563,registered,0,0,0,False,,"installing, texlive, sourcecode",3,2013-06-18 17:21:58,False,107,0,1,7,0,True,46,3,13.18,5,28294,https://tex.stackexchange.com/questions/119759/why-cant-tex-lives-size-be-reduced
122747,25683,6799,registered,0,0,0,False,93.0,pgfplots,1,2013-07-06 13:43:19,False,108,1,0,12,5,True,46,0,,2,52743,https://tex.stackexchange.com/questions/122747/how-can-i-adjust-the-position-of-xlabel-and-ylabel-with-pgfplots
132321,36400,670,registered,0,0,0,False,,symbols,1,2013-09-09 04:06:12,False,31,0,1,6,0,False,46,0,4424489.6,10,15181,https://tex.stackexchange.com/questions/132321/generate-analog-clock-with-numbered-face
133317,8918,13935,registered,0,0,0,False,88.0,"plain-tex, calculations",2,2013-09-14 17:47:44,False,211,1,0,10,10,True,46,0,,5,33886,https://tex.stackexchange.com/questions/133317/how-to-add-subtract-multiply-and-divide-in-plain-tex
144490,40885,461,unregistered,0,0,0,False,,superscripts,1,2013-11-11 23:26:35,False,47,0,0,11,0,True,46,0,,7,8773,https://tex.stackexchange.com/questions/144490/how-do-i-typeset-a-tenfold-powering-a-tower-of-powers-with-latex
148740,42315,5616,registered,0,0,0,True,93.0,math-mode,1,2013-12-06 21:57:32,False,345,0,1,3,0,True,46,0,180.62,2,11059,https://tex.stackexchange.com/questions/148740/what-is-mathchoice
154521,3391,16799,registered,0,0,0,False,77.0,"beamer, overlays",2,2014-01-17 09:18:27,False,585,3,0,5,0,True,46,0,,1,10603,https://tex.stackexchange.com/questions/154521/relative-overlay-specification-in-beamer
164446,45353,607,registered,0,0,0,False,,best-practices,1,2014-03-08 20:47:13,False,85,1,1,6,0,True,46,0,,2,70676,https://tex.stackexchange.com/questions/164446/how-to-typeset-a-file-path
166263,72055,595,registered,0,0,0,True,,tables,1,2014-03-15 19:25:43,True,143,1,0,5,0,False,46,0,5033024.05,2,333414,https://tex.stackexchange.com/questions/166263/drawing-multicolumn-table-in-latex
166772,44490,675,registered,0,0,0,False,50.0,"tikz-pgf, babel",2,2014-03-21 01:04:46,False,57,1,0,7,0,False,46,1,,4,19594,https://tex.stackexchange.com/questions/166772/problem-with-babel-and-tikz-using-draw
173621,49114,923,registered,0,0,0,False,,"biblatex, bibtex",2,2014-04-26 19:36:31,False,25,0,0,8,0,True,46,0,2372754.32,8,49213,https://tex.stackexchange.com/questions/173621/how-to-validate-check-a-biblatex-bib-file
179926,52286,633,registered,0,0,0,False,,"line-breaking, pdf, pandoc, markdown",4,2014-05-23 12:42:02,False,68,1,0,14,0,False,46,3,1080715.1,5,39908,https://tex.stackexchange.com/questions/179926/pandoc-markdown-to-pdf-without-cutting-off-code-block-lines-that-are-too-long
182950,52486,2505,registered,0,0,0,False,84.0,"math-mode, equations, braces",3,2014-06-03 17:13:28,False,13,1,0,8,0,False,46,3,,1,58613,https://tex.stackexchange.com/questions/182950/you-cant-use-eqno-in-math-mode
186512,4708,697,registered,0,0,0,False,,"computer-modern, knuth, tex-history",3,2014-06-25 11:00:32,False,40,0,0,8,0,True,46,1,405.27,1,5427,https://tex.stackexchange.com/questions/186512/did-knuth-actually-design-the-computer-modern-font
192692,35994,583,registered,0,0,0,True,,tex-history,1,2014-07-22 18:34:24,True,102,0,0,10,0,True,46,8,,3,94854,https://tex.stackexchange.com/questions/192692/why-does-amsmath-use-fraktur-for-real-and-imaginary-parts
204838,45524,4854,registered,0,0,0,True,89.0,"tables, arrays",2,2014-10-06 22:57:32,False,21,0,0,6,0,False,46,6,,2,26344,https://tex.stackexchange.com/questions/204838/difference-between-tabular-and-array-environment
212710,17237,1955,registered,0,0,0,False,93.0,spacing,1,2014-11-18 10:21:08,False,88,0,0,8,0,False,46,2,,3,47467,https://tex.stackexchange.com/questions/212710/fill-space-created-by-phantom-with-other-text
213075,29192,1804,registered,0,0,0,True,86.0,tikz-pgf,1,2014-11-20 13:41:51,True,313,1,0,5,3,False,46,0,3864468.07,4,92100,https://tex.stackexchange.com/questions/213075/two-tikzpictures-side-by-side
227833,13362,2885,registered,0,0,0,False,79.0,"graphics, captions, citing, apa-style",4,2015-02-12 22:24:37,False,121,1,0,5,0,False,46,7,68.98,3,137143,https://tex.stackexchange.com/questions/227833/cite-references-in-figure-caption
291627,69901,3671,registered,0,0,0,False,73.0,"tikz-pgf, animations",2,2016-02-07 14:18:25,True,53,1,1,7,0,False,46,0,1431283.68,3,13387,https://tex.stackexchange.com/questions/291627/draw-an-animated-gif-of-trigonometry-function
303417,4363,6156,registered,0,0,0,False,94.0,"xetex, pdftex, luatex, updating, latex-misc",5,2016-04-09 22:41:40,False,118,0,1,15,0,False,46,2,,6,1461,https://tex.stackexchange.com/questions/303417/what-have-been-the-most-important-changes-to-latex-in-the-last-five-years-2011
306613,104236,563,registered,0,0,0,True,,"table-of-contents, hyperref",2,2016-04-27 12:45:17,False,77,1,1,14,0,True,46,0,,1,64759,https://tex.stackexchange.com/questions/306613/how-to-change-the-color-of-only-table-of-contents-from-red-to-black
311213,13792,2447,registered,0,0,0,False,68.0,tikz-pgf,1,2016-05-24 17:36:01,False,105,0,0,6,0,True,46,0,,1,18191,https://tex.stackexchange.com/questions/311213/how-does-the-shorten-option-work
332307,106612,1749,registered,0,0,0,True,75.0,texstudio,1,2016-10-03 01:30:41,True,150,0,3,9,0,False,46,11,1039057.02,4,12356,https://tex.stackexchange.com/questions/332307/how-to-turn-off-the-yellow-duck-in-texstudio
338009,105869,1537,registered,0,0,0,True,84.0,tables,1,2016-11-07 20:46:32,False,102,0,1,7,0,False,46,0,,1,44281,https://tex.stackexchange.com/questions/338009/right-alignment-for-plength-box-in-tabular
383678,52398,1931,registered,0,0,0,False,,"bibtex, pdf, urls, links, underscore",5,2017-07-28 13:42:42,False,140,1,0,4,0,False,46,6,4269.03,5,56945,https://tex.stackexchange.com/questions/383678/underscore-in-bibtex-url
473287,Unknown,0,does_not_exist,0,0,0,True,,"tikz-pgf, pstricks, asymptote, fun, tikzlings",5,2019-02-04 10:52:29,True,607,1,6,11,27,True,46,6,254.38,14,9316,https://tex.stackexchange.com/questions/473287/welcoming-2019-lunar-new-year-how-to-draw-a-lovely-pig
516029,120638,563,registered,0,0,0,False,,"media9, video",2,2019-11-11 23:14:56,False,36,0,0,13,0,True,46,3,816.37,3,37107,https://tex.stackexchange.com/questions/516029/media9-is-becoming-obsolete-dec-2020-any-alternatives-for-embedding-video-audio
681482,19809,15025,registered,0,0,0,False,93.0,"loops, fun",2,2023-04-01 10:31:42,False,144,1,0,6,10,True,46,7,64.2,9,2894,https://tex.stackexchange.com/questions/681482/how-to-make-an-egreg-command
1943,874,651,registered,0,0,0,False,,"tikz-pgf, diagrams, grids",3,2010-08-18 15:34:51,True,14,0,0,7,0,True,45,0,4675803.27,10,11670,https://tex.stackexchange.com/questions/1943/how-to-draw-triangular-grid-in-tikz
1989,3860,7605,registered,0,0,0,False,69.0,"compiling, include",2,2010-08-18 22:29:19,False,125,0,0,7,0,True,45,1,6221896.02,3,9875,https://tex.stackexchange.com/questions/1989/speed-up-compilation-by-pre-compiling-chapters-separately
2072,151,7728,registered,0,0,0,False,88.0,"beamer, navigation, mini-frames",3,2010-08-20 11:02:27,False,107,0,0,5,0,True,45,1,,5,27682,https://tex.stackexchange.com/questions/2072/beamer-navigation-circles-without-subsections
2872,1057,1671,registered,0,0,0,False,83.0,"pdf, conversion, eps",3,2010-09-08 04:38:33,False,158,2,0,9,9,True,45,1,,3,82457,https://tex.stackexchange.com/questions/2872/what-are-good-ways-to-convert-eps-to-pdf
3930,929,12622,registered,0,0,0,False,83.0,"tables, floats, rotating, landscape",4,2010-10-08 23:10:23,False,116,2,1,8,0,True,45,0,,3,79322,https://tex.stackexchange.com/questions/3930/how-to-rotate-landscape-table-page-in-pdf
4397,1549,974,registered,0,0,0,False,100.0,"pdftex, ligatures, libertine, copy-paste",4,2010-10-21 19:30:33,False,218,0,1,8,0,False,45,0,,1,5157,https://tex.stackexchange.com/questions/4397/make-ligatures-in-linux-libertine-copyable-and-searchable
5211,223,16338,registered,0,0,0,False,78.0,"macros, optional-arguments",2,2010-11-11 11:41:49,False,67,1,0,12,0,True,45,2,,5,6970,https://tex.stackexchange.com/questions/5211/how-can-i-use-one-argument-as-the-default-value-for-another
7011,1989,659,unregistered,0,0,0,False,,"pgfplots, legend",2,2010-12-13 05:01:28,False,74,1,0,6,0,False,45,1,,1,26041,https://tex.stackexchange.com/questions/7011/removing-legend-box-border-in-pgfplots
7300,2244,3049,registered,0,0,0,False,100.0,symbols,1,2010-12-17 18:44:38,False,77,0,0,3,0,False,45,1,,3,112785,https://tex.stackexchange.com/questions/7300/vertically-centered-dot
10391,298,11956,registered,0,0,0,False,98.0,"fonts, embedding",2,2011-02-06 15:35:16,False,140,1,1,9,0,False,45,0,,3,54522,https://tex.stackexchange.com/questions/10391/how-to-embed-fonts-at-compile-time-with-pdflatex
13675,2042,5029,registered,0,0,0,False,100.0,graphs,1,2011-03-16 23:40:51,False,45,0,0,4,0,False,45,1,3279716.23,6,38040,https://tex.stackexchange.com/questions/13675/use-graphviz-within-tex
13715,4291,2451,registered,0,0,0,False,91.0,"line-breaking, warnings",2,2011-03-17 12:01:56,False,22,0,0,10,0,True,45,0,,1,22471,https://tex.stackexchange.com/questions/13715/how-to-suppress-overfull-hbox-warnings-up-to-some-maximum
15010,2381,765,registered,0,0,0,False,,"macros, vector",2,2011-04-05 15:48:44,False,69,0,0,8,0,True,45,1,2163504.05,10,36751,https://tex.stackexchange.com/questions/15010/vecx-but-with-arrow-from-right-to-left
15972,125,12662,registered,0,0,0,True,68.0,tikz-pgf,1,2011-04-17 03:07:31,False,102,0,0,14,0,True,45,0,1260511.02,7,16077,https://tex.stackexchange.com/questions/15972/whats-the-easiest-way-to-draw-the-arc-defined-by-three-points-in-tikz
17204,3670,3201,registered,0,0,0,True,93.0,"tikz-pgf, 3d",2,2011-05-02 21:47:30,True,161,1,0,9,0,False,45,0,,10,19897,https://tex.stackexchange.com/questions/17204/drawing-polyhedra-using-tikz-with-semi-transparent-and-shading-effect
17522,4139,641,registered,0,0,0,False,,"tikz-pgf, pgfmath",2,2011-05-06 03:21:52,True,109,1,0,4,0,False,45,0,3942258.93,11,20077,https://tex.stackexchange.com/questions/17522/pascals-triangle-in-tikz
